Country,discipline,Time_Interval,Papers
Afghanistan,Arts,2003-2007,1.0
Afghanistan,Biology,1973-1977,3.833333333333332
Afghanistan,Biology,1978-1982,7.166666666666666
Afghanistan,Biology,1983-1987,5.333333333333333
Afghanistan,Biology,1988-1992,0.5
Afghanistan,Biology,2003-2007,2.166666666666666
Afghanistan,Biology,2008-2012,7.916666666666658
Afghanistan,Biology,2013-2017,6.646825396825384
Afghanistan,Biomedical Research,1973-1977,3.15
Afghanistan,Biomedical Research,1978-1982,3.583333333333326
Afghanistan,Biomedical Research,1983-1987,1.0
Afghanistan,Biomedical Research,1988-1992,0.333333333333333
Afghanistan,Biomedical Research,1993-1997,1.0
Afghanistan,Biomedical Research,2003-2007,0.428571428571428
Afghanistan,Biomedical Research,2008-2012,3.272023809523808
Afghanistan,Biomedical Research,2013-2017,6.121398046398039
Afghanistan,Chemistry,1978-1982,1.0
Afghanistan,Chemistry,1988-1992,0.5
Afghanistan,Chemistry,2008-2012,0.5
Afghanistan,Chemistry,2013-2017,2.498484848484844
Afghanistan,Clinical Medicine,1973-1977,14.916666666666666
Afghanistan,Clinical Medicine,1978-1982,14.0
Afghanistan,Clinical Medicine,1983-1987,10.0
Afghanistan,Clinical Medicine,1988-1992,8.0
Afghanistan,Clinical Medicine,1998-2002,1.166666666666666
Afghanistan,Clinical Medicine,2003-2007,11.616666666666639
Afghanistan,Clinical Medicine,2008-2012,44.777380952380895
Afghanistan,Clinical Medicine,2013-2017,46.27389791437642
Afghanistan,Earth and Space,1973-1977,1.5
Afghanistan,Earth and Space,1978-1982,1.0
Afghanistan,Earth and Space,2003-2007,0.833333333333333
Afghanistan,Earth and Space,2008-2012,2.111111111111111
Afghanistan,Earth and Space,2013-2017,2.519047619047618
Afghanistan,Engineering and Technology,1973-1977,0.5
Afghanistan,Engineering and Technology,1988-1992,0.333333333333333
Afghanistan,Engineering and Technology,2003-2007,0.5
Afghanistan,Engineering and Technology,2008-2012,0.833333333333333
Afghanistan,Engineering and Technology,2013-2017,1.616666666666666
Afghanistan,Health,2003-2007,1.166666666666666
Afghanistan,Health,2008-2012,7.709523809523807
Afghanistan,Health,2013-2017,28.253626737771548
Afghanistan,Humanities,2008-2012,2.0
Afghanistan,Humanities,2013-2017,1.833333333333333
Afghanistan,Mathematics,1973-1977,1.5
Afghanistan,Mathematics,1978-1982,3.0
Afghanistan,Mathematics,2013-2017,1.0
Afghanistan,Physics,1973-1977,2.0
Afghanistan,Physics,2008-2012,0.166666666666666
Afghanistan,Professional Fields,1998-2002,0.666666666666666
Afghanistan,Professional Fields,2003-2007,1.0
Afghanistan,Professional Fields,2008-2012,2.833333333333333
Afghanistan,Professional Fields,2013-2017,4.7333333333333325
Afghanistan,Psychology,2003-2007,1.0
Afghanistan,Psychology,2008-2012,0.25
Afghanistan,Psychology,2013-2017,0.5
Afghanistan,Social Sciences,1973-1977,1.833333333333333
Afghanistan,Social Sciences,1978-1982,2.0
Afghanistan,Social Sciences,2003-2007,3.4
Afghanistan,Social Sciences,2008-2012,9.0
Afghanistan,Social Sciences,2013-2017,7.066666666666665
Albania,Arts,1983-1987,1.0
Albania,Arts,2003-2007,1.5
Albania,Arts,2008-2012,0.8
Albania,Arts,2013-2017,0.142857142857142
Albania,Biology,1983-1987,0.5
Albania,Biology,1988-1992,1.0
Albania,Biology,1993-1997,12.24999999999999
Albania,Biology,1998-2002,11.616666666666662
Albania,Biology,2003-2007,8.922222222222217
Albania,Biology,2008-2012,30.430891330891278
Albania,Biology,2013-2017,48.93241762312717
Albania,Biomedical Research,1988-1992,1.142857142857142
Albania,Biomedical Research,1993-1997,4.292647058823522
Albania,Biomedical Research,1998-2002,6.426190476190476
Albania,Biomedical Research,2003-2007,9.66777798075751
Albania,Biomedical Research,2008-2012,19.81666666666665
Albania,Biomedical Research,2013-2017,27.421103711812616
Albania,Chemistry,1978-1982,0.833333333333333
Albania,Chemistry,1983-1987,1.166666666666666
Albania,Chemistry,1988-1992,17.733333333333334
Albania,Chemistry,1993-1997,15.333333333333307
Albania,Chemistry,1998-2002,18.249999999999975
Albania,Chemistry,2003-2007,4.166666666666662
Albania,Chemistry,2008-2012,22.416666666666664
Albania,Chemistry,2013-2017,21.5130952380952
Albania,Clinical Medicine,1978-1982,1.0
Albania,Clinical Medicine,1983-1987,5.833333333333333
Albania,Clinical Medicine,1988-1992,13.0
Albania,Clinical Medicine,1993-1997,22.25
Albania,Clinical Medicine,1998-2002,15.383333333333331
Albania,Clinical Medicine,2003-2007,21.97539682539681
Albania,Clinical Medicine,2008-2012,70.14269364529402
Albania,Clinical Medicine,2013-2017,118.70596836219727
Albania,Earth and Space,1978-1982,2.0
Albania,Earth and Space,1988-1992,7.56666666666666
Albania,Earth and Space,1993-1997,30.57424242424239
Albania,Earth and Space,1998-2002,22.3333333333333
Albania,Earth and Space,2003-2007,15.166666666666657
Albania,Earth and Space,2008-2012,114.05595238095208
Albania,Earth and Space,2013-2017,110.95187991325541
Albania,Engineering and Technology,1983-1987,0.5
Albania,Engineering and Technology,1988-1992,4.333333333333333
Albania,Engineering and Technology,1993-1997,6.1666666666666625
Albania,Engineering and Technology,1998-2002,12.583333333333329
Albania,Engineering and Technology,2003-2007,6.249999999999999
Albania,Engineering and Technology,2008-2012,25.49999999999998
Albania,Engineering and Technology,2013-2017,40.446825396825346
Albania,Health,1993-1997,0.666666666666666
Albania,Health,2003-2007,3.083333333333326
Albania,Health,2008-2012,5.759956709956691
Albania,Health,2013-2017,13.299999999999992
Albania,Humanities,1978-1982,1.0
Albania,Humanities,1998-2002,1.0
Albania,Humanities,2008-2012,1.0
Albania,Humanities,2013-2017,3.5
Albania,Mathematics,1978-1982,0.5
Albania,Mathematics,1983-1987,0.5
Albania,Mathematics,1988-1992,1.0
Albania,Mathematics,1998-2002,4.0
Albania,Mathematics,2003-2007,3.25
Albania,Mathematics,2008-2012,13.366666666666667
Albania,Mathematics,2013-2017,26.58333333333332
Albania,Physics,1988-1992,2.833333333333333
Albania,Physics,1993-1997,10.699999999999996
Albania,Physics,1998-2002,1.5
Albania,Physics,2003-2007,6.7047619047619
Albania,Physics,2008-2012,6.349999999999993
Albania,Physics,2013-2017,8.226190476190474
Albania,Professional Fields,1993-1997,1.0
Albania,Professional Fields,1998-2002,0.5
Albania,Professional Fields,2003-2007,0.666666666666666
Albania,Professional Fields,2008-2012,6.083333333333332
Albania,Professional Fields,2013-2017,13.016666666666662
Albania,Psychology,2003-2007,0.7714285714285714
Albania,Psychology,2008-2012,1.2099567099567088
Albania,Psychology,2013-2017,1.5854408749145574
Albania,Social Sciences,1983-1987,2.0
Albania,Social Sciences,1988-1992,1.5
Albania,Social Sciences,1993-1997,10.416666666666663
Albania,Social Sciences,1998-2002,5.83333333333333
Albania,Social Sciences,2003-2007,3.333333333333333
Albania,Social Sciences,2008-2012,18.94372294372292
Albania,Social Sciences,2013-2017,22.431792717086818
Algeria,Arts,1973-1977,1.0
Algeria,Arts,1983-1987,1.0
Algeria,Arts,1988-1992,1.0
Algeria,Arts,2008-2012,2.6
Algeria,Arts,2013-2017,3.5
Algeria,Biology,1973-1977,18.616666666666667
Algeria,Biology,1978-1982,40.91666666666666
Algeria,Biology,1983-1987,43.16666666666664
Algeria,Biology,1988-1992,53.249999999999964
Algeria,Biology,1993-1997,60.44999999999996
Algeria,Biology,1998-2002,81.72619047619041
Algeria,Biology,2003-2007,150.85476190476157
Algeria,Biology,2008-2012,341.2543903318895
Algeria,Biology,2013-2017,703.9363229082871
Algeria,Biomedical Research,1973-1977,34.58333333333324
Algeria,Biomedical Research,1978-1982,41.999999999999986
Algeria,Biomedical Research,1983-1987,31.99999999999997
Algeria,Biomedical Research,1988-1992,29.333333333333304
Algeria,Biomedical Research,1993-1997,46.00633533133531
Algeria,Biomedical Research,1998-2002,30.039415160003312
Algeria,Biomedical Research,2003-2007,88.7468721474603
Algeria,Biomedical Research,2008-2012,204.7226065601061
Algeria,Biomedical Research,2013-2017,301.14811551343354
Algeria,Chemistry,1973-1977,94.16666666666664
Algeria,Chemistry,1978-1982,59.72619047619045
Algeria,Chemistry,1983-1987,71.29090909090901
Algeria,Chemistry,1988-1992,113.28333333333322
Algeria,Chemistry,1993-1997,168.4249999999997
Algeria,Chemistry,1998-2002,231.79761904761858
Algeria,Chemistry,2003-2007,514.769884169883
Algeria,Chemistry,2008-2012,847.9837301587287
Algeria,Chemistry,2013-2017,1131.1265873015857
Algeria,Clinical Medicine,1973-1977,58.86666666666663
Algeria,Clinical Medicine,1978-1982,90.86666666666665
Algeria,Clinical Medicine,1983-1987,124.78376623376614
Algeria,Clinical Medicine,1988-1992,112.06320346320342
Algeria,Clinical Medicine,1993-1997,78.58993765338296
Algeria,Clinical Medicine,1998-2002,79.12460317460312
Algeria,Clinical Medicine,2003-2007,118.72950187067822
Algeria,Clinical Medicine,2008-2012,313.5622339626848
Algeria,Clinical Medicine,2013-2017,547.4081260445031
Algeria,Earth and Space,1973-1977,7.0
Algeria,Earth and Space,1978-1982,10.733333333333329
Algeria,Earth and Space,1983-1987,19.392857142857117
Algeria,Earth and Space,1988-1992,26.266666666666637
Algeria,Earth and Space,1993-1997,46.42619047619041
Algeria,Earth and Space,1998-2002,71.52012138188601
Algeria,Earth and Space,2003-2007,116.22092116820346
Algeria,Earth and Space,2008-2012,307.8314748976505
Algeria,Earth and Space,2013-2017,600.1717646034596
Algeria,Engineering and Technology,1973-1977,4.1666666666666625
Algeria,Engineering and Technology,1978-1982,10.0
Algeria,Engineering and Technology,1983-1987,38.99999999999999
Algeria,Engineering and Technology,1988-1992,74.0833333333333
Algeria,Engineering and Technology,1993-1997,163.03333333333296
Algeria,Engineering and Technology,1998-2002,380.9333333333322
Algeria,Engineering and Technology,2003-2007,946.9166666666647
Algeria,Engineering and Technology,2008-2012,2005.8111471861428
Algeria,Engineering and Technology,2013-2017,3950.9772727272607
Algeria,Health,1973-1977,2.5
Algeria,Health,1978-1982,1.0
Algeria,Health,1983-1987,1.0
Algeria,Health,1993-1997,0.499999999999999
Algeria,Health,1998-2002,0.5
Algeria,Health,2003-2007,3.8166666666666593
Algeria,Health,2008-2012,16.79166666666666
Algeria,Health,2013-2017,19.007575757575744
Algeria,Humanities,1973-1977,5.0
Algeria,Humanities,1978-1982,11.0
Algeria,Humanities,1983-1987,11.0
Algeria,Humanities,1988-1992,8.0
Algeria,Humanities,1993-1997,4.0
Algeria,Humanities,1998-2002,2.0
Algeria,Humanities,2003-2007,1.0
Algeria,Humanities,2008-2012,9.166666666666666
Algeria,Humanities,2013-2017,8.833333333333323
Algeria,Mathematics,1973-1977,8.49999999999999
Algeria,Mathematics,1978-1982,16.833333333333332
Algeria,Mathematics,1983-1987,30.58333333333333
Algeria,Mathematics,1988-1992,31.99999999999999
Algeria,Mathematics,1993-1997,42.66666666666664
Algeria,Mathematics,1998-2002,96.16666666666652
Algeria,Mathematics,2003-2007,266.0666666666661
Algeria,Mathematics,2008-2012,591.6785714285704
Algeria,Mathematics,2013-2017,813.3912698412689
Algeria,Physics,1973-1977,33.33333333333332
Algeria,Physics,1978-1982,43.083333333333314
Algeria,Physics,1983-1987,82.21666666666653
Algeria,Physics,1988-1992,139.95396825396807
Algeria,Physics,1993-1997,238.83697691197625
Algeria,Physics,1998-2002,378.69231411862876
Algeria,Physics,2003-2007,747.2104303104289
Algeria,Physics,2008-2012,1052.1040663300873
Algeria,Physics,2013-2017,1738.871792600344
Algeria,Professional Fields,1983-1987,1.333333333333333
Algeria,Professional Fields,1988-1992,8.166666666666663
Algeria,Professional Fields,1993-1997,2.833333333333333
Algeria,Professional Fields,1998-2002,5.0
Algeria,Professional Fields,2003-2007,6.83333333333332
Algeria,Professional Fields,2008-2012,27.699999999999978
Algeria,Professional Fields,2013-2017,51.58333333333329
Algeria,Psychology,1973-1977,1.0
Algeria,Psychology,1978-1982,1.33333333333333
Algeria,Psychology,1983-1987,2.0
Algeria,Psychology,1988-1992,2.2
Algeria,Psychology,1993-1997,1.0
Algeria,Psychology,1998-2002,2.0
Algeria,Psychology,2003-2007,0.0144927536231884
Algeria,Psychology,2008-2012,2.749999999999999
Algeria,Psychology,2013-2017,4.929411764705882
Algeria,Social Sciences,1973-1977,8.0
Algeria,Social Sciences,1978-1982,11.833333333333332
Algeria,Social Sciences,1983-1987,9.0
Algeria,Social Sciences,1988-1992,11.75
Algeria,Social Sciences,1993-1997,7.9761904761904745
Algeria,Social Sciences,1998-2002,4.166666666666666
Algeria,Social Sciences,2003-2007,9.033333333333319
Algeria,Social Sciences,2008-2012,21.18333333333332
Algeria,Social Sciences,2013-2017,28.813888888888876
Andorra,Biology,1998-2002,0.5
Andorra,Biology,2003-2007,1.0
Andorra,Biology,2008-2012,1.0
Andorra,Biology,2013-2017,2.283333333333333
Andorra,Biomedical Research,1993-1997,0.5
Andorra,Biomedical Research,1998-2002,0.25
Andorra,Biomedical Research,2013-2017,1.743589743589743
Andorra,Clinical Medicine,1988-1992,1.0
Andorra,Clinical Medicine,1993-1997,0.333333333333333
Andorra,Clinical Medicine,1998-2002,2.2
Andorra,Clinical Medicine,2003-2007,6.183333333333332
Andorra,Clinical Medicine,2008-2012,1.75
Andorra,Clinical Medicine,2013-2017,3.419162826420886
Andorra,Earth and Space,1998-2002,0.5
Andorra,Earth and Space,2003-2007,1.526190476190475
Andorra,Earth and Space,2008-2012,1.2499999999999996
Andorra,Earth and Space,2013-2017,3.2727213962508066
Andorra,Engineering and Technology,1998-2002,0.333333333333333
Andorra,Engineering and Technology,2008-2012,0.5
Andorra,Engineering and Technology,2013-2017,0.5
Andorra,Health,2008-2012,0.5
Andorra,Humanities,2013-2017,1.0
Andorra,Professional Fields,2013-2017,1.271428571428571
Andorra,Psychology,2013-2017,0.5
Andorra,Social Sciences,2008-2012,0.333333333333333
Andorra,Social Sciences,2013-2017,2.991666666666666
Angola,Biology,1973-1977,4.833333333333333
Angola,Biology,1978-1982,1.0
Angola,Biology,1988-1992,0.6111111111111109
Angola,Biology,1993-1997,0.45
Angola,Biology,1998-2002,4.833333333333332
Angola,Biology,2003-2007,5.4999999999999964
Angola,Biology,2008-2012,6.926190476190472
Angola,Biology,2013-2017,14.477849927849899
Angola,Biomedical Research,1973-1977,3.5
Angola,Biomedical Research,1978-1982,0.25
Angola,Biomedical Research,1983-1987,1.166666666666666
Angola,Biomedical Research,1988-1992,0.916666666666666
Angola,Biomedical Research,1993-1997,1.083333333333333
Angola,Biomedical Research,1998-2002,2.249999999999999
Angola,Biomedical Research,2003-2007,2.81111111111111
Angola,Biomedical Research,2008-2012,6.887734487734475
Angola,Biomedical Research,2013-2017,10.828834104491973
Angola,Chemistry,1973-1977,2.5
Angola,Chemistry,1988-1992,0.333333333333333
Angola,Chemistry,1993-1997,0.2
Angola,Chemistry,1998-2002,1.5
Angola,Chemistry,2003-2007,0.75
Angola,Chemistry,2008-2012,2.249999999999998
Angola,Chemistry,2013-2017,1.399999999999999
Angola,Clinical Medicine,1973-1977,4.833333333333332
Angola,Clinical Medicine,1978-1982,1.0
Angola,Clinical Medicine,1983-1987,6.5
Angola,Clinical Medicine,1988-1992,6.583333333333332
Angola,Clinical Medicine,1993-1997,3.283333333333332
Angola,Clinical Medicine,1998-2002,6.092857142857141
Angola,Clinical Medicine,2003-2007,6.61507936507936
Angola,Clinical Medicine,2008-2012,22.69642857142853
Angola,Clinical Medicine,2013-2017,44.42196797424891
Angola,Earth and Space,1973-1977,0.5
Angola,Earth and Space,1983-1987,1.0
Angola,Earth and Space,1988-1992,1.7
Angola,Earth and Space,1993-1997,0.95
Angola,Earth and Space,1998-2002,2.959523809523808
Angola,Earth and Space,2003-2007,1.4999999999999991
Angola,Earth and Space,2008-2012,5.721367521367508
Angola,Earth and Space,2013-2017,10.661219336219318
Angola,Engineering and Technology,1973-1977,1.333333333333333
Angola,Engineering and Technology,1978-1982,1.5
Angola,Engineering and Technology,1988-1992,1.5
Angola,Engineering and Technology,1993-1997,6.25
Angola,Engineering and Technology,1998-2002,6.16666666666666
Angola,Engineering and Technology,2003-2007,2.0333333333333297
Angola,Engineering and Technology,2008-2012,2.533333333333333
Angola,Engineering and Technology,2013-2017,6.292857142857139
Angola,Health,1988-1992,0.5
Angola,Health,1998-2002,0.142857142857142
Angola,Health,2008-2012,2.0095238095238077
Angola,Health,2013-2017,9.181547619047603
Angola,Humanities,2008-2012,1.0
Angola,Mathematics,1973-1977,1.0
Angola,Mathematics,2008-2012,0.333333333333333
Angola,Mathematics,2013-2017,1.0
Angola,Physics,1993-1997,0.5
Angola,Physics,2013-2017,0.41666666666666596
Angola,Professional Fields,2008-2012,1.249999999999999
Angola,Professional Fields,2013-2017,1.9999999999999991
Angola,Psychology,1998-2002,0.142857142857142
Angola,Psychology,2008-2012,0.142857142857142
Angola,Psychology,2013-2017,1.25
Angola,Social Sciences,1998-2002,1.5
Angola,Social Sciences,2008-2012,0.666666666666666
Angola,Social Sciences,2013-2017,9.033333333333324
Antarctica,Biology,1978-1982,2.0
Antarctica,Biology,2003-2007,0.333333333333333
Antarctica,Biomedical Research,1973-1977,2.0
Antarctica,Biomedical Research,1978-1982,3.0
Antarctica,Biomedical Research,1983-1987,1.0
Antarctica,Biomedical Research,1988-1992,0.166666666666666
Antarctica,Chemistry,2008-2012,0.25
Antarctica,Clinical Medicine,1983-1987,0.5
Antarctica,Clinical Medicine,2013-2017,0.142857142857142
Antarctica,Earth and Space,1973-1977,4.0
Antarctica,Earth and Space,1978-1982,0.5
Antarctica,Earth and Space,2008-2012,1.161111111111111
Antarctica,Engineering and Technology,2008-2012,0.5
Antarctica,Health,1998-2002,1.0
Antarctica,Health,2008-2012,0.25
Antarctica,Humanities,2013-2017,0.5
Antarctica,Physics,1988-1992,0.333333333333333
Antarctica,Physics,2013-2017,0.333333333333333
Antigua & Barbuda,Biology,1988-1992,0.5
Antigua & Barbuda,Biology,2003-2007,0.777777777777777
Antigua & Barbuda,Biology,2008-2012,0.1
Antigua & Barbuda,Biology,2013-2017,0.42424242424242387
Antigua & Barbuda,Biomedical Research,2008-2012,0.45
Antigua & Barbuda,Biomedical Research,2013-2017,0.0714285714285714
Antigua & Barbuda,Chemistry,2008-2012,0.2
Antigua & Barbuda,Clinical Medicine,1993-1997,1.0
Antigua & Barbuda,Clinical Medicine,1998-2002,5.0
Antigua & Barbuda,Clinical Medicine,2003-2007,5.966666666666646
Antigua & Barbuda,Clinical Medicine,2008-2012,6.826190476190468
Antigua & Barbuda,Clinical Medicine,2013-2017,3.7196687370600396
Antigua & Barbuda,Earth and Space,2003-2007,0.2
Antigua & Barbuda,Earth and Space,2013-2017,0.0416666666666666
Antigua & Barbuda,Engineering and Technology,2008-2012,0.2
Antigua & Barbuda,Health,2013-2017,0.5
Antigua & Barbuda,Professional Fields,2003-2007,0.333333333333333
Antigua & Barbuda,Professional Fields,2008-2012,1.0
Antigua & Barbuda,Professional Fields,2013-2017,0.5
Antigua & Barbuda,Social Sciences,1993-1997,1.0
Antigua & Barbuda,Social Sciences,2013-2017,1.183333333333332
Argentina,Arts,1973-1977,1.0
Argentina,Arts,1978-1982,3.0
Argentina,Arts,1983-1987,8.0
Argentina,Arts,1988-1992,14.0
Argentina,Arts,1993-1997,8.0
Argentina,Arts,1998-2002,18.58333333333333
Argentina,Arts,2003-2007,14.08333333333333
Argentina,Arts,2008-2012,52.33333333333332
Argentina,Arts,2013-2017,55.383333333333255
Argentina,Biology,1973-1977,202.91666666666663
Argentina,Biology,1978-1982,437.12499999999966
Argentina,Biology,1983-1987,779.5999999999993
Argentina,Biology,1988-1992,1207.383333333332
Argentina,Biology,1993-1997,1816.757857142851
Argentina,Biology,1998-2002,2938.709895659886
Argentina,Biology,2003-2007,3977.1842915856
Argentina,Biology,2008-2012,6215.171894147254
Argentina,Biology,2013-2017,7195.951295134605
Argentina,Biomedical Research,1973-1977,984.4016806722676
Argentina,Biomedical Research,1978-1982,869.1222222222218
Argentina,Biomedical Research,1983-1987,1293.5147297147269
Argentina,Biomedical Research,1988-1992,1294.6638888888854
Argentina,Biomedical Research,1993-1997,1759.0908765211354
Argentina,Biomedical Research,1998-2002,2404.1532789184034
Argentina,Biomedical Research,2003-2007,2684.6649203393895
Argentina,Biomedical Research,2008-2012,3870.967232822003
Argentina,Biomedical Research,2013-2017,4284.370348256477
Argentina,Chemistry,1973-1977,515.4166666666664
Argentina,Chemistry,1978-1982,704.5666666666662
Argentina,Chemistry,1983-1987,1146.3333333333326
Argentina,Chemistry,1988-1992,1259.4333333333295
Argentina,Chemistry,1993-1997,1691.1539682539617
Argentina,Chemistry,1998-2002,2200.436111111105
Argentina,Chemistry,2003-2007,2208.3297619047567
Argentina,Chemistry,2008-2012,2564.0567821067784
Argentina,Chemistry,2013-2017,2700.0749269657554
Argentina,Clinical Medicine,1973-1977,1649.5595238095227
Argentina,Clinical Medicine,1978-1982,2081.092857142855
Argentina,Clinical Medicine,1983-1987,2564.519184981681
Argentina,Clinical Medicine,1988-1992,2465.8748731230885
Argentina,Clinical Medicine,1993-1997,2801.8384529524583
Argentina,Clinical Medicine,1998-2002,4123.96000165948
Argentina,Clinical Medicine,2003-2007,4164.489299854406
Argentina,Clinical Medicine,2008-2012,5550.873293803229
Argentina,Clinical Medicine,2013-2017,5768.381557818036
Argentina,Earth and Space,1973-1977,107.86666666666646
Argentina,Earth and Space,1978-1982,148.51666666666628
Argentina,Earth and Space,1983-1987,280.78333333333273
Argentina,Earth and Space,1988-1992,462.7591269841262
Argentina,Earth and Space,1993-1997,652.2133266733254
Argentina,Earth and Space,1998-2002,1243.971988428237
Argentina,Earth and Space,2003-2007,1707.4983963343193
Argentina,Earth and Space,2008-2012,2632.5927763175564
Argentina,Earth and Space,2013-2017,3314.2344775532083
Argentina,Engineering and Technology,1973-1977,119.3333333333331
Argentina,Engineering and Technology,1978-1982,250.3333333333333
Argentina,Engineering and Technology,1983-1987,404.3333333333331
Argentina,Engineering and Technology,1988-1992,495.49999999999926
Argentina,Engineering and Technology,1993-1997,722.3095238095226
Argentina,Engineering and Technology,1998-2002,1241.8409090909072
Argentina,Engineering and Technology,2003-2007,1601.4909451659423
Argentina,Engineering and Technology,2008-2012,2218.9814356195952
Argentina,Engineering and Technology,2013-2017,2910.1851474129203
Argentina,Health,1973-1977,5.0
Argentina,Health,1978-1982,2.0
Argentina,Health,1983-1987,5.5
Argentina,Health,1988-1992,10.416666666666666
Argentina,Health,1993-1997,29.53333333333333
Argentina,Health,1998-2002,39.30252525252524
Argentina,Health,2003-2007,84.9653651903651
Argentina,Health,2008-2012,199.7744847472786
Argentina,Health,2013-2017,256.99062891556196
Argentina,Humanities,1973-1977,20.5
Argentina,Humanities,1978-1982,43.66666666666666
Argentina,Humanities,1983-1987,94.33333333333333
Argentina,Humanities,1988-1992,105.83333333333331
Argentina,Humanities,1993-1997,121.0
Argentina,Humanities,1998-2002,164.66666666666666
Argentina,Humanities,2003-2007,200.66666666666663
Argentina,Humanities,2008-2012,557.9499999999994
Argentina,Humanities,2013-2017,835.3904761904754
Argentina,Mathematics,1973-1977,44.24999999999999
Argentina,Mathematics,1978-1982,42.24999999999999
Argentina,Mathematics,1983-1987,112.16666666666652
Argentina,Mathematics,1988-1992,145.34999999999954
Argentina,Mathematics,1993-1997,221.09999999999945
Argentina,Mathematics,1998-2002,398.316666666666
Argentina,Mathematics,2003-2007,548.9595238095231
Argentina,Mathematics,2008-2012,893.628795721184
Argentina,Mathematics,2013-2017,931.7952380952348
Argentina,Physics,1973-1977,292.71666666666584
Argentina,Physics,1978-1982,469.75833333333253
Argentina,Physics,1983-1987,1013.0738095238082
Argentina,Physics,1988-1992,1380.1827928884509
Argentina,Physics,1993-1997,1845.898437269607
Argentina,Physics,1998-2002,2412.957931873183
Argentina,Physics,2003-2007,2354.1479511857847
Argentina,Physics,2008-2012,2343.6577546140297
Argentina,Physics,2013-2017,2223.867734694864
Argentina,Professional Fields,1973-1977,13.58333333333333
Argentina,Professional Fields,1978-1982,14.0
Argentina,Professional Fields,1983-1987,13.5
Argentina,Professional Fields,1988-1992,35.766666666666666
Argentina,Professional Fields,1993-1997,28.333333333333325
Argentina,Professional Fields,1998-2002,51.94999999999998
Argentina,Professional Fields,2003-2007,58.39999999999998
Argentina,Professional Fields,2008-2012,217.0997405372401
Argentina,Professional Fields,2013-2017,238.81300545859295
Argentina,Psychology,1973-1977,97.83333333333333
Argentina,Psychology,1978-1982,55.83333333333332
Argentina,Psychology,1983-1987,53.66666666666666
Argentina,Psychology,1988-1992,83.37499999999979
Argentina,Psychology,1993-1997,71.11666666666665
Argentina,Psychology,1998-2002,93.19999999999986
Argentina,Psychology,2003-2007,121.66365787421678
Argentina,Psychology,2008-2012,285.100439725439
Argentina,Psychology,2013-2017,395.720156813728
Argentina,Social Sciences,1973-1977,71.16666666666666
Argentina,Social Sciences,1978-1982,120.4999999999999
Argentina,Social Sciences,1983-1987,144.9166666666666
Argentina,Social Sciences,1988-1992,131.9166666666665
Argentina,Social Sciences,1993-1997,142.54166666666637
Argentina,Social Sciences,1998-2002,212.11233766233724
Argentina,Social Sciences,2003-2007,286.9396825396818
Argentina,Social Sciences,2008-2012,860.8170995670985
Argentina,Social Sciences,2013-2017,1238.196233713244
Armenia,Arts,2003-2007,2.0
Armenia,Arts,2008-2012,1.5
Armenia,Arts,2013-2017,0.5
Armenia,Biology,1988-1992,1.66666666666666
Armenia,Biology,1993-1997,28.833333333333332
Armenia,Biology,1998-2002,20.249999999999996
Armenia,Biology,2003-2007,17.891666666666655
Armenia,Biology,2008-2012,23.174242424242387
Armenia,Biology,2013-2017,35.272294375958985
Armenia,Biomedical Research,1988-1992,9.666666666666655
Armenia,Biomedical Research,1993-1997,132.36666666666648
Armenia,Biomedical Research,1998-2002,92.41666666666661
Armenia,Biomedical Research,2003-2007,67.25335784488703
Armenia,Biomedical Research,2008-2012,102.13752303503378
Armenia,Biomedical Research,2013-2017,105.95131822525045
Armenia,Chemistry,1973-1977,1.0
Armenia,Chemistry,1988-1992,44.33333333333333
Armenia,Chemistry,1993-1997,138.18333333333328
Armenia,Chemistry,1998-2002,171.1166666666664
Armenia,Chemistry,2003-2007,256.6833333333328
Armenia,Chemistry,2008-2012,239.3357142857138
Armenia,Chemistry,2013-2017,279.1158730158721
Armenia,Clinical Medicine,1973-1977,0.5
Armenia,Clinical Medicine,1988-1992,34.166666666666664
Armenia,Clinical Medicine,1993-1997,74.36605625758546
Armenia,Clinical Medicine,1998-2002,79.4928571428571
Armenia,Clinical Medicine,2003-2007,67.72721861471858
Armenia,Clinical Medicine,2008-2012,150.07330699902604
Armenia,Clinical Medicine,2013-2017,128.40494697987987
Armenia,Earth and Space,1988-1992,4.0
Armenia,Earth and Space,1993-1997,53.08293650793642
Armenia,Earth and Space,1998-2002,94.51332972582958
Armenia,Earth and Space,2003-2007,161.24398282087196
Armenia,Earth and Space,2008-2012,153.36224445137196
Armenia,Earth and Space,2013-2017,135.58447599987386
Armenia,Engineering and Technology,1988-1992,1.0
Armenia,Engineering and Technology,1993-1997,60.24999999999999
Armenia,Engineering and Technology,1998-2002,66.40833333333332
Armenia,Engineering and Technology,2003-2007,84.55079365079361
Armenia,Engineering and Technology,2008-2012,133.34981083827887
Armenia,Engineering and Technology,2013-2017,108.32570209420953
Armenia,Health,1993-1997,0.5
Armenia,Health,1998-2002,0.833333333333333
Armenia,Health,2003-2007,2.2777777777777777
Armenia,Health,2008-2012,5.520970695970695
Armenia,Health,2013-2017,12.077380952380931
Armenia,Humanities,1993-1997,1.0
Armenia,Humanities,2003-2007,1.0
Armenia,Humanities,2008-2012,26.0
Armenia,Humanities,2013-2017,27.66666666666666
Armenia,Mathematics,1988-1992,6.5
Armenia,Mathematics,1993-1997,53.83333333333332
Armenia,Mathematics,1998-2002,46.24999999999992
Armenia,Mathematics,2003-2007,62.99999999999994
Armenia,Mathematics,2008-2012,224.81666666666644
Armenia,Mathematics,2013-2017,197.37619047619015
Armenia,Physics,1973-1977,1.0
Armenia,Physics,1988-1992,33.60263157894737
Armenia,Physics,1993-1997,462.681381254268
Armenia,Physics,1998-2002,460.2058011149553
Armenia,Physics,2003-2007,479.02922446624814
Armenia,Physics,2008-2012,742.431539441569
Armenia,Physics,2013-2017,706.5820032230588
Armenia,Professional Fields,1998-2002,0.833333333333333
Armenia,Professional Fields,2003-2007,0.833333333333333
Armenia,Professional Fields,2008-2012,6.9166666666666625
Armenia,Professional Fields,2013-2017,5.3888888888888875
Armenia,Psychology,1993-1997,2.25
Armenia,Psychology,1998-2002,0.333333333333333
Armenia,Psychology,2003-2007,1.0144927536231885
Armenia,Psychology,2008-2012,1.958333333333333
Armenia,Psychology,2013-2017,3.8950031625553443
Armenia,Social Sciences,1988-1992,1.0
Armenia,Social Sciences,1993-1997,3.0
Armenia,Social Sciences,1998-2002,6.83333333333333
Armenia,Social Sciences,2003-2007,1.9999999999999991
Armenia,Social Sciences,2008-2012,14.851190476190467
Armenia,Social Sciences,2013-2017,26.904417293233056
Australia,Arts,1973-1977,15.0
Australia,Arts,1978-1982,77.75
Australia,Arts,1983-1987,108.0
Australia,Arts,1988-1992,115.3333333333333
Australia,Arts,1993-1997,164.16666666666663
Australia,Arts,1998-2002,234.91666666666652
Australia,Arts,2003-2007,306.2333333333333
Australia,Arts,2008-2012,597.9718614718611
Australia,Arts,2013-2017,772.4988816738811
Australia,Biology,1973-1977,5087.899999999992
Australia,Biology,1978-1982,8451.224999999984
Australia,Biology,1983-1987,9504.489682539664
Australia,Biology,1988-1992,10061.663492063471
Australia,Biology,1993-1997,11351.849709501006
Australia,Biology,1998-2002,12192.58284228841
Australia,Biology,2003-2007,14352.077737660495
Australia,Biology,2008-2012,16337.014444862913
Australia,Biology,2013-2017,18765.43879437285
Australia,Biomedical Research,1973-1977,3856.283766233759
Australia,Biomedical Research,1978-1982,5273.447835497824
Australia,Biomedical Research,1983-1987,6447.286231677663
Australia,Biomedical Research,1988-1992,7481.049713500278
Australia,Biomedical Research,1993-1997,9219.15983484689
Australia,Biomedical Research,1998-2002,10515.303122856712
Australia,Biomedical Research,2003-2007,11655.728862326541
Australia,Biomedical Research,2008-2012,16037.907397931584
Australia,Biomedical Research,2013-2017,24078.25502131174
Australia,Chemistry,1973-1977,3824.1999999999894
Australia,Chemistry,1978-1982,4105.735353535343
Australia,Chemistry,1983-1987,4243.992460317449
Australia,Chemistry,1988-1992,4267.355820990589
Australia,Chemistry,1993-1997,5391.654761904748
Australia,Chemistry,1998-2002,5632.121031746013
Australia,Chemistry,2003-2007,6312.898924573906
Australia,Chemistry,2008-2012,8019.627157972728
Australia,Chemistry,2013-2017,9678.919960859257
Australia,Clinical Medicine,1973-1977,9145.107173382155
Australia,Clinical Medicine,1978-1982,12951.290649628125
Australia,Clinical Medicine,1983-1987,15834.960526972996
Australia,Clinical Medicine,1988-1992,18922.185576806907
Australia,Clinical Medicine,1993-1997,23087.297123682954
Australia,Clinical Medicine,1998-2002,26360.917916129063
Australia,Clinical Medicine,2003-2007,31771.662473788656
Australia,Clinical Medicine,2008-2012,43866.5810417469
Australia,Clinical Medicine,2013-2017,55305.55194633238
Australia,Earth and Space,1973-1977,1788.5773199023158
Australia,Earth and Space,1978-1982,2570.6661838161763
Australia,Earth and Space,1983-1987,3593.5670634920543
Australia,Earth and Space,1988-1992,3946.704700283366
Australia,Earth and Space,1993-1997,4890.672671834432
Australia,Earth and Space,1998-2002,6160.008220661677
Australia,Earth and Space,2003-2007,7483.814836740407
Australia,Earth and Space,2008-2012,10045.24843259936
Australia,Earth and Space,2013-2017,14950.799462764387
Australia,Engineering and Technology,1973-1977,2055.749999999998
Australia,Engineering and Technology,1978-1982,2718.3999999999955
Australia,Engineering and Technology,1983-1987,3355.0499999999925
Australia,Engineering and Technology,1988-1992,3732.2638278388167
Australia,Engineering and Technology,1993-1997,6448.368983311358
Australia,Engineering and Technology,1998-2002,8112.809267529838
Australia,Engineering and Technology,2003-2007,11123.48094251938
Australia,Engineering and Technology,2008-2012,13943.835615510741
Australia,Engineering and Technology,2013-2017,23302.89333778572
Australia,Health,1973-1977,180.4999999999999
Australia,Health,1978-1982,409.8999999999999
Australia,Health,1983-1987,456.86666666666656
Australia,Health,1988-1992,674.5428571428566
Australia,Health,1993-1997,1682.8922077922057
Australia,Health,1998-2002,2435.690581586167
Australia,Health,2003-2007,3766.031176662986
Australia,Health,2008-2012,8785.284385021125
Australia,Health,2013-2017,13087.92947253695
Australia,Humanities,1973-1977,792.3333333333333
Australia,Humanities,1978-1982,1483.3333333333333
Australia,Humanities,1983-1987,1760.6818181818162
Australia,Humanities,1988-1992,1713.1666666666656
Australia,Humanities,1993-1997,1600.836446886446
Australia,Humanities,1998-2002,1819.4166666666658
Australia,Humanities,2003-2007,1752.5261904761887
Australia,Humanities,2008-2012,3394.9071428571337
Australia,Humanities,2013-2017,4154.761185933076
Australia,Mathematics,1973-1977,792.7499999999993
Australia,Mathematics,1978-1982,1145.716666666664
Australia,Mathematics,1983-1987,1600.0333333333267
Australia,Mathematics,1988-1992,1527.5761904761853
Australia,Mathematics,1993-1997,2089.4863636363566
Australia,Mathematics,1998-2002,2290.6789682539593
Australia,Mathematics,2003-2007,2331.496825396817
Australia,Mathematics,2008-2012,3014.922807265188
Australia,Mathematics,2013-2017,3265.2703271286664
Australia,Physics,1973-1977,2470.6611111111038
Australia,Physics,1978-1982,3012.4845238095127
Australia,Physics,1983-1987,3351.34385238943
Australia,Physics,1988-1992,3759.4328224063415
Australia,Physics,1993-1997,5565.363025393291
Australia,Physics,1998-2002,5522.696737346355
Australia,Physics,2003-2007,6347.48735250347
Australia,Physics,2008-2012,7216.831187836554
Australia,Physics,2013-2017,7327.343405222773
Australia,Professional Fields,1973-1977,556.8499999999995
Australia,Professional Fields,1978-1982,869.2023809523803
Australia,Professional Fields,1983-1987,1075.366666666664
Australia,Professional Fields,1988-1992,1265.4999999999968
Australia,Professional Fields,1993-1997,1742.28257575757
Australia,Professional Fields,1998-2002,2160.7666666666582
Australia,Professional Fields,2003-2007,3238.95843313033
Australia,Professional Fields,2008-2012,8613.321128693575
Australia,Professional Fields,2013-2017,12082.899328012585
Australia,Psychology,1973-1977,852.472222222222
Australia,Psychology,1978-1982,1453.8333333333323
Australia,Psychology,1983-1987,1646.6166666666654
Australia,Psychology,1988-1992,1657.0091269841253
Australia,Psychology,1993-1997,2053.467857142855
Australia,Psychology,1998-2002,2635.6830919080876
Australia,Psychology,2003-2007,3245.4568301780973
Australia,Psychology,2008-2012,5107.892523196444
Australia,Psychology,2013-2017,7494.225720694559
Australia,Social Sciences,1973-1977,1887.1999999999987
Australia,Social Sciences,1978-1982,2721.9999999999977
Australia,Social Sciences,1983-1987,2898.3472222222185
Australia,Social Sciences,1988-1992,2674.593009768005
Australia,Social Sciences,1993-1997,3409.600595238088
Australia,Social Sciences,1998-2002,3762.8833333333287
Australia,Social Sciences,2003-2007,4464.0133916807745
Australia,Social Sciences,2008-2012,8772.11586635457
Australia,Social Sciences,2013-2017,11827.608879080632
Austria,Arts,1973-1977,6.0
Austria,Arts,1978-1982,22.0
Austria,Arts,1983-1987,79.4999999999999
Austria,Arts,1988-1992,44.49999999999993
Austria,Arts,1993-1997,102.49999999999999
Austria,Arts,1998-2002,109.99999999999993
Austria,Arts,2003-2007,108.76666666666665
Austria,Arts,2008-2012,169.2436507936501
Austria,Arts,2013-2017,209.35202020201962
Austria,Biology,1973-1977,468.58333333333314
Austria,Biology,1978-1982,816.7499999999995
Austria,Biology,1983-1987,828.7999999999994
Austria,Biology,1988-1992,1073.8738095238082
Austria,Biology,1993-1997,1301.9690476190449
Austria,Biology,1998-2002,1578.8811423054049
Austria,Biology,2003-2007,1706.3580520356777
Austria,Biology,2008-2012,2413.0469180363993
Austria,Biology,2013-2017,2671.064151656351
Austria,Biomedical Research,1973-1977,762.0833333333323
Austria,Biomedical Research,1978-1982,992.8269841269828
Austria,Biomedical Research,1983-1987,1220.419780219778
Austria,Biomedical Research,1988-1992,1702.0736813624915
Austria,Biomedical Research,1993-1997,2521.370107158917
Austria,Biomedical Research,1998-2002,3191.5773494284135
Austria,Biomedical Research,2003-2007,3543.354106301971
Austria,Biomedical Research,2008-2012,4443.4948714933325
Austria,Biomedical Research,2013-2017,5957.101231522908
Austria,Chemistry,1973-1977,1287.404761904759
Austria,Chemistry,1978-1982,1335.8595238095202
Austria,Chemistry,1983-1987,1373.416666666665
Austria,Chemistry,1988-1992,1560.1752747252717
Austria,Chemistry,1993-1997,1998.7801948051917
Austria,Chemistry,1998-2002,2301.779340104334
Austria,Chemistry,2003-2007,2487.6536075036015
Austria,Chemistry,2008-2012,2745.6579077842134
Austria,Chemistry,2013-2017,3212.289590550582
Austria,Clinical Medicine,1973-1977,4931.290151515146
Austria,Clinical Medicine,1978-1982,6796.601921178231
Austria,Clinical Medicine,1983-1987,7072.812065784448
Austria,Clinical Medicine,1988-1992,7559.430177199592
Austria,Clinical Medicine,1993-1997,8748.334668638847
Austria,Clinical Medicine,1998-2002,11303.651284679714
Austria,Clinical Medicine,2003-2007,11695.45398001312
Austria,Clinical Medicine,2008-2012,11929.951829436746
Austria,Clinical Medicine,2013-2017,11960.219943173443
Austria,Earth and Space,1973-1977,155.22619047619025
Austria,Earth and Space,1978-1982,292.83059163059073
Austria,Earth and Space,1983-1987,357.4543040293031
Austria,Earth and Space,1988-1992,477.2193833943819
Austria,Earth and Space,1993-1997,727.4494867406926
Austria,Earth and Space,1998-2002,1116.9896407645153
Austria,Earth and Space,2003-2007,1368.8230530532967
Austria,Earth and Space,2008-2012,2050.3125979052807
Austria,Earth and Space,2013-2017,2718.644171538463
Austria,Engineering and Technology,1973-1977,555.7833333333332
Austria,Engineering and Technology,1978-1982,835.2666666666657
Austria,Engineering and Technology,1983-1987,888.5999999999989
Austria,Engineering and Technology,1988-1992,1143.7857142857122
Austria,Engineering and Technology,1993-1997,1643.8975579975559
Austria,Engineering and Technology,1998-2002,2300.484759684754
Austria,Engineering and Technology,2003-2007,3605.005634156769
Austria,Engineering and Technology,2008-2012,4054.469779738829
Austria,Engineering and Technology,2013-2017,5593.20162593771
Austria,Health,1973-1977,29.0
Austria,Health,1978-1982,62.5
Austria,Health,1983-1987,23.333333333333332
Austria,Health,1988-1992,25.66666666666666
Austria,Health,1993-1997,44.125
Austria,Health,1998-2002,106.91655844155841
Austria,Health,2003-2007,151.22091220899256
Austria,Health,2008-2012,286.188334783752
Austria,Health,2013-2017,456.46101891358865
Austria,Humanities,1973-1977,133.0
Austria,Humanities,1978-1982,216.0
Austria,Humanities,1983-1987,319.16666666666663
Austria,Humanities,1988-1992,324.0
Austria,Humanities,1993-1997,281.2333333333333
Austria,Humanities,1998-2002,340.8333333333333
Austria,Humanities,2003-2007,322.23333333333323
Austria,Humanities,2008-2012,583.5797369297363
Austria,Humanities,2013-2017,788.2457393483696
Austria,Mathematics,1973-1977,279.8333333333331
Austria,Mathematics,1978-1982,380.08333333333303
Austria,Mathematics,1983-1987,601.4833333333327
Austria,Mathematics,1988-1992,686.7833333333325
Austria,Mathematics,1993-1997,738.0999999999992
Austria,Mathematics,1998-2002,883.0289682539668
Austria,Mathematics,2003-2007,1148.633766233764
Austria,Mathematics,2008-2012,1630.8920634920585
Austria,Mathematics,2013-2017,2018.8505411255355
Austria,Physics,1973-1977,723.3091630591621
Austria,Physics,1978-1982,1068.8151727357595
Austria,Physics,1983-1987,1322.188132039007
Austria,Physics,1988-1992,1611.0491664676933
Austria,Physics,1993-1997,2350.2509119700576
Austria,Physics,1998-2002,2642.0903753862076
Austria,Physics,2003-2007,3064.8996405590806
Austria,Physics,2008-2012,3107.998827628146
Austria,Physics,2013-2017,3109.000305745502
Austria,Professional Fields,1973-1977,37.75
Austria,Professional Fields,1978-1982,104.08333333333323
Austria,Professional Fields,1983-1987,104.33333333333329
Austria,Professional Fields,1988-1992,101.44999999999976
Austria,Professional Fields,1993-1997,134.61666666666633
Austria,Professional Fields,1998-2002,204.11687062937025
Austria,Professional Fields,2003-2007,305.44642857142827
Austria,Professional Fields,2008-2012,656.2152278277267
Austria,Professional Fields,2013-2017,1012.4604520793132
Austria,Psychology,1973-1977,112.5
Austria,Psychology,1978-1982,137.33333333333331
Austria,Psychology,1983-1987,141.66666666666666
Austria,Psychology,1988-1992,165.11666666666665
Austria,Psychology,1993-1997,236.78333333333322
Austria,Psychology,1998-2002,246.9499999999997
Austria,Psychology,2003-2007,338.3361470800088
Austria,Psychology,2008-2012,647.1621392496373
Austria,Psychology,2013-2017,860.2844858010948
Austria,Social Sciences,1973-1977,239.83333333333326
Austria,Social Sciences,1978-1982,380.66666666666646
Austria,Social Sciences,1983-1987,391.61666666666633
Austria,Social Sciences,1988-1992,415.5370370370366
Austria,Social Sciences,1993-1997,520.4624999999995
Austria,Social Sciences,1998-2002,606.6833333333325
Austria,Social Sciences,2003-2007,763.2130952380941
Austria,Social Sciences,2008-2012,1562.8502507571516
Austria,Social Sciences,2013-2017,1825.5097092890405
Azerbaijan,Biology,1988-1992,7.0
Azerbaijan,Biology,1993-1997,13.0
Azerbaijan,Biology,1998-2002,3.933333333333333
Azerbaijan,Biology,2003-2007,22.876190476190438
Azerbaijan,Biology,2008-2012,44.68888888888886
Azerbaijan,Biology,2013-2017,46.585582010581966
Azerbaijan,Biomedical Research,1988-1992,4.33333333333333
Azerbaijan,Biomedical Research,1993-1997,45.67857142857142
Azerbaijan,Biomedical Research,1998-2002,30.895833333333325
Azerbaijan,Biomedical Research,2003-2007,32.75694444444443
Azerbaijan,Biomedical Research,2008-2012,37.147139965525156
Azerbaijan,Biomedical Research,2013-2017,33.24145021645018
Azerbaijan,Chemistry,1988-1992,82.6666666666666
Azerbaijan,Chemistry,1993-1997,291.8333333333332
Azerbaijan,Chemistry,1998-2002,172.11666666666656
Azerbaijan,Chemistry,2003-2007,299.7666666666663
Azerbaijan,Chemistry,2008-2012,474.26666666666586
Azerbaijan,Chemistry,2013-2017,292.39285714285654
Azerbaijan,Clinical Medicine,1988-1992,15.0
Azerbaijan,Clinical Medicine,1993-1997,38.16666666666666
Azerbaijan,Clinical Medicine,1998-2002,33.11111111111111
Azerbaijan,Clinical Medicine,2003-2007,17.93291153291153
Azerbaijan,Clinical Medicine,2008-2012,45.6619519369519
Azerbaijan,Clinical Medicine,2013-2017,45.27302342004511
Azerbaijan,Earth and Space,1988-1992,1.5
Azerbaijan,Earth and Space,1993-1997,16.033333333333324
Azerbaijan,Earth and Space,1998-2002,28.71031746031745
Azerbaijan,Earth and Space,2003-2007,43.64641181831579
Azerbaijan,Earth and Space,2008-2012,42.20476190476187
Azerbaijan,Earth and Space,2013-2017,66.19185814185808
Azerbaijan,Engineering and Technology,1983-1987,1.0
Azerbaijan,Engineering and Technology,1988-1992,8.83333333333333
Azerbaijan,Engineering and Technology,1993-1997,97.49999999999999
Azerbaijan,Engineering and Technology,1998-2002,99.66666666666663
Azerbaijan,Engineering and Technology,2003-2007,100.99999999999994
Azerbaijan,Engineering and Technology,2008-2012,259.24589537991557
Azerbaijan,Engineering and Technology,2013-2017,229.61814979956927
Azerbaijan,Health,1998-2002,1.111111111111111
Azerbaijan,Health,2003-2007,1.888888888888888
Azerbaijan,Health,2008-2012,1.1357142857142857
Azerbaijan,Health,2013-2017,0.833333333333333
Azerbaijan,Humanities,2003-2007,3.0
Azerbaijan,Humanities,2008-2012,6.166666666666666
Azerbaijan,Humanities,2013-2017,40.12406015037594
Azerbaijan,Mathematics,1988-1992,7.5
Azerbaijan,Mathematics,1993-1997,53.916666666666664
Azerbaijan,Mathematics,1998-2002,57.6666666666666
Azerbaijan,Mathematics,2003-2007,86.99999999999991
Azerbaijan,Mathematics,2008-2012,208.2166666666662
Azerbaijan,Mathematics,2013-2017,257.4833333333329
Azerbaijan,Physics,1973-1977,2.0
Azerbaijan,Physics,1988-1992,37.25
Azerbaijan,Physics,1993-1997,320.6928571428565
Azerbaijan,Physics,1998-2002,235.16666666666612
Azerbaijan,Physics,2003-2007,267.98698373698295
Azerbaijan,Physics,2008-2012,408.21999382823384
Azerbaijan,Physics,2013-2017,380.6039920862942
Azerbaijan,Professional Fields,1998-2002,1.0
Azerbaijan,Professional Fields,2003-2007,1.0
Azerbaijan,Professional Fields,2008-2012,9.416666666666663
Azerbaijan,Professional Fields,2013-2017,13.649999999999999
Azerbaijan,Psychology,2003-2007,0.2
Azerbaijan,Psychology,2008-2012,0.333333333333333
Azerbaijan,Psychology,2013-2017,1.083333333333333
Azerbaijan,Social Sciences,1993-1997,1.5
Azerbaijan,Social Sciences,2003-2007,4.0
Azerbaijan,Social Sciences,2008-2012,17.883333333333333
Azerbaijan,Social Sciences,2013-2017,31.999999999999986
Bahamas,Arts,2013-2017,0.7
Bahamas,Biology,1973-1977,2.75
Bahamas,Biology,1978-1982,2.833333333333333
Bahamas,Biology,1988-1992,1.083333333333333
Bahamas,Biology,1993-1997,3.0
Bahamas,Biology,1998-2002,3.1136363636363633
Bahamas,Biology,2003-2007,3.633333333333332
Bahamas,Biology,2008-2012,8.167063492063479
Bahamas,Biology,2013-2017,20.57368742368739
Bahamas,Biomedical Research,1973-1977,1.916666666666666
Bahamas,Biomedical Research,1988-1992,0.666666666666666
Bahamas,Biomedical Research,1993-1997,0.625
Bahamas,Biomedical Research,1998-2002,0.999999999999999
Bahamas,Biomedical Research,2003-2007,2.066666666666666
Bahamas,Biomedical Research,2008-2012,2.727777777777776
Bahamas,Biomedical Research,2013-2017,7.833609349307013
Bahamas,Chemistry,2003-2007,1.0
Bahamas,Chemistry,2008-2012,0.111111111111111
Bahamas,Clinical Medicine,1973-1977,2.499999999999999
Bahamas,Clinical Medicine,1978-1982,2.0
Bahamas,Clinical Medicine,1983-1987,4.445707070707059
Bahamas,Clinical Medicine,1988-1992,4.866666666666665
Bahamas,Clinical Medicine,1993-1997,0.992857142857142
Bahamas,Clinical Medicine,1998-2002,3.928571428571427
Bahamas,Clinical Medicine,2003-2007,12.318686868686866
Bahamas,Clinical Medicine,2008-2012,8.635964912280697
Bahamas,Clinical Medicine,2013-2017,12.115512265512262
Bahamas,Earth and Space,1973-1977,1.25
Bahamas,Earth and Space,1983-1987,1.0
Bahamas,Earth and Space,1993-1997,1.833333333333333
Bahamas,Earth and Space,1998-2002,1.6333333333333329
Bahamas,Earth and Space,2003-2007,0.642857142857142
Bahamas,Earth and Space,2008-2012,0.583333333333333
Bahamas,Earth and Space,2013-2017,4.510714285714276
Bahamas,Engineering and Technology,1973-1977,1.0
Bahamas,Engineering and Technology,1983-1987,0.5
Bahamas,Engineering and Technology,1998-2002,4.333333333333333
Bahamas,Engineering and Technology,2008-2012,0.1
Bahamas,Engineering and Technology,2013-2017,1.333333333333333
Bahamas,Health,1983-1987,1.5
Bahamas,Health,1998-2002,0.499999999999999
Bahamas,Health,2008-2012,0.783333333333333
Bahamas,Health,2013-2017,8.749999999999982
Bahamas,Humanities,1973-1977,1.0
Bahamas,Humanities,1978-1982,2.0
Bahamas,Humanities,1983-1987,4.0
Bahamas,Humanities,1988-1992,1.0
Bahamas,Humanities,1993-1997,1.0
Bahamas,Humanities,1998-2002,2.0
Bahamas,Humanities,2003-2007,1.0
Bahamas,Humanities,2008-2012,1.0
Bahamas,Humanities,2013-2017,5.0
Bahamas,Mathematics,1998-2002,1.0
Bahamas,Mathematics,2003-2007,1.0
Bahamas,Mathematics,2013-2017,3.45
Bahamas,Physics,2003-2007,0.333333333333333
Bahamas,Physics,2008-2012,0.333333333333333
Bahamas,Physics,2013-2017,1.833333333333333
Bahamas,Professional Fields,1973-1977,1.0
Bahamas,Professional Fields,1978-1982,1.0
Bahamas,Professional Fields,1998-2002,1.0
Bahamas,Professional Fields,2003-2007,0.5
Bahamas,Professional Fields,2008-2012,1.0
Bahamas,Professional Fields,2013-2017,1.5
Bahamas,Psychology,1973-1977,0.5
Bahamas,Psychology,1978-1982,0.5
Bahamas,Psychology,1993-1997,0.333333333333333
Bahamas,Psychology,1998-2002,2.0
Bahamas,Psychology,2003-2007,2.583333333333333
Bahamas,Psychology,2008-2012,3.783333333333333
Bahamas,Psychology,2013-2017,0.65
Bahamas,Social Sciences,1973-1977,1.0
Bahamas,Social Sciences,1983-1987,2.0
Bahamas,Social Sciences,1988-1992,3.0
Bahamas,Social Sciences,2003-2007,1.0
Bahamas,Social Sciences,2008-2012,3.45
Bahamas,Social Sciences,2013-2017,1.7
Bahrain,Arts,2008-2012,4.0
Bahrain,Arts,2013-2017,1.0
Bahrain,Biology,1983-1987,2.0
Bahrain,Biology,1988-1992,14.833333333333332
Bahrain,Biology,1993-1997,13.33333333333333
Bahrain,Biology,1998-2002,7.75
Bahrain,Biology,2003-2007,14.249999999999996
Bahrain,Biology,2008-2012,28.54999999999998
Bahrain,Biology,2013-2017,8.122023809523798
Bahrain,Biomedical Research,1978-1982,1.0
Bahrain,Biomedical Research,1983-1987,4.1666666666666625
Bahrain,Biomedical Research,1988-1992,17.083333333333332
Bahrain,Biomedical Research,1993-1997,4.666666666666666
Bahrain,Biomedical Research,1998-2002,9.011111111111111
Bahrain,Biomedical Research,2003-2007,22.249999999999982
Bahrain,Biomedical Research,2008-2012,20.117857142857122
Bahrain,Biomedical Research,2013-2017,34.820879255043806
Bahrain,Chemistry,1978-1982,1.0
Bahrain,Chemistry,1983-1987,3.0
Bahrain,Chemistry,1988-1992,23.0
Bahrain,Chemistry,1993-1997,30.33333333333333
Bahrain,Chemistry,1998-2002,14.083333333333332
Bahrain,Chemistry,2003-2007,11.0
Bahrain,Chemistry,2008-2012,9.916666666666655
Bahrain,Chemistry,2013-2017,16.59523809523807
Bahrain,Clinical Medicine,1978-1982,3.833333333333333
Bahrain,Clinical Medicine,1983-1987,7.833333333333333
Bahrain,Clinical Medicine,1988-1992,32.11666666666666
Bahrain,Clinical Medicine,1993-1997,30.89999999999999
Bahrain,Clinical Medicine,1998-2002,66.69999999999999
Bahrain,Clinical Medicine,2003-2007,128.12130647130624
Bahrain,Clinical Medicine,2008-2012,127.78586084967651
Bahrain,Clinical Medicine,2013-2017,144.70184344404424
Bahrain,Earth and Space,1978-1982,0.5
Bahrain,Earth and Space,1983-1987,5.833333333333333
Bahrain,Earth and Space,1988-1992,29.5
Bahrain,Earth and Space,1993-1997,17.16666666666666
Bahrain,Earth and Space,1998-2002,12.33333333333333
Bahrain,Earth and Space,2003-2007,8.302631578947368
Bahrain,Earth and Space,2008-2012,19.249999999999982
Bahrain,Earth and Space,2013-2017,18.34748258987388
Bahrain,Engineering and Technology,1973-1977,1.0
Bahrain,Engineering and Technology,1978-1982,2.833333333333333
Bahrain,Engineering and Technology,1983-1987,67.41666666666666
Bahrain,Engineering and Technology,1988-1992,111.53333333333333
Bahrain,Engineering and Technology,1993-1997,127.33333333333331
Bahrain,Engineering and Technology,1998-2002,80.33333333333331
Bahrain,Engineering and Technology,2003-2007,101.66666666666663
Bahrain,Engineering and Technology,2008-2012,82.0440476190476
Bahrain,Engineering and Technology,2013-2017,105.50198412698403
Bahrain,Health,1978-1982,1.0
Bahrain,Health,1983-1987,1.5
Bahrain,Health,1988-1992,5.0
Bahrain,Health,1993-1997,5.5
Bahrain,Health,1998-2002,3.5
Bahrain,Health,2003-2007,3.25
Bahrain,Health,2008-2012,8.916666666666654
Bahrain,Health,2013-2017,22.66862697051374
Bahrain,Humanities,1978-1982,1.0
Bahrain,Humanities,1983-1987,1.0
Bahrain,Humanities,1988-1992,3.0
Bahrain,Humanities,1993-1997,4.0
Bahrain,Humanities,1998-2002,3.0
Bahrain,Humanities,2008-2012,4.0
Bahrain,Humanities,2013-2017,2.312499999999999
Bahrain,Mathematics,1983-1987,4.666666666666666
Bahrain,Mathematics,1988-1992,16.0
Bahrain,Mathematics,1993-1997,18.33333333333333
Bahrain,Mathematics,1998-2002,13.66666666666666
Bahrain,Mathematics,2003-2007,11.833333333333323
Bahrain,Mathematics,2008-2012,17.333333333333332
Bahrain,Mathematics,2013-2017,6.916666666666666
Bahrain,Physics,1983-1987,12.5
Bahrain,Physics,1988-1992,40.16666666666664
Bahrain,Physics,1993-1997,29.416666666666664
Bahrain,Physics,1998-2002,18.45833333333332
Bahrain,Physics,2003-2007,48.499999999999964
Bahrain,Physics,2008-2012,52.01190476190472
Bahrain,Physics,2013-2017,44.311904761904664
Bahrain,Professional Fields,1983-1987,9.5
Bahrain,Professional Fields,1988-1992,13.0
Bahrain,Professional Fields,1993-1997,6.0
Bahrain,Professional Fields,1998-2002,7.5
Bahrain,Professional Fields,2003-2007,9.0
Bahrain,Professional Fields,2008-2012,9.999999999999996
Bahrain,Professional Fields,2013-2017,10.94166666666666
Bahrain,Psychology,1993-1997,2.0
Bahrain,Psychology,1998-2002,1.0
Bahrain,Psychology,2003-2007,3.0
Bahrain,Psychology,2008-2012,3.833333333333333
Bahrain,Psychology,2013-2017,5.049999999999999
Bahrain,Social Sciences,1983-1987,1.0
Bahrain,Social Sciences,1988-1992,2.5
Bahrain,Social Sciences,1993-1997,4.933333333333333
Bahrain,Social Sciences,1998-2002,8.733333333333333
Bahrain,Social Sciences,2003-2007,10.499999999999993
Bahrain,Social Sciences,2008-2012,10.916666666666666
Bahrain,Social Sciences,2013-2017,16.23452380952379
Bangladesh,Arts,1978-1982,1.0
Bangladesh,Arts,1998-2002,1.0
Bangladesh,Arts,2003-2007,4.0
Bangladesh,Arts,2008-2012,1.0
Bangladesh,Arts,2013-2017,2.0
Bangladesh,Biology,1973-1977,56.33333333333333
Bangladesh,Biology,1978-1982,115.53333333333329
Bangladesh,Biology,1983-1987,202.84444444444412
Bangladesh,Biology,1988-1992,269.99999999999966
Bangladesh,Biology,1993-1997,316.53333333333296
Bangladesh,Biology,1998-2002,268.9409090909086
Bangladesh,Biology,2003-2007,276.4374060579937
Bangladesh,Biology,2008-2012,507.107094757094
Bangladesh,Biology,2013-2017,766.8860195360187
Bangladesh,Biomedical Research,1973-1977,12.0
Bangladesh,Biomedical Research,1978-1982,46.30238095238092
Bangladesh,Biomedical Research,1983-1987,67.36666666666665
Bangladesh,Biomedical Research,1988-1992,83.40833333333316
Bangladesh,Biomedical Research,1993-1997,105.67930402930381
Bangladesh,Biomedical Research,1998-2002,84.0591269841269
Bangladesh,Biomedical Research,2003-2007,129.0351045296165
Bangladesh,Biomedical Research,2008-2012,284.75256132756084
Bangladesh,Biomedical Research,2013-2017,580.7059181059376
Bangladesh,Chemistry,1973-1977,27.66666666666666
Bangladesh,Chemistry,1978-1982,35.00757575757575
Bangladesh,Chemistry,1983-1987,54.166666666666664
Bangladesh,Chemistry,1988-1992,70.16666666666664
Bangladesh,Chemistry,1993-1997,121.36666666666656
Bangladesh,Chemistry,1998-2002,132.38333333333324
Bangladesh,Chemistry,2003-2007,192.25396825396766
Bangladesh,Chemistry,2008-2012,258.9746031746027
Bangladesh,Chemistry,2013-2017,337.47860750360627
Bangladesh,Clinical Medicine,1973-1977,44.66666666666666
Bangladesh,Clinical Medicine,1978-1982,94.99285714285709
Bangladesh,Clinical Medicine,1983-1987,175.19444444444437
Bangladesh,Clinical Medicine,1988-1992,184.74166666666653
Bangladesh,Clinical Medicine,1993-1997,269.1255411255409
Bangladesh,Clinical Medicine,1998-2002,295.1060298987651
Bangladesh,Clinical Medicine,2003-2007,332.02496710805474
Bangladesh,Clinical Medicine,2008-2012,767.1661761448978
Bangladesh,Clinical Medicine,2013-2017,890.7923382118469
Bangladesh,Earth and Space,1973-1977,2.0
Bangladesh,Earth and Space,1978-1982,6.0
Bangladesh,Earth and Space,1983-1987,15.58333333333333
Bangladesh,Earth and Space,1988-1992,18.33333333333333
Bangladesh,Earth and Space,1993-1997,34.87424242424241
Bangladesh,Earth and Space,1998-2002,75.11666666666662
Bangladesh,Earth and Space,2003-2007,123.68214285714245
Bangladesh,Earth and Space,2008-2012,212.66468253968227
Bangladesh,Earth and Space,2013-2017,444.43704441693507
Bangladesh,Engineering and Technology,1973-1977,5.5
Bangladesh,Engineering and Technology,1978-1982,14.83333333333333
Bangladesh,Engineering and Technology,1983-1987,53.75
Bangladesh,Engineering and Technology,1988-1992,81.08333333333331
Bangladesh,Engineering and Technology,1993-1997,170.83333333333326
Bangladesh,Engineering and Technology,1998-2002,200.81666666666638
Bangladesh,Engineering and Technology,2003-2007,290.3833333333326
Bangladesh,Engineering and Technology,2008-2012,459.43571428571323
Bangladesh,Engineering and Technology,2013-2017,756.285966810965
Bangladesh,Health,1973-1977,1.7499999999999991
Bangladesh,Health,1978-1982,3.75
Bangladesh,Health,1983-1987,5.5
Bangladesh,Health,1988-1992,6.4166666666666625
Bangladesh,Health,1993-1997,19.59999999999999
Bangladesh,Health,1998-2002,47.295238095238055
Bangladesh,Health,2003-2007,54.86035353535346
Bangladesh,Health,2008-2012,110.27938727938701
Bangladesh,Health,2013-2017,157.22890436311926
Bangladesh,Humanities,1973-1977,1.0
Bangladesh,Humanities,1978-1982,2.0
Bangladesh,Humanities,1983-1987,7.0
Bangladesh,Humanities,1988-1992,1.0
Bangladesh,Humanities,1993-1997,2.0
Bangladesh,Humanities,2003-2007,1.0
Bangladesh,Humanities,2008-2012,8.28333333333333
Bangladesh,Humanities,2013-2017,12.583333333333332
Bangladesh,Mathematics,1973-1977,1.0
Bangladesh,Mathematics,1978-1982,2.5
Bangladesh,Mathematics,1983-1987,7.5
Bangladesh,Mathematics,1988-1992,7.1666666666666625
Bangladesh,Mathematics,1993-1997,16.333333333333332
Bangladesh,Mathematics,1998-2002,21.16666666666666
Bangladesh,Mathematics,2003-2007,16.83333333333333
Bangladesh,Mathematics,2008-2012,56.999999999999964
Bangladesh,Mathematics,2013-2017,67.79999999999993
Bangladesh,Physics,1973-1977,32.58333333333332
Bangladesh,Physics,1978-1982,34.33333333333332
Bangladesh,Physics,1983-1987,61.66666666666664
Bangladesh,Physics,1988-1992,71.28333333333329
Bangladesh,Physics,1993-1997,86.94999999999989
Bangladesh,Physics,1998-2002,141.1499999999997
Bangladesh,Physics,2003-2007,188.1365023474172
Bangladesh,Physics,2008-2012,289.8595238095232
Bangladesh,Physics,2013-2017,549.1819093083466
Bangladesh,Professional Fields,1973-1977,1.0
Bangladesh,Professional Fields,1978-1982,9.5
Bangladesh,Professional Fields,1983-1987,8.0
Bangladesh,Professional Fields,1988-1992,4.2
Bangladesh,Professional Fields,1993-1997,7.33333333333333
Bangladesh,Professional Fields,1998-2002,9.45
Bangladesh,Professional Fields,2003-2007,16.499999999999993
Bangladesh,Professional Fields,2008-2012,55.066666666666634
Bangladesh,Professional Fields,2013-2017,69.40253623188397
Bangladesh,Psychology,1978-1982,1.75
Bangladesh,Psychology,1983-1987,4.0
Bangladesh,Psychology,1988-1992,7.0
Bangladesh,Psychology,1993-1997,2.749999999999999
Bangladesh,Psychology,1998-2002,2.583333333333332
Bangladesh,Psychology,2003-2007,4.274489795918362
Bangladesh,Psychology,2008-2012,5.437194280697352
Bangladesh,Psychology,2013-2017,11.832095437755802
Bangladesh,Social Sciences,1973-1977,24.6
Bangladesh,Social Sciences,1978-1982,71.66666666666664
Bangladesh,Social Sciences,1983-1987,72.24999999999997
Bangladesh,Social Sciences,1988-1992,73.32499999999997
Bangladesh,Social Sciences,1993-1997,92.8333333333332
Bangladesh,Social Sciences,1998-2002,60.433333333333294
Bangladesh,Social Sciences,2003-2007,70.99999999999997
Bangladesh,Social Sciences,2008-2012,137.4039682539681
Bangladesh,Social Sciences,2013-2017,160.9313138119739
Barbados,Arts,1983-1987,1.0
Barbados,Biology,1973-1977,15.0
Barbados,Biology,1978-1982,26.0
Barbados,Biology,1983-1987,15.499999999999993
Barbados,Biology,1988-1992,25.58333333333333
Barbados,Biology,1993-1997,25.342857142857117
Barbados,Biology,1998-2002,28.943939393939388
Barbados,Biology,2003-2007,13.666666666666663
Barbados,Biology,2008-2012,9.409523809523808
Barbados,Biology,2013-2017,12.415799645083522
Barbados,Biomedical Research,1973-1977,2.5
Barbados,Biomedical Research,1978-1982,3.0
Barbados,Biomedical Research,1983-1987,2.75
Barbados,Biomedical Research,1988-1992,4.916666666666666
Barbados,Biomedical Research,1993-1997,5.972222222222219
Barbados,Biomedical Research,1998-2002,8.19285714285714
Barbados,Biomedical Research,2003-2007,10.746464646464634
Barbados,Biomedical Research,2008-2012,13.483587313246368
Barbados,Biomedical Research,2013-2017,17.177864329194954
Barbados,Chemistry,1973-1977,1.0
Barbados,Chemistry,1978-1982,1.0
Barbados,Chemistry,1983-1987,3.5
Barbados,Chemistry,1988-1992,1.833333333333333
Barbados,Chemistry,1993-1997,6.416666666666664
Barbados,Chemistry,1998-2002,12.199999999999992
Barbados,Chemistry,2003-2007,14.25
Barbados,Chemistry,2008-2012,8.399999999999993
Barbados,Chemistry,2013-2017,13.166666666666663
Barbados,Clinical Medicine,1973-1977,3.083333333333333
Barbados,Clinical Medicine,1978-1982,17.583333333333325
Barbados,Clinical Medicine,1983-1987,45.86666666666666
Barbados,Clinical Medicine,1988-1992,40.80952380952379
Barbados,Clinical Medicine,1993-1997,38.229166666666664
Barbados,Clinical Medicine,1998-2002,30.93571428571428
Barbados,Clinical Medicine,2003-2007,52.78674242424239
Barbados,Clinical Medicine,2008-2012,43.81620087428905
Barbados,Clinical Medicine,2013-2017,46.67406961376318
Barbados,Earth and Space,1973-1977,3.0
Barbados,Earth and Space,1978-1982,3.666666666666666
Barbados,Earth and Space,1983-1987,4.333333333333333
Barbados,Earth and Space,1988-1992,2.6666666666666647
Barbados,Earth and Space,1993-1997,3.5
Barbados,Earth and Space,1998-2002,1.9833333333333325
Barbados,Earth and Space,2003-2007,8.416666666666663
Barbados,Earth and Space,2008-2012,9.820910619746007
Barbados,Earth and Space,2013-2017,19.603019270255743
Barbados,Engineering and Technology,1973-1977,1.0
Barbados,Engineering and Technology,1978-1982,2.0
Barbados,Engineering and Technology,1993-1997,2.166666666666666
Barbados,Engineering and Technology,1998-2002,12.41666666666666
Barbados,Engineering and Technology,2003-2007,6.5
Barbados,Engineering and Technology,2008-2012,11.7
Barbados,Engineering and Technology,2013-2017,6.9499999999999975
Barbados,Health,1973-1977,1.0
Barbados,Health,1983-1987,1.0
Barbados,Health,1993-1997,0.533333333333333
Barbados,Health,1998-2002,3.0
Barbados,Health,2003-2007,7.858333333333331
Barbados,Health,2008-2012,7.066666666666656
Barbados,Health,2013-2017,13.209956709956689
Barbados,Humanities,1973-1977,2.5
Barbados,Humanities,1978-1982,6.0
Barbados,Humanities,1983-1987,2.0
Barbados,Humanities,1988-1992,5.0
Barbados,Humanities,1993-1997,6.0
Barbados,Humanities,1998-2002,4.0
Barbados,Humanities,2003-2007,5.0
Barbados,Humanities,2008-2012,5.833333333333333
Barbados,Humanities,2013-2017,5.166666666666666
Barbados,Mathematics,1973-1977,0.5
Barbados,Mathematics,1998-2002,4.5
Barbados,Mathematics,2003-2007,3.33333333333333
Barbados,Mathematics,2008-2012,4.58333333333333
Barbados,Mathematics,2013-2017,3.666666666666666
Barbados,Physics,1973-1977,2.5
Barbados,Physics,1978-1982,0.333333333333333
Barbados,Physics,1988-1992,1.0
Barbados,Physics,1993-1997,5.833333333333333
Barbados,Physics,1998-2002,14.083333333333329
Barbados,Physics,2003-2007,28.499999999999996
Barbados,Physics,2008-2012,16.57226789334583
Barbados,Physics,2013-2017,13.836770963704627
Barbados,Professional Fields,1973-1977,2.5
Barbados,Professional Fields,1978-1982,3.0
Barbados,Professional Fields,1983-1987,11.0
Barbados,Professional Fields,1988-1992,8.666666666666664
Barbados,Professional Fields,1993-1997,10.0
Barbados,Professional Fields,1998-2002,7.0
Barbados,Professional Fields,2003-2007,14.757575757575752
Barbados,Professional Fields,2008-2012,14.166666666666657
Barbados,Professional Fields,2013-2017,20.166666666666654
Barbados,Psychology,1978-1982,1.0
Barbados,Psychology,1983-1987,9.0
Barbados,Psychology,1988-1992,9.999999999999996
Barbados,Psychology,1993-1997,3.33333333333333
Barbados,Psychology,1998-2002,2.0
Barbados,Psychology,2003-2007,3.166666666666666
Barbados,Psychology,2008-2012,3.45
Barbados,Psychology,2013-2017,2.476190476190474
Barbados,Social Sciences,1973-1977,13.5
Barbados,Social Sciences,1978-1982,14.0
Barbados,Social Sciences,1983-1987,19.166666666666664
Barbados,Social Sciences,1988-1992,17.66666666666666
Barbados,Social Sciences,1993-1997,11.83333333333332
Barbados,Social Sciences,1998-2002,10.5
Barbados,Social Sciences,2003-2007,8.809523809523808
Barbados,Social Sciences,2008-2012,19.424242424242422
Barbados,Social Sciences,2013-2017,17.977691453940057
Belgium,Arts,1973-1977,24.5
Belgium,Arts,1978-1982,11.66666666666666
Belgium,Arts,1983-1987,46.91666666666666
Belgium,Arts,1988-1992,33.5
Belgium,Arts,1993-1997,42.25
Belgium,Arts,1998-2002,57.99999999999999
Belgium,Arts,2003-2007,75.66666666666661
Belgium,Arts,2008-2012,164.72499999999962
Belgium,Arts,2013-2017,233.4523809523805
Belgium,Biology,1973-1977,733.7499999999998
Belgium,Biology,1978-1982,1682.216666666666
Belgium,Biology,1983-1987,1778.297435897433
Belgium,Biology,1988-1992,1859.472456709952
Belgium,Biology,1993-1997,2084.343571428566
Belgium,Biology,1998-2002,2781.0496659844484
Belgium,Biology,2003-2007,3676.666580798083
Belgium,Biology,2008-2012,4282.66066337457
Belgium,Biology,2013-2017,4766.163307399834
Belgium,Biomedical Research,1973-1977,2459.375490196073
Belgium,Biomedical Research,1978-1982,2730.7746031745983
Belgium,Biomedical Research,1983-1987,3210.6814897091153
Belgium,Biomedical Research,1988-1992,3688.568470832541
Belgium,Biomedical Research,1993-1997,4689.416479035455
Belgium,Biomedical Research,1998-2002,4839.668503482316
Belgium,Biomedical Research,2003-2007,5122.138054813134
Belgium,Biomedical Research,2008-2012,6256.380898933793
Belgium,Biomedical Research,2013-2017,7592.28063910312
Belgium,Chemistry,1973-1977,2060.8214285714243
Belgium,Chemistry,1978-1982,2305.1261904761814
Belgium,Chemistry,1983-1987,2324.536111111101
Belgium,Chemistry,1988-1992,2344.533939671432
Belgium,Chemistry,1993-1997,3487.5621392496278
Belgium,Chemistry,1998-2002,3501.89068986568
Belgium,Chemistry,2003-2007,4004.0528521916585
Belgium,Chemistry,2008-2012,4251.452207241204
Belgium,Chemistry,2013-2017,4463.341112289411
Belgium,Clinical Medicine,1973-1977,4684.268455564036
Belgium,Clinical Medicine,1978-1982,7195.849984853454
Belgium,Clinical Medicine,1983-1987,8488.157612953764
Belgium,Clinical Medicine,1988-1992,10029.653621725067
Belgium,Clinical Medicine,1993-1997,11611.78189901598
Belgium,Clinical Medicine,1998-2002,12733.585989697176
Belgium,Clinical Medicine,2003-2007,14203.973456681733
Belgium,Clinical Medicine,2008-2012,17146.513457846613
Belgium,Clinical Medicine,2013-2017,17797.567324480216
Belgium,Earth and Space,1973-1977,375.0666666666658
Belgium,Earth and Space,1978-1982,489.22420634920553
Belgium,Earth and Space,1983-1987,666.582561882561
Belgium,Earth and Space,1988-1992,714.8013347763335
Belgium,Earth and Space,1993-1997,1051.6316944166929
Belgium,Earth and Space,1998-2002,1538.113704342121
Belgium,Earth and Space,2003-2007,2013.538753746957
Belgium,Earth and Space,2008-2012,2811.7442975948447
Belgium,Earth and Space,2013-2017,3288.4385670623396
Belgium,Engineering and Technology,1973-1977,654.3666666666659
Belgium,Engineering and Technology,1978-1982,908.0999999999989
Belgium,Engineering and Technology,1983-1987,1074.0499999999986
Belgium,Engineering and Technology,1988-1992,1558.6389281470117
Belgium,Engineering and Technology,1993-1997,2449.1695451607143
Belgium,Engineering and Technology,1998-2002,3423.3889189312995
Belgium,Engineering and Technology,2003-2007,4971.302137539543
Belgium,Engineering and Technology,2008-2012,5750.724876196566
Belgium,Engineering and Technology,2013-2017,7085.301901944812
Belgium,Health,1973-1977,17.0
Belgium,Health,1978-1982,33.03333333333331
Belgium,Health,1983-1987,61.61666666666664
Belgium,Health,1988-1992,66.14285714285714
Belgium,Health,1993-1997,105.85833333333329
Belgium,Health,1998-2002,213.15175565175537
Belgium,Health,2003-2007,451.2742863912458
Belgium,Health,2008-2012,991.333219912181
Belgium,Health,2013-2017,1474.396515771767
Belgium,Humanities,1973-1977,135.0
Belgium,Humanities,1978-1982,338.49999999999994
Belgium,Humanities,1983-1987,517.1666666666666
Belgium,Humanities,1988-1992,475.6666666666665
Belgium,Humanities,1993-1997,608.1166666666666
Belgium,Humanities,1998-2002,847.9166666666665
Belgium,Humanities,2003-2007,957.6333333333328
Belgium,Humanities,2008-2012,2045.7285103785066
Belgium,Humanities,2013-2017,2460.917116610819
Belgium,Mathematics,1973-1977,269.91666666666646
Belgium,Mathematics,1978-1982,443.2499999999995
Belgium,Mathematics,1983-1987,658.699999999999
Belgium,Mathematics,1988-1992,623.0928571428561
Belgium,Mathematics,1993-1997,789.3121212121202
Belgium,Mathematics,1998-2002,1078.7595238095225
Belgium,Mathematics,2003-2007,1469.425793650789
Belgium,Mathematics,2008-2012,1838.1353858559685
Belgium,Mathematics,2013-2017,1794.653161312365
Belgium,Physics,1973-1977,1783.0007936507895
Belgium,Physics,1978-1982,1984.3331137988207
Belgium,Physics,1983-1987,2295.093730875369
Belgium,Physics,1988-1992,2550.6137773274127
Belgium,Physics,1993-1997,3504.066718612796
Belgium,Physics,1998-2002,3817.5048403752326
Belgium,Physics,2003-2007,4511.884993155642
Belgium,Physics,2008-2012,4273.161015973075
Belgium,Physics,2013-2017,4105.210695017019
Belgium,Professional Fields,1973-1977,116.99999999999983
Belgium,Professional Fields,1978-1982,176.04999999999973
Belgium,Professional Fields,1983-1987,209.99999999999972
Belgium,Professional Fields,1988-1992,276.77619047619
Belgium,Professional Fields,1993-1997,316.4666666666661
Belgium,Professional Fields,1998-2002,456.44339133089056
Belgium,Professional Fields,2003-2007,807.6413059163045
Belgium,Professional Fields,2008-2012,1783.5031857031797
Belgium,Professional Fields,2013-2017,2374.837515379052
Belgium,Psychology,1973-1977,244.99999999999994
Belgium,Psychology,1978-1982,221.61666666666662
Belgium,Psychology,1983-1987,259.5833333333331
Belgium,Psychology,1988-1992,324.7666666666663
Belgium,Psychology,1993-1997,393.73228021977957
Belgium,Psychology,1998-2002,552.3414252414238
Belgium,Psychology,2003-2007,1020.1412850924436
Belgium,Psychology,2008-2012,1764.3974612999673
Belgium,Psychology,2013-2017,2204.2563803684916
Belgium,Social Sciences,1973-1977,424.46666666666647
Belgium,Social Sciences,1978-1982,666.8428571428567
Belgium,Social Sciences,1983-1987,514.9440476190471
Belgium,Social Sciences,1988-1992,476.8514705882349
Belgium,Social Sciences,1993-1997,558.7855311355306
Belgium,Social Sciences,1998-2002,778.461904761904
Belgium,Social Sciences,2003-2007,1221.1609508546985
Belgium,Social Sciences,2008-2012,2184.378230756166
Belgium,Social Sciences,2013-2017,3037.570912146947
Belize,Biology,1978-1982,8.333333333333332
Belize,Biology,1983-1987,0.75
Belize,Biology,1988-1992,0.833333333333333
Belize,Biology,1993-1997,4.416666666666666
Belize,Biology,1998-2002,3.9166666666666616
Belize,Biology,2003-2007,10.776923076923072
Belize,Biology,2008-2012,10.701190476190472
Belize,Biology,2013-2017,15.647100866613025
Belize,Biomedical Research,1993-1997,0.7333333333333334
Belize,Biomedical Research,1998-2002,0.2
Belize,Biomedical Research,2003-2007,1.333333333333333
Belize,Biomedical Research,2008-2012,0.983766233766233
Belize,Biomedical Research,2013-2017,3.7279067268428943
Belize,Clinical Medicine,1988-1992,1.5
Belize,Clinical Medicine,1993-1997,4.694444444444443
Belize,Clinical Medicine,1998-2002,2.441666666666665
Belize,Clinical Medicine,2003-2007,2.949999999999999
Belize,Clinical Medicine,2008-2012,3.0586080586080553
Belize,Clinical Medicine,2013-2017,3.952392724580108
Belize,Earth and Space,1998-2002,1.3999999999999995
Belize,Earth and Space,2003-2007,2.383333333333332
Belize,Earth and Space,2008-2012,1.728571428571428
Belize,Earth and Space,2013-2017,2.3274526198439207
Belize,Engineering and Technology,1983-1987,0.5
Belize,Engineering and Technology,2008-2012,1.0
Belize,Engineering and Technology,2013-2017,1.0
Belize,Health,2008-2012,2.749999999999999
Belize,Health,2013-2017,1.1714285714285704
Belize,Professional Fields,1978-1982,1.0
Belize,Professional Fields,1998-2002,1.0
Belize,Professional Fields,2003-2007,0.42424242424242387
Belize,Professional Fields,2008-2012,0.333333333333333
Belize,Professional Fields,2013-2017,1.196969696969696
Belize,Social Sciences,1973-1977,1.0
Belize,Social Sciences,1983-1987,0.25
Belize,Social Sciences,1988-1992,2.7
Belize,Social Sciences,1993-1997,0.75
Belize,Social Sciences,2003-2007,0.45
Belize,Social Sciences,2008-2012,2.083333333333332
Belize,Social Sciences,2013-2017,2.811111111111104
Benin,Arts,1973-1977,1.0
Benin,Arts,1983-1987,1.0
Benin,Arts,2013-2017,0.1
Benin,Biology,1973-1977,2.333333333333333
Benin,Biology,1978-1982,1.4999999999999991
Benin,Biology,1983-1987,5.416666666666666
Benin,Biology,1988-1992,20.533333333333314
Benin,Biology,1993-1997,66.16666666666657
Benin,Biology,1998-2002,74.03452380952373
Benin,Biology,2003-2007,101.78730158730143
Benin,Biology,2008-2012,195.33107170607104
Benin,Biology,2013-2017,215.32210423305574
Benin,Biomedical Research,1973-1977,1.333333333333333
Benin,Biomedical Research,1978-1982,0.5
Benin,Biomedical Research,1983-1987,2.5999999999999988
Benin,Biomedical Research,1988-1992,2.892857142857142
Benin,Biomedical Research,1993-1997,6.249999999999998
Benin,Biomedical Research,1998-2002,10.221428571428564
Benin,Biomedical Research,2003-2007,22.183766233766214
Benin,Biomedical Research,2008-2012,71.20090187590176
Benin,Biomedical Research,2013-2017,82.76152097950818
Benin,Chemistry,1973-1977,0.5
Benin,Chemistry,1978-1982,1.0
Benin,Chemistry,1983-1987,2.5
Benin,Chemistry,1988-1992,3.916666666666666
Benin,Chemistry,1993-1997,1.166666666666666
Benin,Chemistry,1998-2002,0.5
Benin,Chemistry,2003-2007,7.833333333333325
Benin,Chemistry,2008-2012,5.133333333333333
Benin,Chemistry,2013-2017,5.255555555555555
Benin,Clinical Medicine,1978-1982,1.0
Benin,Clinical Medicine,1983-1987,11.666666666666666
Benin,Clinical Medicine,1988-1992,23.69999999999998
Benin,Clinical Medicine,1993-1997,28.81666666666665
Benin,Clinical Medicine,1998-2002,38.00955988455986
Benin,Clinical Medicine,2003-2007,57.04491341991333
Benin,Clinical Medicine,2008-2012,110.60593750641691
Benin,Clinical Medicine,2013-2017,134.52990536086597
Benin,Earth and Space,1973-1977,1.0
Benin,Earth and Space,1978-1982,2.5
Benin,Earth and Space,1983-1987,2.083333333333329
Benin,Earth and Space,1988-1992,2.0
Benin,Earth and Space,1993-1997,3.666666666666666
Benin,Earth and Space,1998-2002,0.833333333333333
Benin,Earth and Space,2003-2007,4.8222222222222175
Benin,Earth and Space,2008-2012,15.746245421245384
Benin,Earth and Space,2013-2017,55.246428571428496
Benin,Engineering and Technology,1993-1997,0.666666666666666
Benin,Engineering and Technology,1998-2002,6.366666666666666
Benin,Engineering and Technology,2003-2007,4.89999999999999
Benin,Engineering and Technology,2008-2012,1.083333333333333
Benin,Engineering and Technology,2013-2017,14.016666666666653
Benin,Health,1988-1992,1.333333333333333
Benin,Health,1993-1997,1.366666666666666
Benin,Health,1998-2002,0.866666666666666
Benin,Health,2003-2007,3.074999999999993
Benin,Health,2008-2012,15.205952380952354
Benin,Health,2013-2017,27.660914032866575
Benin,Humanities,1978-1982,1.0
Benin,Humanities,1988-1992,1.0
Benin,Humanities,1993-1997,1.0
Benin,Humanities,1998-2002,1.0
Benin,Humanities,2003-2007,3.0
Benin,Humanities,2008-2012,3.0
Benin,Humanities,2013-2017,1.0
Benin,Mathematics,1973-1977,3.0
Benin,Mathematics,1983-1987,1.5
Benin,Mathematics,1993-1997,0.5
Benin,Mathematics,1998-2002,4.783333333333331
Benin,Mathematics,2003-2007,11.53333333333331
Benin,Mathematics,2008-2012,21.89999999999999
Benin,Mathematics,2013-2017,13.666666666666655
Benin,Physics,1973-1977,1.0
Benin,Physics,1978-1982,1.5
Benin,Physics,1983-1987,0.333333333333333
Benin,Physics,1988-1992,1.916666666666666
Benin,Physics,1993-1997,7.666666666666666
Benin,Physics,1998-2002,18.33333333333332
Benin,Physics,2003-2007,15.916666666666655
Benin,Physics,2008-2012,19.14999999999998
Benin,Physics,2013-2017,58.59523809523803
Benin,Professional Fields,1978-1982,1.0
Benin,Professional Fields,1993-1997,1.0
Benin,Professional Fields,2003-2007,1.0
Benin,Professional Fields,2008-2012,3.5
Benin,Professional Fields,2013-2017,8.41014492753623
Benin,Psychology,1998-2002,1.0
Benin,Psychology,2008-2012,1.4313186813186805
Benin,Psychology,2013-2017,0.75
Benin,Social Sciences,1978-1982,1.0
Benin,Social Sciences,1983-1987,2.66666666666666
Benin,Social Sciences,1988-1992,2.0
Benin,Social Sciences,1993-1997,3.0
Benin,Social Sciences,1998-2002,1.9
Benin,Social Sciences,2003-2007,6.333333333333333
Benin,Social Sciences,2008-2012,9.166666666666659
Benin,Social Sciences,2013-2017,20.244780219780186
Bermuda,Biology,1973-1977,10.266666666666666
Bermuda,Biology,1978-1982,13.333333333333332
Bermuda,Biology,1983-1987,17.11666666666666
Bermuda,Biology,1988-1992,25.14999999999999
Bermuda,Biology,1993-1997,13.416666666666654
Bermuda,Biology,1998-2002,23.06363636363634
Bermuda,Biology,2003-2007,18.382575757575722
Bermuda,Biology,2008-2012,26.03763736263733
Bermuda,Biology,2013-2017,14.597008547008516
Bermuda,Biomedical Research,1973-1977,3.333333333333333
Bermuda,Biomedical Research,1978-1982,6.749999999999993
Bermuda,Biomedical Research,1983-1987,2.999999999999999
Bermuda,Biomedical Research,1988-1992,0.333333333333333
Bermuda,Biomedical Research,1993-1997,4.53333333333333
Bermuda,Biomedical Research,1998-2002,5.180158730158722
Bermuda,Biomedical Research,2003-2007,3.66785714285714
Bermuda,Biomedical Research,2008-2012,4.222960526315782
Bermuda,Biomedical Research,2013-2017,13.43918533157663
Bermuda,Chemistry,1973-1977,0.5
Bermuda,Chemistry,1983-1987,0.2
Bermuda,Chemistry,1993-1997,1.0
Bermuda,Clinical Medicine,1973-1977,3.333333333333333
Bermuda,Clinical Medicine,1978-1982,5.666666666666666
Bermuda,Clinical Medicine,1983-1987,3.0
Bermuda,Clinical Medicine,1993-1997,1.4
Bermuda,Clinical Medicine,1998-2002,1.8409090909090908
Bermuda,Clinical Medicine,2003-2007,1.083333333333333
Bermuda,Clinical Medicine,2008-2012,5.508333333333333
Bermuda,Clinical Medicine,2013-2017,5.770634920634919
Bermuda,Earth and Space,1973-1977,2.833333333333333
Bermuda,Earth and Space,1978-1982,2.333333333333333
Bermuda,Earth and Space,1983-1987,8.559523809523807
Bermuda,Earth and Space,1988-1992,7.209523809523799
Bermuda,Earth and Space,1993-1997,14.599999999999973
Bermuda,Earth and Space,1998-2002,24.301190476190452
Bermuda,Earth and Space,2003-2007,17.290079365079347
Bermuda,Earth and Space,2008-2012,23.643795093795045
Bermuda,Earth and Space,2013-2017,26.225451853298114
Bermuda,Engineering and Technology,1998-2002,2.583333333333333
Bermuda,Engineering and Technology,2003-2007,0.2
Bermuda,Engineering and Technology,2013-2017,2.726190476190475
Bermuda,Health,1973-1977,0.833333333333333
Bermuda,Health,1988-1992,0.333333333333333
Bermuda,Health,1993-1997,0.333333333333333
Bermuda,Health,1998-2002,0.0909090909090909
Bermuda,Health,2013-2017,0.75
Bermuda,Humanities,1973-1977,1.0
Bermuda,Humanities,1988-1992,2.0
Bermuda,Physics,1973-1977,1.0
Bermuda,Physics,1978-1982,1.0
Bermuda,Physics,1993-1997,1.0
Bermuda,Physics,1998-2002,0.2
Bermuda,Professional Fields,1988-1992,1.0
Bermuda,Professional Fields,1993-1997,1.0
Bermuda,Professional Fields,1998-2002,2.0
Bermuda,Professional Fields,2008-2012,0.333333333333333
Bermuda,Professional Fields,2013-2017,2.833333333333333
Bermuda,Psychology,1973-1977,1.0
Bermuda,Psychology,1978-1982,2.0
Bermuda,Psychology,1983-1987,2.0
Bermuda,Psychology,2013-2017,0.333333333333333
Bermuda,Social Sciences,1973-1977,0.5
Bermuda,Social Sciences,1978-1982,1.0
Bermuda,Social Sciences,1983-1987,0.833333333333333
Bermuda,Social Sciences,1988-1992,1.0
Bermuda,Social Sciences,1993-1997,1.0
Bermuda,Social Sciences,1998-2002,1.0
Bermuda,Social Sciences,2003-2007,4.833333333333333
Bermuda,Social Sciences,2008-2012,4.0
Bhutan,Arts,2013-2017,1.0
Bhutan,Biology,1988-1992,3.0
Bhutan,Biology,1993-1997,1.0
Bhutan,Biology,1998-2002,4.533333333333333
Bhutan,Biology,2003-2007,12.249999999999998
Bhutan,Biology,2008-2012,15.469047619047608
Bhutan,Biology,2013-2017,22.770921622237374
Bhutan,Biomedical Research,1988-1992,1.0
Bhutan,Biomedical Research,2003-2007,0.367857142857142
Bhutan,Biomedical Research,2008-2012,2.744444444444434
Bhutan,Biomedical Research,2013-2017,9.026315789473676
Bhutan,Chemistry,2008-2012,0.5
Bhutan,Chemistry,2013-2017,0.833333333333333
Bhutan,Clinical Medicine,1978-1982,1.0
Bhutan,Clinical Medicine,1983-1987,1.0
Bhutan,Clinical Medicine,1988-1992,1.666666666666666
Bhutan,Clinical Medicine,1993-1997,3.5
Bhutan,Clinical Medicine,1998-2002,0.5
Bhutan,Clinical Medicine,2003-2007,3.5333333333333297
Bhutan,Clinical Medicine,2008-2012,14.952380952380944
Bhutan,Clinical Medicine,2013-2017,31.557273010640927
Bhutan,Earth and Space,1993-1997,2.0
Bhutan,Earth and Space,1998-2002,1.833333333333333
Bhutan,Earth and Space,2003-2007,4.749999999999999
Bhutan,Earth and Space,2008-2012,5.175490196078424
Bhutan,Earth and Space,2013-2017,12.849603174603152
Bhutan,Engineering and Technology,1993-1997,0.333333333333333
Bhutan,Engineering and Technology,2003-2007,1.833333333333333
Bhutan,Engineering and Technology,2008-2012,2.25
Bhutan,Engineering and Technology,2013-2017,2.666666666666666
Bhutan,Health,1988-1992,1.0
Bhutan,Health,2008-2012,1.733333333333332
Bhutan,Health,2013-2017,8.766666666666655
Bhutan,Humanities,2013-2017,1.0
Bhutan,Mathematics,2013-2017,1.285714285714285
Bhutan,Physics,1998-2002,1.333333333333333
Bhutan,Physics,2003-2007,2.5
Bhutan,Physics,2013-2017,2.1166666666666663
Bhutan,Professional Fields,2003-2007,0.666666666666666
Bhutan,Professional Fields,2008-2012,1.833333333333333
Bhutan,Professional Fields,2013-2017,2.510869565217391
Bhutan,Psychology,2013-2017,1.0
Bhutan,Social Sciences,1993-1997,1.0
Bhutan,Social Sciences,1998-2002,1.0
Bhutan,Social Sciences,2003-2007,2.5
Bhutan,Social Sciences,2008-2012,1.583333333333333
Bhutan,Social Sciences,2013-2017,8.35
Bolivia,Arts,1998-2002,1.0
Bolivia,Arts,2008-2012,0.5
Bolivia,Arts,2013-2017,0.666666666666666
Bolivia,Biology,1973-1977,4.666666666666666
Bolivia,Biology,1978-1982,15.79166666666665
Bolivia,Biology,1983-1987,8.566666666666652
Bolivia,Biology,1988-1992,16.833333333333325
Bolivia,Biology,1993-1997,42.93333333333328
Bolivia,Biology,1998-2002,66.5157142857142
Bolivia,Biology,2003-2007,136.06640720390703
Bolivia,Biology,2008-2012,145.92137884780468
Bolivia,Biology,2013-2017,130.57366464836772
Bolivia,Biomedical Research,1973-1977,6.083333333333333
Bolivia,Biomedical Research,1978-1982,7.566666666666656
Bolivia,Biomedical Research,1983-1987,12.083333333333321
Bolivia,Biomedical Research,1988-1992,8.766666666666659
Bolivia,Biomedical Research,1993-1997,19.18239348370925
Bolivia,Biomedical Research,1998-2002,12.303113553113539
Bolivia,Biomedical Research,2003-2007,30.66614746364743
Bolivia,Biomedical Research,2008-2012,38.622294782538646
Bolivia,Biomedical Research,2013-2017,51.33631156083528
Bolivia,Chemistry,1973-1977,1.5
Bolivia,Chemistry,1978-1982,1.916666666666666
Bolivia,Chemistry,1983-1987,2.333333333333326
Bolivia,Chemistry,1988-1992,4.833333333333333
Bolivia,Chemistry,1993-1997,7.266666666666656
Bolivia,Chemistry,1998-2002,5.083333333333325
Bolivia,Chemistry,2003-2007,5.349999999999998
Bolivia,Chemistry,2008-2012,7.7333333333333165
Bolivia,Chemistry,2013-2017,9.066666666666645
Bolivia,Clinical Medicine,1973-1977,17.833333333333325
Bolivia,Clinical Medicine,1978-1982,20.08333333333333
Bolivia,Clinical Medicine,1983-1987,30.549999999999958
Bolivia,Clinical Medicine,1988-1992,29.70833333333331
Bolivia,Clinical Medicine,1993-1997,43.48571428571423
Bolivia,Clinical Medicine,1998-2002,60.10656288156281
Bolivia,Clinical Medicine,2003-2007,63.603800127075914
Bolivia,Clinical Medicine,2008-2012,92.57949104231969
Bolivia,Clinical Medicine,2013-2017,73.77775262792727
Bolivia,Earth and Space,1973-1977,5.559523809523805
Bolivia,Earth and Space,1978-1982,4.033333333333333
Bolivia,Earth and Space,1983-1987,5.7261904761904745
Bolivia,Earth and Space,1988-1992,11.192857142857132
Bolivia,Earth and Space,1993-1997,19.553968253968225
Bolivia,Earth and Space,1998-2002,25.204401154401104
Bolivia,Earth and Space,2003-2007,25.620313549129406
Bolivia,Earth and Space,2008-2012,30.332654184544328
Bolivia,Earth and Space,2013-2017,48.500856594654024
Bolivia,Engineering and Technology,1973-1977,0.333333333333333
Bolivia,Engineering and Technology,1978-1982,1.0
Bolivia,Engineering and Technology,1983-1987,1.333333333333333
Bolivia,Engineering and Technology,1988-1992,2.0
Bolivia,Engineering and Technology,1993-1997,4.666666666666666
Bolivia,Engineering and Technology,1998-2002,4.749999999999993
Bolivia,Engineering and Technology,2003-2007,2.2830086580086566
Bolivia,Engineering and Technology,2008-2012,6.971428571428571
Bolivia,Engineering and Technology,2013-2017,18.44424603174601
Bolivia,Health,1973-1977,0.5
Bolivia,Health,1983-1987,1.0
Bolivia,Health,1988-1992,1.0
Bolivia,Health,1993-1997,2.499999999999996
Bolivia,Health,1998-2002,3.599999999999992
Bolivia,Health,2003-2007,5.042857142857132
Bolivia,Health,2008-2012,14.661147186147167
Bolivia,Health,2013-2017,11.141720164939958
Bolivia,Humanities,1973-1977,1.0
Bolivia,Humanities,1983-1987,5.0
Bolivia,Humanities,1988-1992,5.0
Bolivia,Humanities,1993-1997,4.0
Bolivia,Humanities,1998-2002,3.0
Bolivia,Humanities,2003-2007,3.0
Bolivia,Humanities,2008-2012,8.0
Bolivia,Humanities,2013-2017,3.326190476190474
Bolivia,Mathematics,1973-1977,0.333333333333333
Bolivia,Mathematics,1998-2002,0.333333333333333
Bolivia,Mathematics,2003-2007,1.476190476190473
Bolivia,Mathematics,2013-2017,2.595238095238095
Bolivia,Physics,1973-1977,3.5
Bolivia,Physics,1978-1982,1.25
Bolivia,Physics,1983-1987,0.311111111111111
Bolivia,Physics,1993-1997,3.432539682539674
Bolivia,Physics,1998-2002,2.6249999999999982
Bolivia,Physics,2003-2007,7.111147186147184
Bolivia,Physics,2008-2012,3.639073764365237
Bolivia,Physics,2013-2017,15.256746031746014
Bolivia,Professional Fields,1978-1982,1.5
Bolivia,Professional Fields,1983-1987,1.333333333333333
Bolivia,Professional Fields,1993-1997,0.5
Bolivia,Professional Fields,1998-2002,0.642857142857142
Bolivia,Professional Fields,2003-2007,0.583333333333333
Bolivia,Professional Fields,2008-2012,5.866666666666659
Bolivia,Professional Fields,2013-2017,4.155555555555555
Bolivia,Psychology,1973-1977,1.0
Bolivia,Psychology,1978-1982,1.0
Bolivia,Psychology,1983-1987,1.0
Bolivia,Psychology,1988-1992,1.0
Bolivia,Psychology,1993-1997,1.0
Bolivia,Psychology,1998-2002,2.75
Bolivia,Psychology,2008-2012,2.8666666666666663
Bolivia,Psychology,2013-2017,2.708946608946606
Bolivia,Social Sciences,1973-1977,1.333333333333333
Bolivia,Social Sciences,1978-1982,1.333333333333333
Bolivia,Social Sciences,1983-1987,4.5
Bolivia,Social Sciences,1988-1992,9.416666666666666
Bolivia,Social Sciences,1993-1997,8.249999999999998
Bolivia,Social Sciences,1998-2002,10.4651515151515
Bolivia,Social Sciences,2003-2007,11.759523809523788
Bolivia,Social Sciences,2008-2012,30.294119769119735
Bolivia,Social Sciences,2013-2017,26.11539145608911
Bosnia & Herzegovina,Arts,2003-2007,1.5
Bosnia & Herzegovina,Arts,2008-2012,8.666666666666663
Bosnia & Herzegovina,Arts,2013-2017,8.5
Bosnia & Herzegovina,Biology,1993-1997,1.416666666666666
Bosnia & Herzegovina,Biology,1998-2002,2.166666666666666
Bosnia & Herzegovina,Biology,2003-2007,20.313492063492028
Bosnia & Herzegovina,Biology,2008-2012,62.69504996918779
Bosnia & Herzegovina,Biology,2013-2017,92.66341397087083
Bosnia & Herzegovina,Biomedical Research,1988-1992,1.0
Bosnia & Herzegovina,Biomedical Research,1993-1997,16.53333333333333
Bosnia & Herzegovina,Biomedical Research,1998-2002,8.13333333333333
Bosnia & Herzegovina,Biomedical Research,2003-2007,22.076923076923045
Bosnia & Herzegovina,Biomedical Research,2008-2012,57.8147512314406
Bosnia & Herzegovina,Biomedical Research,2013-2017,93.80424773195114
Bosnia & Herzegovina,Chemistry,1973-1977,0.333333333333333
Bosnia & Herzegovina,Chemistry,1988-1992,1.5
Bosnia & Herzegovina,Chemistry,1993-1997,3.833333333333333
Bosnia & Herzegovina,Chemistry,1998-2002,4.333333333333333
Bosnia & Herzegovina,Chemistry,2003-2007,12.061111111111103
Bosnia & Herzegovina,Chemistry,2008-2012,12.409523809523787
Bosnia & Herzegovina,Chemistry,2013-2017,45.97023809523806
Bosnia & Herzegovina,Clinical Medicine,1988-1992,4.2
Bosnia & Herzegovina,Clinical Medicine,1993-1997,13.666666666666664
Bosnia & Herzegovina,Clinical Medicine,1998-2002,29.661111111111087
Bosnia & Herzegovina,Clinical Medicine,2003-2007,178.3619130869126
Bosnia & Herzegovina,Clinical Medicine,2008-2012,723.081307858661
Bosnia & Herzegovina,Clinical Medicine,2013-2017,363.6467989694723
Bosnia & Herzegovina,Earth and Space,1993-1997,0.333333333333333
Bosnia & Herzegovina,Earth and Space,1998-2002,0.75
Bosnia & Herzegovina,Earth and Space,2003-2007,10.904700854700854
Bosnia & Herzegovina,Earth and Space,2008-2012,34.57202380952378
Bosnia & Herzegovina,Earth and Space,2013-2017,46.124225447754796
Bosnia & Herzegovina,Engineering and Technology,1988-1992,3.0
Bosnia & Herzegovina,Engineering and Technology,1993-1997,13.583333333333332
Bosnia & Herzegovina,Engineering and Technology,1998-2002,18.166666666666664
Bosnia & Herzegovina,Engineering and Technology,2003-2007,42.533333333333296
Bosnia & Herzegovina,Engineering and Technology,2008-2012,261.8142857142852
Bosnia & Herzegovina,Engineering and Technology,2013-2017,247.0996031746028
Bosnia & Herzegovina,Health,1993-1997,0.166666666666666
Bosnia & Herzegovina,Health,1998-2002,0.5
Bosnia & Herzegovina,Health,2003-2007,0.833333333333333
Bosnia & Herzegovina,Health,2008-2012,7.996825396825396
Bosnia & Herzegovina,Health,2013-2017,13.557014695830476
Bosnia & Herzegovina,Humanities,1993-1997,5.0
Bosnia & Herzegovina,Humanities,2003-2007,4.0
Bosnia & Herzegovina,Humanities,2008-2012,22.25
Bosnia & Herzegovina,Humanities,2013-2017,29.5
Bosnia & Herzegovina,Mathematics,1993-1997,6.5
Bosnia & Herzegovina,Mathematics,1998-2002,7.5
Bosnia & Herzegovina,Mathematics,2003-2007,19.66666666666666
Bosnia & Herzegovina,Mathematics,2008-2012,41.533333333333296
Bosnia & Herzegovina,Mathematics,2013-2017,66.6166666666665
Bosnia & Herzegovina,Physics,1993-1997,9.866666666666653
Bosnia & Herzegovina,Physics,1998-2002,14.30238095238093
Bosnia & Herzegovina,Physics,2003-2007,25.800432900432853
Bosnia & Herzegovina,Physics,2008-2012,44.824314574314506
Bosnia & Herzegovina,Physics,2013-2017,53.16278264929151
Bosnia & Herzegovina,Professional Fields,1993-1997,2.0
Bosnia & Herzegovina,Professional Fields,1998-2002,2.25
Bosnia & Herzegovina,Professional Fields,2003-2007,3.222222222222222
Bosnia & Herzegovina,Professional Fields,2008-2012,20.916666666666654
Bosnia & Herzegovina,Professional Fields,2013-2017,36.085714285714246
Bosnia & Herzegovina,Psychology,1998-2002,2.791666666666666
Bosnia & Herzegovina,Psychology,2003-2007,2.666666666666662
Bosnia & Herzegovina,Psychology,2008-2012,11.102525252525243
Bosnia & Herzegovina,Psychology,2013-2017,14.739898989898986
Bosnia & Herzegovina,Social Sciences,1993-1997,1.5
Bosnia & Herzegovina,Social Sciences,1998-2002,9.11666666666666
Bosnia & Herzegovina,Social Sciences,2003-2007,24.62619047619046
Bosnia & Herzegovina,Social Sciences,2008-2012,108.89841269841253
Bosnia & Herzegovina,Social Sciences,2013-2017,49.32222222222218
Botswana,Arts,1978-1982,3.0
Botswana,Arts,2003-2007,0.5
Botswana,Arts,2008-2012,1.476190476190475
Botswana,Biology,1973-1977,9.5
Botswana,Biology,1978-1982,25.166666666666664
Botswana,Biology,1983-1987,19.166666666666664
Botswana,Biology,1988-1992,29.111111111111093
Botswana,Biology,1993-1997,64.16666666666666
Botswana,Biology,1998-2002,71.49999999999994
Botswana,Biology,2003-2007,79.38333333333327
Botswana,Biology,2008-2012,69.45946275946268
Botswana,Biology,2013-2017,79.40492367109998
Botswana,Biomedical Research,1973-1977,1.5
Botswana,Biomedical Research,1978-1982,1.0
Botswana,Biomedical Research,1983-1987,1.833333333333333
Botswana,Biomedical Research,1988-1992,0.333333333333333
Botswana,Biomedical Research,1993-1997,10.5
Botswana,Biomedical Research,1998-2002,10.280158730158726
Botswana,Biomedical Research,2003-2007,23.76816239316238
Botswana,Biomedical Research,2008-2012,44.09725829725823
Botswana,Biomedical Research,2013-2017,54.113892772174445
Botswana,Chemistry,1983-1987,2.5
Botswana,Chemistry,1988-1992,0.833333333333333
Botswana,Chemistry,1993-1997,17.0
Botswana,Chemistry,1998-2002,46.249999999999986
Botswana,Chemistry,2003-2007,74.73333333333332
Botswana,Chemistry,2008-2012,47.94444444444443
Botswana,Chemistry,2013-2017,40.128968253968196
Botswana,Clinical Medicine,1973-1977,9.0
Botswana,Clinical Medicine,1978-1982,26.5
Botswana,Clinical Medicine,1983-1987,19.9
Botswana,Clinical Medicine,1988-1992,9.749999999999996
Botswana,Clinical Medicine,1993-1997,17.305555555555546
Botswana,Clinical Medicine,1998-2002,58.84623493426796
Botswana,Clinical Medicine,2003-2007,59.86351817042602
Botswana,Clinical Medicine,2008-2012,62.602433993022146
Botswana,Clinical Medicine,2013-2017,113.99703348188086
Botswana,Earth and Space,1973-1977,3.333333333333333
Botswana,Earth and Space,1978-1982,3.083333333333333
Botswana,Earth and Space,1983-1987,10.5
Botswana,Earth and Space,1988-1992,13.416666666666663
Botswana,Earth and Space,1993-1997,19.50952380952379
Botswana,Earth and Space,1998-2002,44.23333333333329
Botswana,Earth and Space,2003-2007,78.47896825396816
Botswana,Earth and Space,2008-2012,54.305927405927335
Botswana,Earth and Space,2013-2017,56.62410926886725
Botswana,Engineering and Technology,1973-1977,1.0
Botswana,Engineering and Technology,1978-1982,2.833333333333333
Botswana,Engineering and Technology,1983-1987,5.0
Botswana,Engineering and Technology,1988-1992,2.0
Botswana,Engineering and Technology,1993-1997,25.0
Botswana,Engineering and Technology,1998-2002,15.583333333333332
Botswana,Engineering and Technology,2003-2007,19.48333333333332
Botswana,Engineering and Technology,2008-2012,32.333333333333314
Botswana,Engineering and Technology,2013-2017,43.57023809523802
Botswana,Health,1983-1987,3.0
Botswana,Health,1988-1992,0.5
Botswana,Health,1993-1997,6.333333333333333
Botswana,Health,1998-2002,6.15
Botswana,Health,2003-2007,23.829166666666655
Botswana,Health,2008-2012,36.41422466422463
Botswana,Health,2013-2017,36.70206457271079
Botswana,Humanities,1973-1977,1.0
Botswana,Humanities,1983-1987,7.0
Botswana,Humanities,1988-1992,2.0
Botswana,Humanities,1993-1997,4.0
Botswana,Humanities,1998-2002,11.0
Botswana,Humanities,2003-2007,10.5
Botswana,Humanities,2008-2012,29.666666666666664
Botswana,Humanities,2013-2017,27.5
Botswana,Mathematics,1983-1987,1.0
Botswana,Mathematics,1988-1992,3.5
Botswana,Mathematics,1993-1997,4.5
Botswana,Mathematics,1998-2002,25.666666666666664
Botswana,Mathematics,2003-2007,19.166666666666664
Botswana,Mathematics,2008-2012,23.83333333333332
Botswana,Mathematics,2013-2017,46.866666666666596
Botswana,Physics,1973-1977,1.0
Botswana,Physics,1978-1982,1.0
Botswana,Physics,1983-1987,1.0
Botswana,Physics,1988-1992,8.833333333333332
Botswana,Physics,1993-1997,7.5
Botswana,Physics,1998-2002,15.166666666666652
Botswana,Physics,2003-2007,20.499999999999993
Botswana,Physics,2008-2012,11.833333333333316
Botswana,Physics,2013-2017,26.04999999999997
Botswana,Professional Fields,1973-1977,1.0
Botswana,Professional Fields,1978-1982,1.0
Botswana,Professional Fields,1983-1987,3.5
Botswana,Professional Fields,1988-1992,20.2
Botswana,Professional Fields,1993-1997,30.53333333333333
Botswana,Professional Fields,1998-2002,41.0
Botswana,Professional Fields,2003-2007,54.33333333333333
Botswana,Professional Fields,2008-2012,70.4722222222222
Botswana,Professional Fields,2013-2017,38.4351119894598
Botswana,Psychology,1983-1987,2.333333333333333
Botswana,Psychology,1988-1992,0.333333333333333
Botswana,Psychology,1993-1997,1.0
Botswana,Psychology,1998-2002,1.5454545454545454
Botswana,Psychology,2003-2007,3.5580301685891715
Botswana,Psychology,2008-2012,9.598258706467663
Botswana,Psychology,2013-2017,9.183333333333328
Botswana,Social Sciences,1973-1977,3.0
Botswana,Social Sciences,1978-1982,13.0
Botswana,Social Sciences,1983-1987,12.0
Botswana,Social Sciences,1988-1992,15.5
Botswana,Social Sciences,1993-1997,35.16666666666665
Botswana,Social Sciences,1998-2002,57.54166666666665
Botswana,Social Sciences,2003-2007,47.61904761904761
Botswana,Social Sciences,2008-2012,61.19404761904759
Botswana,Social Sciences,2013-2017,40.77777777777774
Brazil,Arts,1973-1977,2.0
Brazil,Arts,1978-1982,12.0
Brazil,Arts,1983-1987,21.5
Brazil,Arts,1988-1992,26.0
Brazil,Arts,1993-1997,19.83333333333333
Brazil,Arts,1998-2002,39.22619047619047
Brazil,Arts,2003-2007,31.166666666666664
Brazil,Arts,2008-2012,188.11428571428542
Brazil,Arts,2013-2017,249.6903299916455
Brazil,Biology,1973-1977,417.8666666666661
Brazil,Biology,1978-1982,1133.174999999998
Brazil,Biology,1983-1987,2125.0166666666632
Brazil,Biology,1988-1992,2533.6523809523756
Brazil,Biology,1993-1997,3511.544047619037
Brazil,Biology,1998-2002,5794.932930402916
Brazil,Biology,2003-2007,12771.959102657725
Brazil,Biology,2008-2012,29442.80261130163
Brazil,Biology,2013-2017,37556.99702603718
Brazil,Biomedical Research,1973-1977,756.8602564102557
Brazil,Biomedical Research,1978-1982,1490.9035714285694
Brazil,Biomedical Research,1983-1987,1996.157683982679
Brazil,Biomedical Research,1988-1992,3042.2673992673917
Brazil,Biomedical Research,1993-1997,3974.4185717790874
Brazil,Biomedical Research,1998-2002,5772.825092893427
Brazil,Biomedical Research,2003-2007,8954.042969458189
Brazil,Biomedical Research,2008-2012,16623.610367320995
Brazil,Biomedical Research,2013-2017,23126.536507289395
Brazil,Chemistry,1973-1977,668.4999999999993
Brazil,Chemistry,1978-1982,974.3999999999979
Brazil,Chemistry,1983-1987,951.1666666666654
Brazil,Chemistry,1988-1992,1005.4666666666651
Brazil,Chemistry,1993-1997,2576.494841269835
Brazil,Chemistry,1998-2002,5412.466666666652
Brazil,Chemistry,2003-2007,8455.574321399305
Brazil,Chemistry,2008-2012,11118.301663062874
Brazil,Chemistry,2013-2017,13537.596325705059
Brazil,Clinical Medicine,1973-1977,1311.2373949579821
Brazil,Clinical Medicine,1978-1982,2215.6314425770265
Brazil,Clinical Medicine,1983-1987,2287.557081807079
Brazil,Clinical Medicine,1988-1992,3608.5411735486673
Brazil,Clinical Medicine,1993-1997,5045.974360808025
Brazil,Clinical Medicine,1998-2002,11347.318620409545
Brazil,Clinical Medicine,2003-2007,21789.13616952431
Brazil,Clinical Medicine,2008-2012,46252.50791386431
Brazil,Clinical Medicine,2013-2017,48326.78480642488
Brazil,Earth and Space,1973-1977,146.6333333333332
Brazil,Earth and Space,1978-1982,281.866666666666
Brazil,Earth and Space,1983-1987,566.917156862744
Brazil,Earth and Space,1988-1992,854.6277661064405
Brazil,Earth and Space,1993-1997,1048.1414602788502
Brazil,Earth and Space,1998-2002,1788.7071346393986
Brazil,Earth and Space,2003-2007,2931.5356764016956
Brazil,Earth and Space,2008-2012,4632.543664817651
Brazil,Earth and Space,2013-2017,7975.974839638788
Brazil,Engineering and Technology,1973-1977,180.28333333333302
Brazil,Engineering and Technology,1978-1982,329.9499999999994
Brazil,Engineering and Technology,1983-1987,452.927777777777
Brazil,Engineering and Technology,1988-1992,877.9642857142843
Brazil,Engineering and Technology,1993-1997,1671.0956210456177
Brazil,Engineering and Technology,1998-2002,4409.596626984112
Brazil,Engineering and Technology,2003-2007,7615.140972064469
Brazil,Engineering and Technology,2008-2012,10806.616661649197
Brazil,Engineering and Technology,2013-2017,17514.309587579715
Brazil,Health,1973-1977,6.0
Brazil,Health,1978-1982,45.80952380952375
Brazil,Health,1983-1987,256.06944444444423
Brazil,Health,1988-1992,301.1666666666664
Brazil,Health,1993-1997,341.7222222222219
Brazil,Health,1998-2002,522.9734487734468
Brazil,Health,2003-2007,1564.042906266307
Brazil,Health,2008-2012,7674.637012987007
Brazil,Health,2013-2017,7177.338136838461
Brazil,Humanities,1973-1977,50.16666666666666
Brazil,Humanities,1978-1982,109.5
Brazil,Humanities,1983-1987,118.99999999999999
Brazil,Humanities,1988-1992,149.16666666666666
Brazil,Humanities,1993-1997,157.83333333333331
Brazil,Humanities,1998-2002,190.83333333333331
Brazil,Humanities,2003-2007,279.8333333333332
Brazil,Humanities,2008-2012,1213.109523809522
Brazil,Humanities,2013-2017,1415.7074277030126
Brazil,Mathematics,1973-1977,166.66666666666637
Brazil,Mathematics,1978-1982,247.74999999999972
Brazil,Mathematics,1983-1987,397.19999999999925
Brazil,Mathematics,1988-1992,527.5666666666659
Brazil,Mathematics,1993-1997,744.5999999999984
Brazil,Mathematics,1998-2002,1302.999999999996
Brazil,Mathematics,2003-2007,2044.2333333333272
Brazil,Mathematics,2008-2012,3275.206349206343
Brazil,Mathematics,2013-2017,4511.275577200568
Brazil,Physics,1973-1977,735.1833333333324
Brazil,Physics,1978-1982,1267.2828157349882
Brazil,Physics,1983-1987,1637.211706349202
Brazil,Physics,1988-1992,2576.734241749162
Brazil,Physics,1993-1997,4089.4351573763206
Brazil,Physics,1998-2002,7234.897174063845
Brazil,Physics,2003-2007,8817.469879183851
Brazil,Physics,2008-2012,8244.280869307868
Brazil,Physics,2013-2017,8844.132136928183
Brazil,Professional Fields,1973-1977,21.083333333333332
Brazil,Professional Fields,1978-1982,40.16666666666666
Brazil,Professional Fields,1983-1987,41.23333333333332
Brazil,Professional Fields,1988-1992,76.08571428571426
Brazil,Professional Fields,1993-1997,122.24999999999976
Brazil,Professional Fields,1998-2002,199.6523809523807
Brazil,Professional Fields,2003-2007,339.9797619047615
Brazil,Professional Fields,2008-2012,1961.9664753582526
Brazil,Professional Fields,2013-2017,2062.417747067742
Brazil,Psychology,1973-1977,144.3333333333333
Brazil,Psychology,1978-1982,224.04166666666657
Brazil,Psychology,1983-1987,273.9166666666665
Brazil,Psychology,1988-1992,172.04999999999976
Brazil,Psychology,1993-1997,135.97619047619008
Brazil,Psychology,1998-2002,221.50735930735883
Brazil,Psychology,2003-2007,394.19283742482446
Brazil,Psychology,2008-2012,1187.095624935005
Brazil,Psychology,2013-2017,1417.2563884412998
Brazil,Social Sciences,1973-1977,118.66666666666656
Brazil,Social Sciences,1978-1982,220.12499999999983
Brazil,Social Sciences,1983-1987,237.8761904761902
Brazil,Social Sciences,1988-1992,200.06666666666644
Brazil,Social Sciences,1993-1997,291.89166666666614
Brazil,Social Sciences,1998-2002,462.2999999999992
Brazil,Social Sciences,2003-2007,670.4322420634912
Brazil,Social Sciences,2008-2012,2276.8332722832665
Brazil,Social Sciences,2013-2017,2989.274964026209
Brunei,Arts,2013-2017,1.0
Brunei,Biology,1978-1982,8.0
Brunei,Biology,1983-1987,2.0
Brunei,Biology,1988-1992,5.833333333333333
Brunei,Biology,1993-1997,10.583333333333329
Brunei,Biology,1998-2002,21.74999999999999
Brunei,Biology,2003-2007,15.283333333333328
Brunei,Biology,2008-2012,21.72361111111109
Brunei,Biology,2013-2017,45.128834104491894
Brunei,Biomedical Research,1993-1997,2.999999999999996
Brunei,Biomedical Research,1998-2002,1.45
Brunei,Biomedical Research,2003-2007,1.999999999999999
Brunei,Biomedical Research,2008-2012,6.772222222222218
Brunei,Biomedical Research,2013-2017,26.297715582751806
Brunei,Chemistry,1988-1992,4.4166666666666625
Brunei,Chemistry,1993-1997,9.466666666666663
Brunei,Chemistry,1998-2002,9.833333333333329
Brunei,Chemistry,2003-2007,7.19999999999999
Brunei,Chemistry,2008-2012,11.916666666666641
Brunei,Chemistry,2013-2017,27.396031746031685
Brunei,Clinical Medicine,1973-1977,2.0
Brunei,Clinical Medicine,1978-1982,3.5
Brunei,Clinical Medicine,1983-1987,3.5
Brunei,Clinical Medicine,1988-1992,3.0
Brunei,Clinical Medicine,1993-1997,7.05
Brunei,Clinical Medicine,1998-2002,15.833333333333332
Brunei,Clinical Medicine,2003-2007,18.30049019607842
Brunei,Clinical Medicine,2008-2012,63.598056415548655
Brunei,Clinical Medicine,2013-2017,46.91519393191041
Brunei,Earth and Space,1983-1987,2.333333333333333
Brunei,Earth and Space,1988-1992,0.583333333333333
Brunei,Earth and Space,1993-1997,7.083333333333333
Brunei,Earth and Space,1998-2002,22.333333333333307
Brunei,Earth and Space,2003-2007,15.549999999999992
Brunei,Earth and Space,2008-2012,6.586805555555536
Brunei,Earth and Space,2013-2017,35.49329004328997
Brunei,Engineering and Technology,1973-1977,2.0
Brunei,Engineering and Technology,1983-1987,3.0
Brunei,Engineering and Technology,1988-1992,6.5
Brunei,Engineering and Technology,1993-1997,10.833333333333332
Brunei,Engineering and Technology,1998-2002,11.333333333333329
Brunei,Engineering and Technology,2003-2007,8.666666666666666
Brunei,Engineering and Technology,2008-2012,11.916666666666664
Brunei,Engineering and Technology,2013-2017,91.92976190476176
Brunei,Health,1993-1997,1.666666666666666
Brunei,Health,1998-2002,0.5
Brunei,Health,2008-2012,2.533333333333333
Brunei,Health,2013-2017,11.753968253968242
Brunei,Humanities,1973-1977,1.0
Brunei,Humanities,1988-1992,1.0
Brunei,Humanities,1993-1997,1.0
Brunei,Humanities,1998-2002,3.0
Brunei,Humanities,2003-2007,3.0
Brunei,Humanities,2008-2012,11.833333333333332
Brunei,Humanities,2013-2017,18.5
Brunei,Mathematics,1983-1987,2.0
Brunei,Mathematics,1988-1992,2.166666666666666
Brunei,Mathematics,1993-1997,2.833333333333333
Brunei,Mathematics,1998-2002,14.08333333333333
Brunei,Mathematics,2003-2007,16.41666666666666
Brunei,Mathematics,2008-2012,13.999999999999993
Brunei,Mathematics,2013-2017,14.199999999999992
Brunei,Physics,1988-1992,0.333333333333333
Brunei,Physics,1993-1997,1.283333333333333
Brunei,Physics,1998-2002,3.58333333333333
Brunei,Physics,2003-2007,10.333333333333332
Brunei,Physics,2008-2012,4.833333333333333
Brunei,Physics,2013-2017,22.367857142857133
Brunei,Professional Fields,1983-1987,0.333333333333333
Brunei,Professional Fields,1993-1997,8.0
Brunei,Professional Fields,1998-2002,7.0
Brunei,Professional Fields,2003-2007,3.999999999999999
Brunei,Professional Fields,2008-2012,6.833333333333326
Brunei,Professional Fields,2013-2017,13.166666666666648
Brunei,Psychology,1998-2002,1.0
Brunei,Psychology,2003-2007,1.0
Brunei,Psychology,2008-2012,0.45
Brunei,Psychology,2013-2017,4.4833333333333325
Brunei,Social Sciences,1983-1987,1.0
Brunei,Social Sciences,1988-1992,10.5
Brunei,Social Sciences,1993-1997,3.5
Brunei,Social Sciences,1998-2002,4.0
Brunei,Social Sciences,2003-2007,3.833333333333333
Brunei,Social Sciences,2008-2012,6.166666666666666
Brunei,Social Sciences,2013-2017,32.49999999999999
Bulgaria,Arts,1973-1977,3.0
Bulgaria,Arts,1978-1982,3.0
Bulgaria,Arts,1983-1987,7.0
Bulgaria,Arts,1988-1992,9.0
Bulgaria,Arts,1993-1997,5.0
Bulgaria,Arts,1998-2002,7.333333333333332
Bulgaria,Arts,2003-2007,0.666666666666666
Bulgaria,Arts,2008-2012,5.5
Bulgaria,Arts,2013-2017,2.0333333333333328
Bulgaria,Biology,1973-1977,95.24999999999999
Bulgaria,Biology,1978-1982,157.41666666666654
Bulgaria,Biology,1983-1987,182.94999999999968
Bulgaria,Biology,1988-1992,238.00757575757547
Bulgaria,Biology,1993-1997,407.7333333333328
Bulgaria,Biology,1998-2002,377.4630952380945
Bulgaria,Biology,2003-2007,595.8841269841256
Bulgaria,Biology,2008-2012,1807.1521211404106
Bulgaria,Biology,2013-2017,1606.9990761613578
Bulgaria,Biomedical Research,1973-1977,2404.3095238095207
Bulgaria,Biomedical Research,1978-1982,2426.08333333333
Bulgaria,Biomedical Research,1983-1987,2457.333333333329
Bulgaria,Biomedical Research,1988-1992,2323.268222976794
Bulgaria,Biomedical Research,1993-1997,576.793192918192
Bulgaria,Biomedical Research,1998-2002,611.0582973821234
Bulgaria,Biomedical Research,2003-2007,546.153405910631
Bulgaria,Biomedical Research,2008-2012,586.3587914088384
Bulgaria,Biomedical Research,2013-2017,480.65778233905326
Bulgaria,Chemistry,1973-1977,657.6666666666663
Bulgaria,Chemistry,1978-1982,881.3333333333323
Bulgaria,Chemistry,1983-1987,1114.5333333333306
Bulgaria,Chemistry,1988-1992,1408.6857142857107
Bulgaria,Chemistry,1993-1997,1522.33333333333
Bulgaria,Chemistry,1998-2002,1242.6428571428514
Bulgaria,Chemistry,2003-2007,1323.8635778635733
Bulgaria,Chemistry,2008-2012,1239.221918767502
Bulgaria,Chemistry,2013-2017,1584.8498529248484
Bulgaria,Clinical Medicine,1973-1977,512.7588235294115
Bulgaria,Clinical Medicine,1978-1982,532.8284663865543
Bulgaria,Clinical Medicine,1983-1987,465.1742424242421
Bulgaria,Clinical Medicine,1988-1992,625.1955555555547
Bulgaria,Clinical Medicine,1993-1997,630.6298875960634
Bulgaria,Clinical Medicine,1998-2002,656.1485881765282
Bulgaria,Clinical Medicine,2003-2007,700.2698825913211
Bulgaria,Clinical Medicine,2008-2012,844.5362220602631
Bulgaria,Clinical Medicine,2013-2017,834.2688803420807
Bulgaria,Earth and Space,1973-1977,57.91666666666666
Bulgaria,Earth and Space,1978-1982,62.11111111111109
Bulgaria,Earth and Space,1983-1987,116.2531135531133
Bulgaria,Earth and Space,1988-1992,201.9023809523806
Bulgaria,Earth and Space,1993-1997,222.04852290983828
Bulgaria,Earth and Space,1998-2002,274.990010398098
Bulgaria,Earth and Space,2003-2007,328.98014233663696
Bulgaria,Earth and Space,2008-2012,412.51890919529586
Bulgaria,Earth and Space,2013-2017,392.9745819170249
Bulgaria,Engineering and Technology,1973-1977,171.49999999999997
Bulgaria,Engineering and Technology,1978-1982,283.54523809523795
Bulgaria,Engineering and Technology,1983-1987,441.4523809523805
Bulgaria,Engineering and Technology,1988-1992,575.1666666666661
Bulgaria,Engineering and Technology,1993-1997,879.4833333333319
Bulgaria,Engineering and Technology,1998-2002,953.2452380952365
Bulgaria,Engineering and Technology,2003-2007,948.5724206349187
Bulgaria,Engineering and Technology,2008-2012,1209.1485527569723
Bulgaria,Engineering and Technology,2013-2017,944.5129113893647
Bulgaria,Health,1973-1977,1.5
Bulgaria,Health,1988-1992,1.0
Bulgaria,Health,1993-1997,8.499999999999996
Bulgaria,Health,1998-2002,4.190476190476183
Bulgaria,Health,2003-2007,16.574999999999992
Bulgaria,Health,2008-2012,24.68803663309293
Bulgaria,Health,2013-2017,33.467668074959036
Bulgaria,Humanities,1973-1977,40.5
Bulgaria,Humanities,1978-1982,95.0
Bulgaria,Humanities,1983-1987,130.0
Bulgaria,Humanities,1988-1992,105.5
Bulgaria,Humanities,1993-1997,141.0
Bulgaria,Humanities,1998-2002,84.33333333333333
Bulgaria,Humanities,2003-2007,56.0
Bulgaria,Humanities,2008-2012,101.91666666666653
Bulgaria,Humanities,2013-2017,105.5333333333333
Bulgaria,Mathematics,1973-1977,40.16666666666666
Bulgaria,Mathematics,1978-1982,92.0
Bulgaria,Mathematics,1983-1987,215.64999999999986
Bulgaria,Mathematics,1988-1992,303.9999999999995
Bulgaria,Mathematics,1993-1997,298.99999999999926
Bulgaria,Mathematics,1998-2002,328.98333333333267
Bulgaria,Mathematics,2003-2007,304.919047619047
Bulgaria,Mathematics,2008-2012,392.58333333333263
Bulgaria,Mathematics,2013-2017,413.852777777777
Bulgaria,Physics,1973-1977,348.0596495008258
Bulgaria,Physics,1978-1982,560.8089890501649
Bulgaria,Physics,1983-1987,880.6118029029782
Bulgaria,Physics,1988-1992,1109.709499284981
Bulgaria,Physics,1993-1997,1198.8869967587905
Bulgaria,Physics,1998-2002,975.9148962002099
Bulgaria,Physics,2003-2007,1036.9632137012277
Bulgaria,Physics,2008-2012,878.1120914501936
Bulgaria,Physics,2013-2017,602.1199031894284
Bulgaria,Professional Fields,1973-1977,4.0
Bulgaria,Professional Fields,1978-1982,10.0
Bulgaria,Professional Fields,1983-1987,18.166666666666664
Bulgaria,Professional Fields,1988-1992,45.16666666666666
Bulgaria,Professional Fields,1993-1997,28.91666666666666
Bulgaria,Professional Fields,1998-2002,15.130952380952369
Bulgaria,Professional Fields,2003-2007,8.16666666666665
Bulgaria,Professional Fields,2008-2012,24.964880952380923
Bulgaria,Professional Fields,2013-2017,29.809551042639246
Bulgaria,Psychology,1973-1977,10.0
Bulgaria,Psychology,1978-1982,12.0
Bulgaria,Psychology,1983-1987,24.0
Bulgaria,Psychology,1988-1992,22.83333333333333
Bulgaria,Psychology,1993-1997,22.5
Bulgaria,Psychology,1998-2002,12.910256410256405
Bulgaria,Psychology,2003-2007,10.9599567099567
Bulgaria,Psychology,2008-2012,22.48551587301584
Bulgaria,Psychology,2013-2017,25.2686287405241
Bulgaria,Social Sciences,1973-1977,22.0
Bulgaria,Social Sciences,1978-1982,24.5
Bulgaria,Social Sciences,1983-1987,29.5
Bulgaria,Social Sciences,1988-1992,48.5
Bulgaria,Social Sciences,1993-1997,55.516666666666666
Bulgaria,Social Sciences,1998-2002,44.933333333333294
Bulgaria,Social Sciences,2003-2007,29.44999999999996
Bulgaria,Social Sciences,2008-2012,72.71190476190469
Bulgaria,Social Sciences,2013-2017,86.50003232062048
Burkina Faso,Arts,2008-2012,1.0
Burkina Faso,Biology,1973-1977,6.5
Burkina Faso,Biology,1978-1982,17.5
Burkina Faso,Biology,1983-1987,28.642857142857135
Burkina Faso,Biology,1988-1992,28.083333333333325
Burkina Faso,Biology,1993-1997,30.366666666666625
Burkina Faso,Biology,1998-2002,45.53452380952375
Burkina Faso,Biology,2003-2007,82.95119047619032
Burkina Faso,Biology,2008-2012,111.9802775655714
Burkina Faso,Biology,2013-2017,106.41447295394644
Burkina Faso,Biomedical Research,1973-1977,0.833333333333333
Burkina Faso,Biomedical Research,1978-1982,4.541666666666666
Burkina Faso,Biomedical Research,1983-1987,6.874999999999999
Burkina Faso,Biomedical Research,1988-1992,9.426190476190468
Burkina Faso,Biomedical Research,1993-1997,10.876190476190468
Burkina Faso,Biomedical Research,1998-2002,20.1833333333333
Burkina Faso,Biomedical Research,2003-2007,38.697996447996374
Burkina Faso,Biomedical Research,2008-2012,83.78646602580412
Burkina Faso,Biomedical Research,2013-2017,97.6562503778871
Burkina Faso,Chemistry,1988-1992,2.533333333333333
Burkina Faso,Chemistry,1993-1997,4.333333333333333
Burkina Faso,Chemistry,1998-2002,4.333333333333333
Burkina Faso,Chemistry,2003-2007,8.24999999999999
Burkina Faso,Chemistry,2008-2012,16.11666666666664
Burkina Faso,Chemistry,2013-2017,13.999999999999975
Burkina Faso,Clinical Medicine,1973-1977,16.66666666666666
Burkina Faso,Clinical Medicine,1978-1982,54.29444444444442
Burkina Faso,Clinical Medicine,1983-1987,59.03333333333331
Burkina Faso,Clinical Medicine,1988-1992,55.24285714285702
Burkina Faso,Clinical Medicine,1993-1997,67.03181818181804
Burkina Faso,Clinical Medicine,1998-2002,114.75238095238085
Burkina Faso,Clinical Medicine,2003-2007,109.3033549783548
Burkina Faso,Clinical Medicine,2008-2012,180.94199538138616
Burkina Faso,Clinical Medicine,2013-2017,202.16823519283014
Burkina Faso,Earth and Space,1983-1987,1.0
Burkina Faso,Earth and Space,1988-1992,4.166666666666666
Burkina Faso,Earth and Space,1993-1997,5.666666666666665
Burkina Faso,Earth and Space,1998-2002,9.516666666666646
Burkina Faso,Earth and Space,2003-2007,9.502380952380944
Burkina Faso,Earth and Space,2008-2012,34.397601418189595
Burkina Faso,Earth and Space,2013-2017,51.73347162097155
Burkina Faso,Engineering and Technology,1983-1987,1.0
Burkina Faso,Engineering and Technology,1988-1992,4.83333333333333
Burkina Faso,Engineering and Technology,1993-1997,7.033333333333333
Burkina Faso,Engineering and Technology,1998-2002,2.416666666666666
Burkina Faso,Engineering and Technology,2003-2007,7.416666666666656
Burkina Faso,Engineering and Technology,2008-2012,16.016666666666634
Burkina Faso,Engineering and Technology,2013-2017,34.76309523809518
Burkina Faso,Health,1988-1992,0.333333333333333
Burkina Faso,Health,1993-1997,6.166666666666653
Burkina Faso,Health,1998-2002,2.938034188034187
Burkina Faso,Health,2003-2007,11.021428571428554
Burkina Faso,Health,2008-2012,35.334931734931686
Burkina Faso,Health,2013-2017,67.49369068305236
Burkina Faso,Humanities,1978-1982,1.0
Burkina Faso,Humanities,1983-1987,1.5
Burkina Faso,Humanities,1993-1997,4.5
Burkina Faso,Humanities,1998-2002,3.0
Burkina Faso,Humanities,2003-2007,8.0
Burkina Faso,Humanities,2013-2017,1.25
Burkina Faso,Mathematics,1973-1977,2.0
Burkina Faso,Mathematics,1978-1982,1.0
Burkina Faso,Mathematics,1983-1987,2.5
Burkina Faso,Mathematics,1988-1992,0.5
Burkina Faso,Mathematics,1993-1997,3.333333333333333
Burkina Faso,Mathematics,1998-2002,2.0
Burkina Faso,Mathematics,2003-2007,1.833333333333333
Burkina Faso,Mathematics,2008-2012,19.366666666666642
Burkina Faso,Mathematics,2013-2017,24.166666666666636
Burkina Faso,Physics,1978-1982,1.0
Burkina Faso,Physics,1983-1987,0.333333333333333
Burkina Faso,Physics,1988-1992,0.5
Burkina Faso,Physics,1993-1997,2.0
Burkina Faso,Physics,1998-2002,4.749999999999999
Burkina Faso,Physics,2003-2007,5.033333333333332
Burkina Faso,Physics,2008-2012,6.81666666666666
Burkina Faso,Physics,2013-2017,7.449999999999995
Burkina Faso,Professional Fields,1973-1977,1.0
Burkina Faso,Professional Fields,1993-1997,1.0
Burkina Faso,Professional Fields,2003-2007,0.833333333333333
Burkina Faso,Professional Fields,2008-2012,1.0
Burkina Faso,Professional Fields,2013-2017,0.833333333333333
Burkina Faso,Psychology,1973-1977,1.0
Burkina Faso,Psychology,1993-1997,0.5
Burkina Faso,Psychology,1998-2002,0.5
Burkina Faso,Psychology,2003-2007,0.8478260869565214
Burkina Faso,Psychology,2008-2012,0.2416985999075542
Burkina Faso,Psychology,2013-2017,1.668589743589743
Burkina Faso,Social Sciences,1973-1977,1.5
Burkina Faso,Social Sciences,1978-1982,4.0
Burkina Faso,Social Sciences,1988-1992,3.833333333333333
Burkina Faso,Social Sciences,1993-1997,5.9166666666666625
Burkina Faso,Social Sciences,1998-2002,4.616666666666666
Burkina Faso,Social Sciences,2003-2007,6.083333333333333
Burkina Faso,Social Sciences,2008-2012,14.799999999999988
Burkina Faso,Social Sciences,2013-2017,20.648301698301655
Burma,Arts,1978-1982,1.0
Burma,Arts,2013-2017,0.5
Burma,Biology,1973-1977,11.5
Burma,Biology,1978-1982,12.5
Burma,Biology,1983-1987,2.916666666666666
Burma,Biology,1988-1992,1.833333333333333
Burma,Biology,1993-1997,2.999999999999999
Burma,Biology,1998-2002,4.666666666666666
Burma,Biology,2003-2007,17.874999999999975
Burma,Biology,2008-2012,20.618253968253942
Burma,Biology,2013-2017,48.25553310638444
Burma,Biomedical Research,1973-1977,3.5
Burma,Biomedical Research,1978-1982,15.083333333333332
Burma,Biomedical Research,1983-1987,8.833333333333332
Burma,Biomedical Research,1988-1992,5.566666666666659
Burma,Biomedical Research,1993-1997,3.5666666666666655
Burma,Biomedical Research,1998-2002,5.277777777777777
Burma,Biomedical Research,2003-2007,5.847655122655117
Burma,Biomedical Research,2008-2012,8.82738095238094
Burma,Biomedical Research,2013-2017,35.42892469249303
Burma,Chemistry,1973-1977,0.5
Burma,Chemistry,1983-1987,0.333333333333333
Burma,Chemistry,1988-1992,0.5
Burma,Chemistry,1993-1997,16.333333333333332
Burma,Chemistry,1998-2002,2.0
Burma,Chemistry,2003-2007,5.666666666666664
Burma,Chemistry,2008-2012,2.566666666666665
Burma,Chemistry,2013-2017,6.088888888888884
Burma,Clinical Medicine,1973-1977,21.99999999999998
Burma,Clinical Medicine,1978-1982,19.11904761904761
Burma,Clinical Medicine,1983-1987,38.47692307692306
Burma,Clinical Medicine,1988-1992,50.77857142857138
Burma,Clinical Medicine,1993-1997,28.829166666666644
Burma,Clinical Medicine,1998-2002,21.340476190476178
Burma,Clinical Medicine,2003-2007,20.783080808080783
Burma,Clinical Medicine,2008-2012,30.704886268702005
Burma,Clinical Medicine,2013-2017,83.34305316971314
Burma,Earth and Space,1973-1977,1.333333333333333
Burma,Earth and Space,1978-1982,1.0
Burma,Earth and Space,1983-1987,3.0
Burma,Earth and Space,1988-1992,1.0
Burma,Earth and Space,1993-1997,2.75
Burma,Earth and Space,1998-2002,5.766666666666665
Burma,Earth and Space,2003-2007,12.376190476190446
Burma,Earth and Space,2008-2012,15.242857142857119
Burma,Earth and Space,2013-2017,22.143650793650732
Burma,Engineering and Technology,1973-1977,1.5
Burma,Engineering and Technology,1978-1982,1.0
Burma,Engineering and Technology,1998-2002,1.833333333333333
Burma,Engineering and Technology,2003-2007,1.5
Burma,Engineering and Technology,2008-2012,0.833333333333333
Burma,Engineering and Technology,2013-2017,9.16111111111111
Burma,Health,1973-1977,1.0
Burma,Health,1988-1992,2.0
Burma,Health,1998-2002,0.166666666666666
Burma,Health,2003-2007,2.98333333333333
Burma,Health,2008-2012,6.3575757575757486
Burma,Health,2013-2017,18.203711931343477
Burma,Humanities,2008-2012,2.2
Burma,Humanities,2013-2017,4.0
Burma,Mathematics,1983-1987,2.5
Burma,Mathematics,1988-1992,2.833333333333333
Burma,Mathematics,1998-2002,2.0
Burma,Mathematics,2003-2007,0.333333333333333
Burma,Mathematics,2008-2012,3.416666666666666
Burma,Mathematics,2013-2017,1.5
Burma,Physics,1973-1977,1.0
Burma,Physics,1988-1992,2.25
Burma,Physics,1993-1997,1.0
Burma,Physics,1998-2002,1.5
Burma,Physics,2003-2007,3.499999999999993
Burma,Physics,2008-2012,1.07063492063492
Burma,Physics,2013-2017,3.376190476190475
Burma,Professional Fields,1973-1977,1.0
Burma,Professional Fields,2003-2007,0.333333333333333
Burma,Professional Fields,2008-2012,0.5
Burma,Professional Fields,2013-2017,0.833333333333333
Burma,Psychology,1978-1982,1.0
Burma,Psychology,2008-2012,0.25
Burma,Psychology,2013-2017,1.4999999999999991
Burma,Social Sciences,1978-1982,1.0
Burma,Social Sciences,1993-1997,0.5
Burma,Social Sciences,1998-2002,2.7333333333333334
Burma,Social Sciences,2003-2007,3.499999999999992
Burma,Social Sciences,2008-2012,2.666666666666666
Burma,Social Sciences,2013-2017,9.810119047619036
Burundi,Arts,1978-1982,1.0
Burundi,Biology,1973-1977,1.0
Burundi,Biology,1978-1982,6.0
Burundi,Biology,1983-1987,9.333333333333332
Burundi,Biology,1988-1992,12.999999999999996
Burundi,Biology,1993-1997,16.91666666666666
Burundi,Biology,1998-2002,6.783333333333326
Burundi,Biology,2003-2007,1.916666666666663
Burundi,Biology,2008-2012,11.266666666666655
Burundi,Biology,2013-2017,11.775560067951345
Burundi,Biomedical Research,1973-1977,1.0
Burundi,Biomedical Research,1978-1982,0.25
Burundi,Biomedical Research,1983-1987,1.0
Burundi,Biomedical Research,1988-1992,1.2
Burundi,Biomedical Research,1993-1997,0.699999999999999
Burundi,Biomedical Research,1998-2002,0.949999999999999
Burundi,Biomedical Research,2003-2007,0.333333333333333
Burundi,Biomedical Research,2008-2012,1.1428571428571412
Burundi,Biomedical Research,2013-2017,2.9013100934153546
Burundi,Chemistry,1983-1987,1.824999999999999
Burundi,Chemistry,1988-1992,5.2
Burundi,Chemistry,2003-2007,0.666666666666666
Burundi,Chemistry,2008-2012,4.666666666666665
Burundi,Chemistry,2013-2017,1.559523809523808
Burundi,Clinical Medicine,1973-1977,2.0
Burundi,Clinical Medicine,1978-1982,4.16666666666666
Burundi,Clinical Medicine,1983-1987,21.940277777777773
Burundi,Clinical Medicine,1988-1992,26.866666666666646
Burundi,Clinical Medicine,1993-1997,33.62460317460314
Burundi,Clinical Medicine,1998-2002,3.3666666666666627
Burundi,Clinical Medicine,2003-2007,5.699999999999998
Burundi,Clinical Medicine,2008-2012,3.968253968253965
Burundi,Clinical Medicine,2013-2017,7.204438913166689
Burundi,Earth and Space,1983-1987,1.833333333333333
Burundi,Earth and Space,1988-1992,2.416666666666666
Burundi,Earth and Space,1993-1997,0.999999999999999
Burundi,Earth and Space,1998-2002,0.8
Burundi,Earth and Space,2003-2007,1.366666666666665
Burundi,Earth and Space,2008-2012,2.749999999999999
Burundi,Earth and Space,2013-2017,6.048214285714279
Burundi,Engineering and Technology,2003-2007,1.833333333333333
Burundi,Engineering and Technology,2008-2012,0.9999999999999989
Burundi,Engineering and Technology,2013-2017,2.916666666666666
Burundi,Health,1993-1997,0.25
Burundi,Health,1998-2002,0.25
Burundi,Health,2003-2007,0.333333333333333
Burundi,Health,2008-2012,1.8448773448773428
Burundi,Health,2013-2017,5.909920634920624
Burundi,Humanities,1983-1987,1.0
Burundi,Humanities,1988-1992,1.0
Burundi,Humanities,2003-2007,0.5
Burundi,Humanities,2013-2017,2.999999999999999
Burundi,Mathematics,1993-1997,1.0
Burundi,Mathematics,1998-2002,1.0
Burundi,Mathematics,2003-2007,2.333333333333333
Burundi,Mathematics,2008-2012,1.0
Burundi,Mathematics,2013-2017,0.5
Burundi,Physics,1973-1977,0.5
Burundi,Physics,1978-1982,2.0
Burundi,Physics,1983-1987,2.333333333333333
Burundi,Physics,1988-1992,1.5
Burundi,Physics,1993-1997,6.33333333333333
Burundi,Physics,1998-2002,2.25
Burundi,Physics,2003-2007,2.899999999999999
Burundi,Physics,2008-2012,0.333333333333333
Burundi,Physics,2013-2017,1.3166666666666664
Burundi,Professional Fields,1978-1982,0.25
Burundi,Professional Fields,1988-1992,1.0
Burundi,Professional Fields,1993-1997,1.0
Burundi,Professional Fields,2008-2012,1.0
Burundi,Professional Fields,2013-2017,0.7261904761904749
Burundi,Psychology,2008-2012,1.125
Burundi,Psychology,2013-2017,2.499999999999999
Burundi,Social Sciences,1978-1982,2.0
Burundi,Social Sciences,1983-1987,0.5
Burundi,Social Sciences,1988-1992,0.333333333333333
Burundi,Social Sciences,2008-2012,4.083333333333333
Burundi,Social Sciences,2013-2017,2.6666666666666647
Byelarus,Arts,1993-1997,2.0
Byelarus,Arts,1998-2002,1.0
Byelarus,Arts,2003-2007,1.0
Byelarus,Arts,2008-2012,0.5
Byelarus,Arts,2013-2017,1.5
Byelarus,Biology,1988-1992,16.75
Byelarus,Biology,1993-1997,103.58333333333329
Byelarus,Biology,1998-2002,108.5789682539681
Byelarus,Biology,2003-2007,84.9523809523809
Byelarus,Biology,2008-2012,61.31248482901401
Byelarus,Biology,2013-2017,62.48048880098085
Byelarus,Biomedical Research,1988-1992,49.66666666666666
Byelarus,Biomedical Research,1993-1997,1148.2931746031716
Byelarus,Biomedical Research,1998-2002,659.2772946859882
Byelarus,Biomedical Research,2003-2007,240.93830007711543
Byelarus,Biomedical Research,2008-2012,185.5506304907113
Byelarus,Biomedical Research,2013-2017,123.41399675610349
Byelarus,Chemistry,1973-1977,1.0
Byelarus,Chemistry,1988-1992,172.33333333333331
Byelarus,Chemistry,1993-1997,950.649999999999
Byelarus,Chemistry,1998-2002,917.7499999999985
Byelarus,Chemistry,2003-2007,809.2194444444431
Byelarus,Chemistry,2008-2012,965.2069327731081
Byelarus,Chemistry,2013-2017,708.8643939393924
Byelarus,Clinical Medicine,1988-1992,46.999999999999986
Byelarus,Clinical Medicine,1993-1997,172.96338193969763
Byelarus,Clinical Medicine,1998-2002,157.01358543417354
Byelarus,Clinical Medicine,2003-2007,160.2791888063626
Byelarus,Clinical Medicine,2008-2012,184.43863040355217
Byelarus,Clinical Medicine,2013-2017,128.26942455845548
Byelarus,Earth and Space,1988-1992,1.0
Byelarus,Earth and Space,1993-1997,56.833333333333314
Byelarus,Earth and Space,1998-2002,47.25953490953487
Byelarus,Earth and Space,2003-2007,44.50876623376614
Byelarus,Earth and Space,2008-2012,39.38571982415917
Byelarus,Earth and Space,2013-2017,49.04250680585394
Byelarus,Engineering and Technology,1988-1992,42.16666666666666
Byelarus,Engineering and Technology,1993-1997,527.5333333333327
Byelarus,Engineering and Technology,1998-2002,588.5956349206339
Byelarus,Engineering and Technology,2003-2007,571.581385281384
Byelarus,Engineering and Technology,2008-2012,629.1650427699994
Byelarus,Engineering and Technology,2013-2017,517.6318730436581
Byelarus,Health,1998-2002,1.0
Byelarus,Health,2003-2007,0.616666666666666
Byelarus,Health,2008-2012,4.37857142857142
Byelarus,Health,2013-2017,3.9778610278610245
Byelarus,Humanities,1993-1997,2.5
Byelarus,Humanities,1998-2002,3.5
Byelarus,Humanities,2003-2007,7.0
Byelarus,Humanities,2008-2012,18.0
Byelarus,Humanities,2013-2017,18.33333333333333
Byelarus,Mathematics,1988-1992,39.5
Byelarus,Mathematics,1993-1997,347.1166666666663
Byelarus,Mathematics,1998-2002,319.99999999999966
Byelarus,Mathematics,2003-2007,286.33333333333303
Byelarus,Mathematics,2008-2012,334.9499999999994
Byelarus,Mathematics,2013-2017,289.3388888888885
Byelarus,Physics,1973-1977,1.0
Byelarus,Physics,1983-1987,0.5
Byelarus,Physics,1988-1992,108.08333333333319
Byelarus,Physics,1993-1997,1615.3316837548384
Byelarus,Physics,1998-2002,1391.930355061137
Byelarus,Physics,2003-2007,1187.4609385506933
Byelarus,Physics,2008-2012,993.9653221529023
Byelarus,Physics,2013-2017,822.3055055283262
Byelarus,Professional Fields,1993-1997,13.16666666666666
Byelarus,Professional Fields,1998-2002,13.74999999999999
Byelarus,Professional Fields,2003-2007,13.41666666666665
Byelarus,Professional Fields,2008-2012,17.838888888888878
Byelarus,Professional Fields,2013-2017,10.69999999999997
Byelarus,Psychology,1988-1992,1.0
Byelarus,Psychology,1993-1997,5.0
Byelarus,Psychology,1998-2002,16.0
Byelarus,Psychology,2003-2007,1.0
Byelarus,Psychology,2008-2012,11.201680672268907
Byelarus,Psychology,2013-2017,5.2
Byelarus,Social Sciences,1988-1992,3.0
Byelarus,Social Sciences,1993-1997,21.0
Byelarus,Social Sciences,1998-2002,33.33333333333333
Byelarus,Social Sciences,2003-2007,28.166666666666664
Byelarus,Social Sciences,2008-2012,33.0
Byelarus,Social Sciences,2013-2017,21.89166666666666
Cambodia,Arts,1998-2002,2.0
Cambodia,Arts,2003-2007,1.0
Cambodia,Arts,2013-2017,0.5
Cambodia,Biology,1973-1977,1.5
Cambodia,Biology,1993-1997,0.666666666666666
Cambodia,Biology,1998-2002,11.93333333333333
Cambodia,Biology,2003-2007,23.67619047619046
Cambodia,Biology,2008-2012,35.22186147186141
Cambodia,Biology,2013-2017,53.53967005216993
Cambodia,Biomedical Research,1983-1987,0.5
Cambodia,Biomedical Research,1988-1992,0.833333333333333
Cambodia,Biomedical Research,1993-1997,0.5
Cambodia,Biomedical Research,1998-2002,0.755555555555555
Cambodia,Biomedical Research,2003-2007,16.255591630591617
Cambodia,Biomedical Research,2008-2012,46.286154531742696
Cambodia,Biomedical Research,2013-2017,93.55905745592858
Cambodia,Chemistry,2003-2007,0.25
Cambodia,Chemistry,2008-2012,2.616666666666665
Cambodia,Chemistry,2013-2017,3.499999999999999
Cambodia,Clinical Medicine,1973-1977,2.0
Cambodia,Clinical Medicine,1983-1987,2.0
Cambodia,Clinical Medicine,1988-1992,0.5
Cambodia,Clinical Medicine,1993-1997,6.6038461538461455
Cambodia,Clinical Medicine,1998-2002,19.778571428571404
Cambodia,Clinical Medicine,2003-2007,57.17233044733036
Cambodia,Clinical Medicine,2008-2012,109.48369154924862
Cambodia,Clinical Medicine,2013-2017,181.1681053853541
Cambodia,Earth and Space,1993-1997,0.5
Cambodia,Earth and Space,1998-2002,2.833333333333333
Cambodia,Earth and Space,2003-2007,4.529004329004317
Cambodia,Earth and Space,2008-2012,15.7253968253968
Cambodia,Earth and Space,2013-2017,19.454700854700825
Cambodia,Engineering and Technology,1988-1992,1.0
Cambodia,Engineering and Technology,2003-2007,0.916666666666666
Cambodia,Engineering and Technology,2008-2012,4.916666666666666
Cambodia,Engineering and Technology,2013-2017,9.15384615384615
Cambodia,Health,1998-2002,4.749999999999996
Cambodia,Health,2003-2007,13.549999999999978
Cambodia,Health,2008-2012,24.46244588744585
Cambodia,Health,2013-2017,47.33826846957646
Cambodia,Humanities,2008-2012,1.75
Cambodia,Humanities,2013-2017,2.5
Cambodia,Mathematics,2008-2012,0.833333333333333
Cambodia,Mathematics,2013-2017,0.166666666666666
Cambodia,Physics,1993-1997,0.333333333333333
Cambodia,Physics,2003-2007,1.366666666666666
Cambodia,Physics,2008-2012,1.0
Cambodia,Physics,2013-2017,2.699999999999999
Cambodia,Professional Fields,1988-1992,1.0
Cambodia,Professional Fields,2008-2012,8.96666666666666
Cambodia,Professional Fields,2013-2017,6.866666666666662
Cambodia,Psychology,1993-1997,0.5
Cambodia,Psychology,2008-2012,1.625
Cambodia,Psychology,2013-2017,2.599999999999999
Cambodia,Social Sciences,1988-1992,2.0
Cambodia,Social Sciences,1993-1997,4.5
Cambodia,Social Sciences,1998-2002,3.25
Cambodia,Social Sciences,2003-2007,7.366666666666666
Cambodia,Social Sciences,2008-2012,15.233333333333329
Cambodia,Social Sciences,2013-2017,26.80672799422796
Cameroon,Arts,1998-2002,1.0
Cameroon,Arts,2008-2012,1.125
Cameroon,Arts,2013-2017,0.333333333333333
Cameroon,Biology,1973-1977,12.0
Cameroon,Biology,1978-1982,49.16666666666666
Cameroon,Biology,1983-1987,41.89999999999998
Cameroon,Biology,1988-1992,80.24999999999991
Cameroon,Biology,1993-1997,149.0220238095236
Cameroon,Biology,1998-2002,167.46488095238047
Cameroon,Biology,2003-2007,248.73802447552376
Cameroon,Biology,2008-2012,269.9273809891106
Cameroon,Biology,2013-2017,306.4535066065028
Cameroon,Biomedical Research,1973-1977,10.983333333333333
Cameroon,Biomedical Research,1978-1982,9.833333333333332
Cameroon,Biomedical Research,1983-1987,11.309523809523808
Cameroon,Biomedical Research,1988-1992,20.92222222222221
Cameroon,Biomedical Research,1993-1997,43.369444444444404
Cameroon,Biomedical Research,1998-2002,42.1936868686868
Cameroon,Biomedical Research,2003-2007,83.79636752136733
Cameroon,Biomedical Research,2008-2012,182.26574157118716
Cameroon,Biomedical Research,2013-2017,235.01109246191248
Cameroon,Chemistry,1973-1977,7.33333333333333
Cameroon,Chemistry,1978-1982,10.083333333333323
Cameroon,Chemistry,1983-1987,25.507575757575744
Cameroon,Chemistry,1988-1992,24.267857142857103
Cameroon,Chemistry,1993-1997,27.03333333333331
Cameroon,Chemistry,1998-2002,23.999999999999964
Cameroon,Chemistry,2003-2007,54.114285714285614
Cameroon,Chemistry,2008-2012,75.99682539682524
Cameroon,Chemistry,2013-2017,111.59761904761888
Cameroon,Clinical Medicine,1973-1977,50.416666666666536
Cameroon,Clinical Medicine,1978-1982,50.049999999999976
Cameroon,Clinical Medicine,1983-1987,41.991666666666646
Cameroon,Clinical Medicine,1988-1992,162.56349206349176
Cameroon,Clinical Medicine,1993-1997,170.79798534798516
Cameroon,Clinical Medicine,1998-2002,188.6702098626007
Cameroon,Clinical Medicine,2003-2007,240.20664005457985
Cameroon,Clinical Medicine,2008-2012,411.9738944082068
Cameroon,Clinical Medicine,2013-2017,623.6347011917518
Cameroon,Earth and Space,1973-1977,1.666666666666666
Cameroon,Earth and Space,1978-1982,4.5
Cameroon,Earth and Space,1983-1987,2.3333333333333313
Cameroon,Earth and Space,1988-1992,17.414682539682524
Cameroon,Earth and Space,1993-1997,19.633333333333308
Cameroon,Earth and Space,1998-2002,33.57445887445883
Cameroon,Earth and Space,2003-2007,59.49682539682531
Cameroon,Earth and Space,2008-2012,150.30301244807788
Cameroon,Earth and Space,2013-2017,185.07566352847627
Cameroon,Engineering and Technology,1978-1982,7.0
Cameroon,Engineering and Technology,1983-1987,8.33333333333333
Cameroon,Engineering and Technology,1988-1992,20.66666666666666
Cameroon,Engineering and Technology,1993-1997,22.083333333333325
Cameroon,Engineering and Technology,1998-2002,26.499999999999986
Cameroon,Engineering and Technology,2003-2007,59.49523809523804
Cameroon,Engineering and Technology,2008-2012,102.79999999999984
Cameroon,Engineering and Technology,2013-2017,178.52460317460276
Cameroon,Health,1973-1977,1.0
Cameroon,Health,1978-1982,2.0
Cameroon,Health,1983-1987,1.0
Cameroon,Health,1988-1992,3.416666666666666
Cameroon,Health,1993-1997,3.783333333333333
Cameroon,Health,1998-2002,7.149999999999993
Cameroon,Health,2003-2007,9.87619047619046
Cameroon,Health,2008-2012,21.955372405372376
Cameroon,Health,2013-2017,50.77201987434364
Cameroon,Humanities,1978-1982,7.5
Cameroon,Humanities,1983-1987,11.0
Cameroon,Humanities,1988-1992,11.0
Cameroon,Humanities,1993-1997,8.0
Cameroon,Humanities,1998-2002,10.5
Cameroon,Humanities,2003-2007,5.0
Cameroon,Humanities,2008-2012,19.111111111111107
Cameroon,Humanities,2013-2017,17.666666666666664
Cameroon,Mathematics,1973-1977,2.0
Cameroon,Mathematics,1978-1982,3.0
Cameroon,Mathematics,1983-1987,9.0
Cameroon,Mathematics,1988-1992,12.583333333333332
Cameroon,Mathematics,1993-1997,10.5
Cameroon,Mathematics,1998-2002,10.499999999999996
Cameroon,Mathematics,2003-2007,42.48333333333328
Cameroon,Mathematics,2008-2012,87.78333333333316
Cameroon,Mathematics,2013-2017,119.56666666666634
Cameroon,Physics,1973-1977,4.5
Cameroon,Physics,1978-1982,1.0
Cameroon,Physics,1983-1987,2.0
Cameroon,Physics,1988-1992,11.333333333333332
Cameroon,Physics,1993-1997,58.5
Cameroon,Physics,1998-2002,44.49999999999995
Cameroon,Physics,2003-2007,145.20238095238054
Cameroon,Physics,2008-2012,157.3178571428568
Cameroon,Physics,2013-2017,279.7714646464643
Cameroon,Professional Fields,1973-1977,3.0
Cameroon,Professional Fields,1983-1987,1.5
Cameroon,Professional Fields,1988-1992,6.0
Cameroon,Professional Fields,1993-1997,1.5
Cameroon,Professional Fields,1998-2002,3.25
Cameroon,Professional Fields,2003-2007,0.666666666666666
Cameroon,Professional Fields,2008-2012,5.7499999999999964
Cameroon,Professional Fields,2013-2017,17.098504715896002
Cameroon,Psychology,1993-1997,3.5
Cameroon,Psychology,1998-2002,1.0
Cameroon,Psychology,2003-2007,2.347826086956513
Cameroon,Psychology,2008-2012,1.5
Cameroon,Psychology,2013-2017,5.216904651188536
Cameroon,Social Sciences,1973-1977,10.0
Cameroon,Social Sciences,1978-1982,10.33333333333333
Cameroon,Social Sciences,1983-1987,4.833333333333333
Cameroon,Social Sciences,1988-1992,11.5
Cameroon,Social Sciences,1993-1997,12.166666666666663
Cameroon,Social Sciences,1998-2002,25.49999999999999
Cameroon,Social Sciences,2003-2007,41.03333333333332
Cameroon,Social Sciences,2008-2012,46.21428571428568
Cameroon,Social Sciences,2013-2017,99.13650793650773
Canada,Arts,1973-1977,237.4761904761904
Canada,Arts,1978-1982,400.5
Canada,Arts,1983-1987,573.6666666666666
Canada,Arts,1988-1992,578.4999999999999
Canada,Arts,1993-1997,521.4833333333333
Canada,Arts,1998-2002,509.0333333333331
Canada,Arts,2003-2007,406.9261904761902
Canada,Arts,2008-2012,593.2146825396811
Canada,Arts,2013-2017,797.4113714787617
Canada,Biology,1973-1977,10061.31948051946
Canada,Biology,1978-1982,12660.479761904739
Canada,Biology,1983-1987,15692.527934810263
Canada,Biology,1988-1992,17188.41013431011
Canada,Biology,1993-1997,16055.600901875878
Canada,Biology,1998-2002,14326.730781130611
Canada,Biology,2003-2007,15984.671821946997
Canada,Biology,2008-2012,17657.996639220815
Canada,Biology,2013-2017,17165.60012116195
Canada,Biomedical Research,1973-1977,9264.076404151385
Canada,Biomedical Research,1978-1982,10931.727529415008
Canada,Biomedical Research,1983-1987,14059.72668524856
Canada,Biomedical Research,1988-1992,17033.002860227505
Canada,Biomedical Research,1993-1997,18649.68595301488
Canada,Biomedical Research,1998-2002,18448.21520749557
Canada,Biomedical Research,2003-2007,20641.44413031317
Canada,Biomedical Research,2008-2012,24991.667320051343
Canada,Biomedical Research,2013-2017,28406.618399817213
Canada,Chemistry,1973-1977,7877.388095238079
Canada,Chemistry,1978-1982,7866.6833333333125
Canada,Chemistry,1983-1987,8768.00112942611
Canada,Chemistry,1988-1992,9430.734120856867
Canada,Chemistry,1993-1997,10753.41569679623
Canada,Chemistry,1998-2002,9522.678246753228
Canada,Chemistry,2003-2007,11491.601799890599
Canada,Chemistry,2008-2012,12791.113706055135
Canada,Chemistry,2013-2017,12523.64483687227
Canada,Clinical Medicine,1973-1977,15994.249921320476
Canada,Clinical Medicine,1978-1982,22736.052258705306
Canada,Clinical Medicine,1983-1987,29737.324303761685
Canada,Clinical Medicine,1988-1992,34796.062113656604
Canada,Clinical Medicine,1993-1997,38226.15348146021
Canada,Clinical Medicine,1998-2002,39313.565949516604
Canada,Clinical Medicine,2003-2007,45640.61068625957
Canada,Clinical Medicine,2008-2012,57332.69525899038
Canada,Clinical Medicine,2013-2017,63773.472098216414
Canada,Earth and Space,1973-1977,4011.1455128205025
Canada,Earth and Space,1978-1982,5364.664801864788
Canada,Earth and Space,1983-1987,6865.283260203835
Canada,Earth and Space,1988-1992,8574.492384026162
Canada,Earth and Space,1993-1997,9855.519920586212
Canada,Earth and Space,1998-2002,9292.95624783292
Canada,Earth and Space,2003-2007,10836.089195241175
Canada,Earth and Space,2008-2012,13303.452542059593
Canada,Earth and Space,2013-2017,15494.7371756065
Canada,Engineering and Technology,1973-1977,6583.641341991326
Canada,Engineering and Technology,1978-1982,8039.877777777757
Canada,Engineering and Technology,1983-1987,10017.232539682516
Canada,Engineering and Technology,1988-1992,12808.584787434764
Canada,Engineering and Technology,1993-1997,15620.641451529407
Canada,Engineering and Technology,1998-2002,14484.412990196057
Canada,Engineering and Technology,2003-2007,21350.88172406373
Canada,Engineering and Technology,2008-2012,25437.283864760007
Canada,Engineering and Technology,2013-2017,30302.82143315807
Canada,Health,1973-1977,725.9166666666662
Canada,Health,1978-1982,808.3095238095232
Canada,Health,1983-1987,1106.8333333333317
Canada,Health,1988-1992,1703.0773809523769
Canada,Health,1993-1997,2375.9833064596182
Canada,Health,1998-2002,2896.816468253962
Canada,Health,2003-2007,4509.355147218575
Canada,Health,2008-2012,8433.79299343332
Canada,Health,2013-2017,10424.123348280309
Canada,Humanities,1973-1977,3019.333333333331
Canada,Humanities,1978-1982,4885.199206349203
Canada,Humanities,1983-1987,5388.187373737369
Canada,Humanities,1988-1992,5040.166666666661
Canada,Humanities,1993-1997,4980.65833333333
Canada,Humanities,1998-2002,4431.816666666662
Canada,Humanities,2003-2007,4354.491269841262
Canada,Humanities,2008-2012,5730.733333333318
Canada,Humanities,2013-2017,5965.911838161821
Canada,Mathematics,1973-1977,2702.755555555552
Canada,Mathematics,1978-1982,2566.4666666666617
Canada,Mathematics,1983-1987,3336.0333333333247
Canada,Mathematics,1988-1992,3864.299999999989
Canada,Mathematics,1993-1997,4116.147979797969
Canada,Mathematics,1998-2002,3753.309523809514
Canada,Mathematics,2003-2007,4862.71865079364
Canada,Mathematics,2008-2012,6300.538084503207
Canada,Mathematics,2013-2017,5851.06487752981
Canada,Physics,1973-1977,7101.917156862728
Canada,Physics,1978-1982,7484.309523809505
Canada,Physics,1983-1987,8438.889274844727
Canada,Physics,1988-1992,9639.524828186548
Canada,Physics,1993-1997,10180.538402630347
Canada,Physics,1998-2002,8248.665935486451
Canada,Physics,2003-2007,10746.87014259428
Canada,Physics,2008-2012,11610.76089785206
Canada,Physics,2013-2017,10952.191305920454
Canada,Professional Fields,1973-1977,2760.693290043284
Canada,Professional Fields,1978-1982,3011.0634920634852
Canada,Professional Fields,1983-1987,3246.183333333326
Canada,Professional Fields,1988-1992,3298.7761904761837
Canada,Professional Fields,1993-1997,3622.0312229437172
Canada,Professional Fields,1998-2002,3117.925829725822
Canada,Professional Fields,2003-2007,4148.05247242437
Canada,Professional Fields,2008-2012,6713.0418817007085
Canada,Professional Fields,2013-2017,7412.825734712865
Canada,Psychology,1973-1977,3297.3777777777705
Canada,Psychology,1978-1982,3731.6833333333207
Canada,Psychology,1983-1987,4227.595238095225
Canada,Psychology,1988-1992,4694.091738816722
Canada,Psychology,1993-1997,5064.630429292912
Canada,Psychology,1998-2002,4871.345046456793
Canada,Psychology,2003-2007,5441.327104943003
Canada,Psychology,2008-2012,7656.600011341674
Canada,Psychology,2013-2017,8933.174931956532
Canada,Social Sciences,1973-1977,3932.599999999992
Canada,Social Sciences,1978-1982,4596.90886752136
Canada,Social Sciences,1983-1987,5051.292099567088
Canada,Social Sciences,1988-1992,5523.762333907907
Canada,Social Sciences,1993-1997,5710.636998132572
Canada,Social Sciences,1998-2002,5283.9873376623245
Canada,Social Sciences,2003-2007,6255.24078699077
Canada,Social Sciences,2008-2012,9112.721965193594
Canada,Social Sciences,2013-2017,10290.30742830346
Cape Verde,Biology,1988-1992,1.5
Cape Verde,Biology,1993-1997,0.5
Cape Verde,Biology,2003-2007,1.416666666666666
Cape Verde,Biology,2008-2012,3.754761904761902
Cape Verde,Biology,2013-2017,12.23980823098467
Cape Verde,Biomedical Research,1988-1992,0.25
Cape Verde,Biomedical Research,2003-2007,0.2
Cape Verde,Biomedical Research,2008-2012,1.092857142857141
Cape Verde,Biomedical Research,2013-2017,6.038095238095227
Cape Verde,Chemistry,2008-2012,0.2
Cape Verde,Chemistry,2013-2017,0.833333333333333
Cape Verde,Clinical Medicine,1983-1987,1.0
Cape Verde,Clinical Medicine,1993-1997,0.2
Cape Verde,Clinical Medicine,1998-2002,0.6000000000000001
Cape Verde,Clinical Medicine,2003-2007,0.5
Cape Verde,Clinical Medicine,2008-2012,1.198160173160171
Cape Verde,Clinical Medicine,2013-2017,4.751598401598395
Cape Verde,Earth and Space,1993-1997,0.333333333333333
Cape Verde,Earth and Space,1998-2002,0.4
Cape Verde,Earth and Space,2003-2007,1.7357142857142849
Cape Verde,Earth and Space,2008-2012,2.959523809523808
Cape Verde,Earth and Space,2013-2017,10.14833333333332
Cape Verde,Engineering and Technology,2008-2012,0.5
Cape Verde,Engineering and Technology,2013-2017,4.2333333333333325
Cape Verde,Health,1988-1992,1.0
Cape Verde,Health,2013-2017,1.342857142857142
Cape Verde,Mathematics,2003-2007,0.5
Cape Verde,Mathematics,2008-2012,0.833333333333333
Cape Verde,Mathematics,2013-2017,3.1166666666666663
Cape Verde,Physics,2013-2017,0.533333333333333
Cape Verde,Professional Fields,2008-2012,0.666666666666666
Cape Verde,Professional Fields,2013-2017,0.533333333333333
Cape Verde,Social Sciences,2003-2007,0.25
Cape Verde,Social Sciences,2008-2012,0.333333333333333
Cape Verde,Social Sciences,2013-2017,2.8428571428571408
Central African Republic,Biology,1973-1977,5.0
Central African Republic,Biology,1978-1982,10.25
Central African Republic,Biology,1983-1987,5.0
Central African Republic,Biology,1988-1992,4.0
Central African Republic,Biology,1993-1997,2.166666666666666
Central African Republic,Biology,1998-2002,3.0
Central African Republic,Biology,2003-2007,6.065873015873006
Central African Republic,Biology,2008-2012,6.633333333333331
Central African Republic,Biology,2013-2017,4.656574852163084
Central African Republic,Biomedical Research,1973-1977,1.833333333333332
Central African Republic,Biomedical Research,1978-1982,6.49999999999998
Central African Republic,Biomedical Research,1983-1987,12.995238095238081
Central African Republic,Biomedical Research,1988-1992,16.483333333333324
Central African Republic,Biomedical Research,1993-1997,3.9749999999999988
Central African Republic,Biomedical Research,1998-2002,2.674999999999998
Central African Republic,Biomedical Research,2003-2007,8.180303030303008
Central African Republic,Biomedical Research,2008-2012,7.213406862745095
Central African Republic,Biomedical Research,2013-2017,13.889180316486595
Central African Republic,Chemistry,1973-1977,0.5
Central African Republic,Chemistry,1978-1982,0.5
Central African Republic,Chemistry,1983-1987,0.5
Central African Republic,Chemistry,1988-1992,3.916666666666659
Central African Republic,Chemistry,2003-2007,0.833333333333333
Central African Republic,Chemistry,2008-2012,1.0
Central African Republic,Chemistry,2013-2017,0.333333333333333
Central African Republic,Clinical Medicine,1973-1977,1.75
Central African Republic,Clinical Medicine,1978-1982,11.422222222222217
Central African Republic,Clinical Medicine,1983-1987,15.090909090909072
Central African Republic,Clinical Medicine,1988-1992,36.29999999999998
Central African Republic,Clinical Medicine,1993-1997,15.565873015873004
Central African Republic,Clinical Medicine,1998-2002,18.348448773448762
Central African Republic,Clinical Medicine,2003-2007,19.482936507936486
Central African Republic,Clinical Medicine,2008-2012,21.46175671307247
Central African Republic,Clinical Medicine,2013-2017,16.63439504939501
Central African Republic,Earth and Space,1973-1977,1.0
Central African Republic,Earth and Space,1978-1982,2.333333333333333
Central African Republic,Earth and Space,1983-1987,0.333333333333333
Central African Republic,Earth and Space,1988-1992,5.5
Central African Republic,Earth and Space,1993-1997,1.777777777777777
Central African Republic,Earth and Space,1998-2002,1.016666666666666
Central African Republic,Earth and Space,2003-2007,0.791666666666666
Central African Republic,Earth and Space,2008-2012,3.403113553113552
Central African Republic,Earth and Space,2013-2017,2.433333333333332
Central African Republic,Engineering and Technology,1993-1997,0.5
Central African Republic,Engineering and Technology,2008-2012,0.333333333333333
Central African Republic,Engineering and Technology,2013-2017,0.95
Central African Republic,Health,1993-1997,0.9333333333333329
Central African Republic,Health,1998-2002,0.36363636363636326
Central African Republic,Health,2003-2007,0.25
Central African Republic,Health,2008-2012,0.666666666666666
Central African Republic,Health,2013-2017,2.485964912280701
Central African Republic,Humanities,1983-1987,3.0
Central African Republic,Humanities,1993-1997,1.0
Central African Republic,Humanities,2008-2012,1.0
Central African Republic,Mathematics,1973-1977,1.0
Central African Republic,Mathematics,1983-1987,1.0
Central African Republic,Mathematics,2003-2007,1.5
Central African Republic,Mathematics,2008-2012,1.333333333333333
Central African Republic,Mathematics,2013-2017,1.5
Central African Republic,Physics,1978-1982,1.0
Central African Republic,Physics,2003-2007,0.85
Central African Republic,Physics,2008-2012,0.333333333333333
Central African Republic,Physics,2013-2017,0.5
Central African Republic,Psychology,1998-2002,0.333333333333333
Central African Republic,Psychology,2003-2007,1.666666666666666
Central African Republic,Psychology,2008-2012,0.95
Central African Republic,Psychology,2013-2017,0.125
Central African Republic,Social Sciences,1988-1992,0.5
Central African Republic,Social Sciences,2008-2012,0.833333333333333
Central African Republic,Social Sciences,2013-2017,0.7
Chad,Biology,1973-1977,25.5
Chad,Biology,1978-1982,8.0
Chad,Biology,1983-1987,2.0
Chad,Biology,1988-1992,1.0
Chad,Biology,1993-1997,1.666666666666665
Chad,Biology,1998-2002,1.749999999999999
Chad,Biology,2003-2007,2.4380952380952374
Chad,Biology,2008-2012,1.4499999999999988
Chad,Biology,2013-2017,3.3593911835291124
Chad,Biomedical Research,1973-1977,2.333333333333333
Chad,Biomedical Research,1988-1992,0.833333333333333
Chad,Biomedical Research,1993-1997,0.333333333333333
Chad,Biomedical Research,1998-2002,0.950980392156862
Chad,Biomedical Research,2003-2007,4.634523809523808
Chad,Biomedical Research,2008-2012,4.736446886446877
Chad,Biomedical Research,2013-2017,4.142532467532464
Chad,Chemistry,1978-1982,0.5
Chad,Chemistry,1993-1997,0.5
Chad,Chemistry,1998-2002,0.333333333333333
Chad,Chemistry,2003-2007,0.25
Chad,Chemistry,2013-2017,0.142857142857142
Chad,Clinical Medicine,1973-1977,3.0
Chad,Clinical Medicine,1978-1982,7.0
Chad,Clinical Medicine,1983-1987,1.0
Chad,Clinical Medicine,1988-1992,2.333333333333333
Chad,Clinical Medicine,1993-1997,9.166666666666659
Chad,Clinical Medicine,1998-2002,6.516666666666656
Chad,Clinical Medicine,2003-2007,10.299206349206335
Chad,Clinical Medicine,2008-2012,8.412409812409798
Chad,Clinical Medicine,2013-2017,18.165120756436526
Chad,Earth and Space,1973-1977,1.25
Chad,Earth and Space,1993-1997,0.333333333333333
Chad,Earth and Space,1998-2002,4.058333333333319
Chad,Earth and Space,2003-2007,8.159523809523796
Chad,Earth and Space,2008-2012,6.442857142857136
Chad,Earth and Space,2013-2017,4.830158730158728
Chad,Engineering and Technology,1993-1997,1.0
Chad,Engineering and Technology,2003-2007,0.833333333333333
Chad,Engineering and Technology,2008-2012,2.0
Chad,Engineering and Technology,2013-2017,2.333333333333333
Chad,Health,1978-1982,1.0
Chad,Health,1998-2002,0.5
Chad,Health,2003-2007,1.866666666666665
Chad,Health,2008-2012,2.833333333333326
Chad,Health,2013-2017,3.8726190476190467
Chad,Humanities,2008-2012,1.0
Chad,Humanities,2013-2017,1.0
Chad,Mathematics,1973-1977,1.0
Chad,Mathematics,1998-2002,1.0
Chad,Mathematics,2003-2007,1.9999999999999991
Chad,Mathematics,2008-2012,0.5
Chad,Mathematics,2013-2017,1.0
Chad,Physics,2003-2007,0.666666666666666
Chad,Physics,2013-2017,2.249999999999999
Chad,Psychology,2013-2017,0.25
Chad,Social Sciences,1973-1977,1.0
Chad,Social Sciences,1978-1982,1.0
Chad,Social Sciences,1983-1987,1.0
Chad,Social Sciences,2008-2012,1.333333333333333
Chad,Social Sciences,2013-2017,1.833333333333332
Chile,Arts,1978-1982,2.166666666666666
Chile,Arts,1983-1987,1.0
Chile,Arts,1988-1992,1.0
Chile,Arts,1993-1997,1.0
Chile,Arts,1998-2002,3.0
Chile,Arts,2003-2007,98.5
Chile,Arts,2008-2012,249.23333333333323
Chile,Arts,2013-2017,278.53214285714256
Chile,Biology,1973-1977,112.6666666666666
Chile,Biology,1978-1982,262.7499999999998
Chile,Biology,1983-1987,423.19999999999936
Chile,Biology,1988-1992,552.0511904761894
Chile,Biology,1993-1997,700.1634920634912
Chile,Biology,1998-2002,1120.638766233764
Chile,Biology,2003-2007,1645.7132570044303
Chile,Biology,2008-2012,2945.267890847843
Chile,Biology,2013-2017,3454.8219057541655
Chile,Biomedical Research,1973-1977,234.91666666666617
Chile,Biomedical Research,1978-1982,542.9499999999991
Chile,Biomedical Research,1983-1987,542.3166666666662
Chile,Biomedical Research,1988-1992,629.8567571317559
Chile,Biomedical Research,1993-1997,655.9619481395787
Chile,Biomedical Research,1998-2002,780.663785131276
Chile,Biomedical Research,2003-2007,1020.6762852071653
Chile,Biomedical Research,2008-2012,1778.2300189937907
Chile,Biomedical Research,2013-2017,2897.257170100006
Chile,Chemistry,1973-1977,102.16666666666667
Chile,Chemistry,1978-1982,207.08333333333326
Chile,Chemistry,1983-1987,400.6999999999991
Chile,Chemistry,1988-1992,585.3833333333321
Chile,Chemistry,1993-1997,766.9166666666653
Chile,Chemistry,1998-2002,923.264285714284
Chile,Chemistry,2003-2007,1084.2833333333317
Chile,Chemistry,2008-2012,1252.0996965452819
Chile,Chemistry,2013-2017,1497.2418040293007
Chile,Clinical Medicine,1973-1977,942.004761904759
Chile,Clinical Medicine,1978-1982,1107.0379329004306
Chile,Clinical Medicine,1983-1987,1394.8563492063467
Chile,Clinical Medicine,1988-1992,1690.1265873015843
Chile,Clinical Medicine,1993-1997,1778.0281141878893
Chile,Clinical Medicine,1998-2002,1924.636547233204
Chile,Clinical Medicine,2003-2007,2445.4530317507547
Chile,Clinical Medicine,2008-2012,3622.392748222649
Chile,Clinical Medicine,2013-2017,4425.092663920087
Chile,Earth and Space,1973-1977,190.21071428571395
Chile,Earth and Space,1978-1982,194.77136752136715
Chile,Earth and Space,1983-1987,291.8500933706811
Chile,Earth and Space,1988-1992,360.51441516000307
Chile,Earth and Space,1993-1997,489.20761872892945
Chile,Earth and Space,1998-2002,670.4617489040726
Chile,Earth and Space,2003-2007,1092.79524768365
Chile,Earth and Space,2008-2012,1595.8707718880678
Chile,Earth and Space,2013-2017,2441.1944356800523
Chile,Engineering and Technology,1973-1977,33.166666666666664
Chile,Engineering and Technology,1978-1982,66.66666666666666
Chile,Engineering and Technology,1983-1987,127.8333333333333
Chile,Engineering and Technology,1988-1992,167.18174603174594
Chile,Engineering and Technology,1993-1997,271.9392857142852
Chile,Engineering and Technology,1998-2002,467.522222222221
Chile,Engineering and Technology,2003-2007,1008.2651154401132
Chile,Engineering and Technology,2008-2012,1419.7225909781298
Chile,Engineering and Technology,2013-2017,2244.593637915491
Chile,Health,1973-1977,3.0
Chile,Health,1978-1982,6.0
Chile,Health,1983-1987,8.5
Chile,Health,1988-1992,13.66666666666666
Chile,Health,1993-1997,18.856227106227088
Chile,Health,1998-2002,28.509523809523788
Chile,Health,2003-2007,57.0080488955488
Chile,Health,2008-2012,196.6489866342802
Chile,Health,2013-2017,314.7508956754536
Chile,Humanities,1973-1977,8.0
Chile,Humanities,1978-1982,11.333333333333332
Chile,Humanities,1983-1987,39.5
Chile,Humanities,1988-1992,98.5
Chile,Humanities,1993-1997,105.0
Chile,Humanities,1998-2002,110.5
Chile,Humanities,2003-2007,252.83333333333331
Chile,Humanities,2008-2012,1059.5999999999995
Chile,Humanities,2013-2017,1553.6011904761897
Chile,Mathematics,1973-1977,11.666666666666666
Chile,Mathematics,1978-1982,21.33333333333333
Chile,Mathematics,1983-1987,75.69999999999992
Chile,Mathematics,1988-1992,128.24999999999977
Chile,Mathematics,1993-1997,160.333333333333
Chile,Mathematics,1998-2002,271.916666666666
Chile,Mathematics,2003-2007,512.2857142857133
Chile,Mathematics,2008-2012,857.2589544513451
Chile,Mathematics,2013-2017,1136.8119408369366
Chile,Physics,1973-1977,72.91666666666666
Chile,Physics,1978-1982,57.34285714285711
Chile,Physics,1983-1987,172.91666666666632
Chile,Physics,1988-1992,217.2421568627445
Chile,Physics,1993-1997,331.37045454545375
Chile,Physics,1998-2002,547.381349206348
Chile,Physics,2003-2007,767.6014421047885
Chile,Physics,2008-2012,1047.6747436866629
Chile,Physics,2013-2017,1418.2649150786458
Chile,Professional Fields,1973-1977,22.58333333333332
Chile,Professional Fields,1978-1982,17.49999999999999
Chile,Professional Fields,1983-1987,24.5
Chile,Professional Fields,1988-1992,31.91666666666666
Chile,Professional Fields,1993-1997,50.749999999999986
Chile,Professional Fields,1998-2002,62.91666666666663
Chile,Professional Fields,2003-2007,112.5499999999998
Chile,Professional Fields,2008-2012,443.4900275163426
Chile,Professional Fields,2013-2017,798.2382737632726
Chile,Psychology,1973-1977,36.0
Chile,Psychology,1978-1982,32.58333333333333
Chile,Psychology,1983-1987,21.999999999999996
Chile,Psychology,1988-1992,25.999999999999996
Chile,Psychology,1993-1997,26.16666666666666
Chile,Psychology,1998-2002,29.938311688311668
Chile,Psychology,2003-2007,80.133710440698
Chile,Psychology,2008-2012,303.85844925422447
Chile,Psychology,2013-2017,530.6395992956184
Chile,Social Sciences,1973-1977,47.333333333333336
Chile,Social Sciences,1978-1982,56.79166666666666
Chile,Social Sciences,1983-1987,56.583333333333314
Chile,Social Sciences,1988-1992,65.49999999999999
Chile,Social Sciences,1993-1997,70.74166666666653
Chile,Social Sciences,1998-2002,125.6075757575755
Chile,Social Sciences,2003-2007,262.08611111111065
Chile,Social Sciences,2008-2012,924.2889721389707
Chile,Social Sciences,2013-2017,1490.2738006073662
China,Arts,1978-1982,8.0
China,Arts,1983-1987,29.5
China,Arts,1988-1992,24.33333333333333
China,Arts,1993-1997,21.66666666666666
China,Arts,1998-2002,39.66666666666666
China,Arts,2003-2007,65.1785714285714
China,Arts,2008-2012,201.84999999999954
China,Arts,2013-2017,398.81826506826457
China,Biology,1973-1977,67.0
China,Biology,1978-1982,743.8
China,Biology,1983-1987,1305.7383116883104
China,Biology,1988-1992,1066.671825396822
China,Biology,1993-1997,1657.3781746031705
China,Biology,1998-2002,5076.51214729714
China,Biology,2003-2007,14213.804815203912
China,Biology,2008-2012,33344.543366876685
China,Biology,2013-2017,63693.546333184124
China,Biomedical Research,1973-1977,121.40476190476183
China,Biomedical Research,1978-1982,908.2777777777767
China,Biomedical Research,1983-1987,2444.751358826356
China,Biomedical Research,1988-1992,3268.9736874236833
China,Biomedical Research,1993-1997,4955.705851991138
China,Biomedical Research,1998-2002,9685.046337324335
China,Biomedical Research,2003-2007,23046.266262272777
China,Biomedical Research,2008-2012,63372.14458840327
China,Biomedical Research,2013-2017,152884.99120529115
China,Chemistry,1973-1977,5.83333333333333
China,Chemistry,1978-1982,498.41666666666583
China,Chemistry,1983-1987,2538.255555555549
China,Chemistry,1988-1992,6524.544780219766
China,Chemistry,1993-1997,14991.545970695934
China,Chemistry,1998-2002,33736.520609945495
China,Chemistry,2003-2007,79672.71966873691
China,Chemistry,2008-2012,132417.5168815588
China,Chemistry,2013-2017,200399.59533506923
China,Clinical Medicine,1973-1977,89.86666666666667
China,Clinical Medicine,1978-1982,820.858333333332
China,Clinical Medicine,1983-1987,2246.7680375180316
China,Clinical Medicine,1988-1992,3499.92768038634
China,Clinical Medicine,1993-1997,3864.3503074741648
China,Clinical Medicine,1998-2002,11404.295886613241
China,Clinical Medicine,2003-2007,31086.198404921102
China,Clinical Medicine,2008-2012,88459.56255789999
China,Clinical Medicine,2013-2017,214731.73400293654
China,Earth and Space,1973-1977,39.16666666666666
China,Earth and Space,1978-1982,675.2833333333322
China,Earth and Space,1983-1987,1344.7380952380915
China,Earth and Space,1988-1992,1278.196521942108
China,Earth and Space,1993-1997,1819.8561603552998
China,Earth and Space,1998-2002,6258.5999100091085
China,Earth and Space,2003-2007,15736.391060879449
China,Earth and Space,2008-2012,34031.02998100283
China,Earth and Space,2013-2017,75869.24539183038
China,Engineering and Technology,1973-1977,1.5
China,Engineering and Technology,1978-1982,319.9444444444442
China,Engineering and Technology,1983-1987,1761.6999999999969
China,Engineering and Technology,1988-1992,4792.744130869118
China,Engineering and Technology,1993-1997,9573.200825971391
China,Engineering and Technology,1998-2002,27242.657383710997
China,Engineering and Technology,2003-2007,75527.34324228388
China,Engineering and Technology,2008-2012,138606.9276257346
China,Engineering and Technology,2013-2017,316999.5295593226
China,Health,1973-1977,0.5
China,Health,1978-1982,23.4333333333333
China,Health,1983-1987,11.166666666666666
China,Health,1988-1992,33.91666666666663
China,Health,1993-1997,49.17391774891767
China,Health,1998-2002,482.8825396825389
China,Health,2003-2007,1165.7980664725324
China,Health,2008-2012,2345.4492378286927
China,Health,2013-2017,4914.81218383305
China,Humanities,1973-1977,4.0
China,Humanities,1978-1982,151.0
China,Humanities,1983-1987,186.16666666666666
China,Humanities,1988-1992,126.99999999999999
China,Humanities,1993-1997,152.83333333333331
China,Humanities,1998-2002,207.0
China,Humanities,2003-2007,669.0095238095234
China,Humanities,2008-2012,1997.0607142857095
China,Humanities,2013-2017,3001.595790947952
China,Mathematics,1973-1977,3.0
China,Mathematics,1978-1982,255.3333333333324
China,Mathematics,1983-1987,1069.2999999999952
China,Mathematics,1988-1992,1901.5499999999952
China,Mathematics,1993-1997,3244.237121212116
China,Mathematics,1998-2002,6136.496031746022
China,Mathematics,2003-2007,15245.67976190472
China,Mathematics,2008-2012,32065.358306459566
China,Mathematics,2013-2017,52284.71920938533
China,Physics,1973-1977,5.083333333333333
China,Physics,1978-1982,804.952380952379
China,Physics,1983-1987,3501.2481240981174
China,Physics,1988-1992,9730.402393571298
China,Physics,1993-1997,15023.70175322511
China,Physics,1998-2002,26961.478422283504
China,Physics,2003-2007,57939.063702310785
China,Physics,2008-2012,97473.89590811013
China,Physics,2013-2017,130745.79806986278
China,Professional Fields,1973-1977,6.25
China,Professional Fields,1978-1982,19.0
China,Professional Fields,1983-1987,99.23333333333332
China,Professional Fields,1988-1992,135.0833333333332
China,Professional Fields,1993-1997,173.19545454545428
China,Professional Fields,1998-2002,1037.6880952380925
China,Professional Fields,2003-2007,2153.49955034645
China,Professional Fields,2008-2012,6749.865055294926
China,Professional Fields,2013-2017,12000.506307921723
China,Psychology,1978-1982,6.5
China,Psychology,1983-1987,21.166666666666657
China,Psychology,1988-1992,46.999999999999986
China,Psychology,1993-1997,65.2880952380952
China,Psychology,1998-2002,366.5998168498162
China,Psychology,2003-2007,733.9273706452258
China,Psychology,2008-2012,1714.7852648134658
China,Psychology,2013-2017,4468.68228577653
China,Social Sciences,1973-1977,10.333333333333332
China,Social Sciences,1978-1982,66.5
China,Social Sciences,1983-1987,188.83333333333323
China,Social Sciences,1988-1992,238.283333333333
China,Social Sciences,1993-1997,216.91948051948026
China,Social Sciences,1998-2002,825.1464285714271
China,Social Sciences,2003-2007,1733.40714285714
China,Social Sciences,2008-2012,4673.915889562788
China,Social Sciences,2013-2017,9654.632753185499
Ciskei,Biology,1988-1992,2.5
Ciskei,Biology,1993-1997,16.0
Ciskei,Biomedical Research,1983-1987,1.0
Ciskei,Biomedical Research,1988-1992,1.75
Ciskei,Biomedical Research,1993-1997,2.666666666666666
Ciskei,Chemistry,1988-1992,2.0
Ciskei,Chemistry,1993-1997,2.5
Ciskei,Clinical Medicine,1983-1987,0.5
Ciskei,Clinical Medicine,1988-1992,4.166666666666666
Ciskei,Clinical Medicine,1993-1997,8.416666666666663
Ciskei,Earth and Space,1988-1992,3.5
Ciskei,Earth and Space,1993-1997,4.033333333333333
Ciskei,Engineering and Technology,1988-1992,1.0
Ciskei,Health,1993-1997,0.5
Ciskei,Humanities,1988-1992,1.0
Ciskei,Humanities,1993-1997,2.0
Ciskei,Mathematics,1988-1992,1.5
Ciskei,Mathematics,1993-1997,2.0
Ciskei,Physics,1988-1992,2.0
Ciskei,Physics,1993-1997,1.5
Ciskei,Psychology,1993-1997,0.1
Ciskei,Social Sciences,1993-1997,2.0
Colombia,Arts,1973-1977,1.0
Colombia,Arts,1978-1982,1.0
Colombia,Arts,1988-1992,3.0
Colombia,Arts,1998-2002,4.0
Colombia,Arts,2003-2007,1.0
Colombia,Arts,2008-2012,9.75
Colombia,Arts,2013-2017,19.083333333333314
Colombia,Biology,1973-1977,93.58333333333321
Colombia,Biology,1978-1982,167.54999999999993
Colombia,Biology,1983-1987,196.78333333333268
Colombia,Biology,1988-1992,222.7833333333329
Colombia,Biology,1993-1997,258.4837662337653
Colombia,Biology,1998-2002,373.3412304362293
Colombia,Biology,2003-2007,527.9032018420163
Colombia,Biology,2008-2012,1403.491365791487
Colombia,Biology,2013-2017,1790.2556054466875
Colombia,Biomedical Research,1973-1977,53.5833333333333
Colombia,Biomedical Research,1978-1982,53.89523809523805
Colombia,Biomedical Research,1983-1987,46.483333333333306
Colombia,Biomedical Research,1988-1992,64.20043290043289
Colombia,Biomedical Research,1993-1997,114.30974946106505
Colombia,Biomedical Research,1998-2002,182.03059893323032
Colombia,Biomedical Research,2003-2007,316.8309661088897
Colombia,Biomedical Research,2008-2012,619.6571475555822
Colombia,Biomedical Research,2013-2017,1090.6913509832714
Colombia,Chemistry,1973-1977,6.0
Colombia,Chemistry,1978-1982,7.33333333333333
Colombia,Chemistry,1983-1987,9.333333333333321
Colombia,Chemistry,1988-1992,19.33333333333332
Colombia,Chemistry,1993-1997,62.61666666666659
Colombia,Chemistry,1998-2002,175.59285714285664
Colombia,Chemistry,2003-2007,257.19166666666604
Colombia,Chemistry,2008-2012,633.7059523809512
Colombia,Chemistry,2013-2017,820.0130970336838
Colombia,Clinical Medicine,1973-1977,140.13333333333324
Colombia,Clinical Medicine,1978-1982,142.90952380952362
Colombia,Clinical Medicine,1983-1987,147.02142857142846
Colombia,Clinical Medicine,1988-1992,177.51984126984115
Colombia,Clinical Medicine,1993-1997,230.214284792099
Colombia,Clinical Medicine,1998-2002,479.7711089718467
Colombia,Clinical Medicine,2003-2007,749.9491568083039
Colombia,Clinical Medicine,2008-2012,2030.8787478857728
Colombia,Clinical Medicine,2013-2017,2604.5504644241737
Colombia,Earth and Space,1973-1977,2.783333333333333
Colombia,Earth and Space,1978-1982,13.017857142857132
Colombia,Earth and Space,1983-1987,15.316666666666649
Colombia,Earth and Space,1988-1992,24.70793650793648
Colombia,Earth and Space,1993-1997,48.78333333333322
Colombia,Earth and Space,1998-2002,72.21991341991327
Colombia,Earth and Space,2003-2007,104.23502886002862
Colombia,Earth and Space,2008-2012,280.19494771884854
Colombia,Earth and Space,2013-2017,606.918191670988
Colombia,Engineering and Technology,1973-1977,4.916666666666666
Colombia,Engineering and Technology,1978-1982,9.833333333333332
Colombia,Engineering and Technology,1983-1987,13.66666666666666
Colombia,Engineering and Technology,1988-1992,19.944444444444436
Colombia,Engineering and Technology,1993-1997,44.35833333333329
Colombia,Engineering and Technology,1998-2002,129.93968253968242
Colombia,Engineering and Technology,2003-2007,356.76383893883815
Colombia,Engineering and Technology,2008-2012,1765.4055846739366
Colombia,Engineering and Technology,2013-2017,1927.9706920042645
Colombia,Health,1973-1977,1.833333333333333
Colombia,Health,1978-1982,1.916666666666666
Colombia,Health,1983-1987,4.083333333333333
Colombia,Health,1988-1992,6.499999999999999
Colombia,Health,1993-1997,14.529004329004326
Colombia,Health,1998-2002,20.791666666666654
Colombia,Health,2003-2007,58.728889574477776
Colombia,Health,2008-2012,257.042366375454
Colombia,Health,2013-2017,297.44493635217873
Colombia,Humanities,1973-1977,2.0
Colombia,Humanities,1978-1982,5.0
Colombia,Humanities,1983-1987,12.833333333333332
Colombia,Humanities,1988-1992,3.0
Colombia,Humanities,1993-1997,7.0
Colombia,Humanities,1998-2002,18.0
Colombia,Humanities,2003-2007,26.6666666666666
Colombia,Humanities,2008-2012,228.51666666666625
Colombia,Humanities,2013-2017,312.8166666666662
Colombia,Mathematics,1973-1977,3.5
Colombia,Mathematics,1978-1982,4.833333333333333
Colombia,Mathematics,1983-1987,6.5
Colombia,Mathematics,1988-1992,4.75
Colombia,Mathematics,1993-1997,24.33333333333332
Colombia,Mathematics,1998-2002,48.999999999999964
Colombia,Mathematics,2003-2007,86.4499999999998
Colombia,Mathematics,2008-2012,301.8833333333324
Colombia,Mathematics,2013-2017,474.61825396825304
Colombia,Physics,1973-1977,8.333333333333332
Colombia,Physics,1978-1982,29.33333333333333
Colombia,Physics,1983-1987,16.166666666666664
Colombia,Physics,1988-1992,40.783333333333296
Colombia,Physics,1993-1997,143.47137680671202
Colombia,Physics,1998-2002,304.0718828741903
Colombia,Physics,2003-2007,392.1544170801553
Colombia,Physics,2008-2012,629.8309378230256
Colombia,Physics,2013-2017,822.3556438797783
Colombia,Professional Fields,1973-1977,7.25
Colombia,Professional Fields,1978-1982,11.666666666666663
Colombia,Professional Fields,1983-1987,6.33333333333333
Colombia,Professional Fields,1988-1992,6.0
Colombia,Professional Fields,1993-1997,17.58333333333333
Colombia,Professional Fields,1998-2002,13.666666666666663
Colombia,Professional Fields,2003-2007,23.090151515151483
Colombia,Professional Fields,2008-2012,197.3286835748788
Colombia,Professional Fields,2013-2017,308.52779206087956
Colombia,Psychology,1973-1977,55.0
Colombia,Psychology,1978-1982,32.99999999999999
Colombia,Psychology,1983-1987,18.0
Colombia,Psychology,1988-1992,26.916666666666664
Colombia,Psychology,1993-1997,31.888888888888886
Colombia,Psychology,1998-2002,29.581168831168817
Colombia,Psychology,2003-2007,72.14782608695646
Colombia,Psychology,2008-2012,198.48778456837238
Colombia,Psychology,2013-2017,227.4939639660427
Colombia,Social Sciences,1973-1977,23.89999999999999
Colombia,Social Sciences,1978-1982,20.499999999999993
Colombia,Social Sciences,1983-1987,27.142857142857135
Colombia,Social Sciences,1988-1992,30.202380952380935
Colombia,Social Sciences,1993-1997,27.859523809523807
Colombia,Social Sciences,1998-2002,46.16666666666664
Colombia,Social Sciences,2003-2007,85.16666666666659
Colombia,Social Sciences,2008-2012,297.92112511671274
Colombia,Social Sciences,2013-2017,491.8669098874974
Comoros,Biology,1988-1992,1.0
Comoros,Biology,1993-1997,0.5
Comoros,Biology,1998-2002,0.833333333333333
Comoros,Biology,2003-2007,2.333333333333333
Comoros,Biology,2008-2012,1.699999999999998
Comoros,Biology,2013-2017,2.807575757575756
Comoros,Biomedical Research,1993-1997,0.333333333333333
Comoros,Biomedical Research,2003-2007,0.783333333333333
Comoros,Biomedical Research,2008-2012,0.711111111111111
Comoros,Biomedical Research,2013-2017,1.35
Comoros,Chemistry,1993-1997,0.25
Comoros,Clinical Medicine,1988-1992,1.33333333333333
Comoros,Clinical Medicine,1993-1997,1.916666666666666
Comoros,Clinical Medicine,1998-2002,2.5833333333333335
Comoros,Clinical Medicine,2003-2007,4.596825396825389
Comoros,Clinical Medicine,2008-2012,1.230158730158729
Comoros,Clinical Medicine,2013-2017,2.595238095238093
Comoros,Earth and Space,2003-2007,0.6
Comoros,Earth and Space,2008-2012,0.525
Comoros,Earth and Space,2013-2017,0.333333333333333
Comoros,Health,2003-2007,0.333333333333333
Comoros,Health,2008-2012,0.2
Comoros,Humanities,2013-2017,1.0
Comoros,Mathematics,2013-2017,1.033333333333333
Comoros,Physics,2013-2017,0.583333333333333
Comoros,Social Sciences,2013-2017,1.0
Congo,Arts,1978-1982,3.0
Congo,Arts,1988-1992,2.0
Congo,Arts,1993-1997,0.5
Congo,Arts,2013-2017,1.299999999999999
Congo,Biology,1973-1977,12.0
Congo,Biology,1978-1982,17.16666666666666
Congo,Biology,1983-1987,39.49999999999999
Congo,Biology,1988-1992,24.49999999999999
Congo,Biology,1993-1997,42.94999999999996
Congo,Biology,1998-2002,21.978822055137822
Congo,Biology,2003-2007,36.86666666666664
Congo,Biology,2008-2012,66.44699236403294
Congo,Biology,2013-2017,75.0799572123445
Congo,Biomedical Research,1973-1977,13.166666666666659
Congo,Biomedical Research,1978-1982,6.666666666666665
Congo,Biomedical Research,1983-1987,2.972222222222222
Congo,Biomedical Research,1988-1992,11.569047619047605
Congo,Biomedical Research,1993-1997,15.113095238095228
Congo,Biomedical Research,1998-2002,8.835714285714282
Congo,Biomedical Research,2003-2007,11.81071428571428
Congo,Biomedical Research,2008-2012,32.01766135503713
Congo,Biomedical Research,2013-2017,81.63524316898241
Congo,Chemistry,1973-1977,16.5
Congo,Chemistry,1978-1982,9.166666666666654
Congo,Chemistry,1983-1987,15.783333333333324
Congo,Chemistry,1988-1992,8.866666666666656
Congo,Chemistry,1993-1997,4.833333333333333
Congo,Chemistry,1998-2002,2.666666666666666
Congo,Chemistry,2003-2007,4.499999999999999
Congo,Chemistry,2008-2012,7.166666666666665
Congo,Chemistry,2013-2017,16.89999999999999
Congo,Clinical Medicine,1973-1977,49.416666666666636
Congo,Clinical Medicine,1978-1982,86.43333333333328
Congo,Clinical Medicine,1983-1987,114.46746031746002
Congo,Clinical Medicine,1988-1992,123.49985569985543
Congo,Clinical Medicine,1993-1997,100.39508410329297
Congo,Clinical Medicine,1998-2002,89.77272727272721
Congo,Clinical Medicine,2003-2007,90.39281968031955
Congo,Clinical Medicine,2008-2012,147.66142508761317
Congo,Clinical Medicine,2013-2017,263.1741547403485
Congo,Earth and Space,1973-1977,2.166666666666666
Congo,Earth and Space,1978-1982,1.333333333333333
Congo,Earth and Space,1983-1987,8.233333333333327
Congo,Earth and Space,1988-1992,10.083333333333325
Congo,Earth and Space,1993-1997,10.72857142857141
Congo,Earth and Space,1998-2002,2.109523809523808
Congo,Earth and Space,2003-2007,9.899999999999979
Congo,Earth and Space,2008-2012,21.37630286380284
Congo,Earth and Space,2013-2017,48.62029785697794
Congo,Engineering and Technology,1973-1977,4.0
Congo,Engineering and Technology,1978-1982,2.0
Congo,Engineering and Technology,1983-1987,3.5
Congo,Engineering and Technology,1988-1992,1.0
Congo,Engineering and Technology,1993-1997,2.785714285714285
Congo,Engineering and Technology,1998-2002,3.083333333333329
Congo,Engineering and Technology,2003-2007,3.999999999999999
Congo,Engineering and Technology,2008-2012,3.208333333333332
Congo,Engineering and Technology,2013-2017,10.325396825396817
Congo,Health,1978-1982,1.0
Congo,Health,1983-1987,0.5
Congo,Health,1988-1992,3.71666666666666
Congo,Health,1993-1997,4.083333333333333
Congo,Health,1998-2002,1.833333333333326
Congo,Health,2003-2007,8.090909090909078
Congo,Health,2008-2012,25.055322455322408
Congo,Health,2013-2017,65.07153338520204
Congo,Humanities,1973-1977,4.0
Congo,Humanities,1978-1982,8.333333333333332
Congo,Humanities,1983-1987,5.0
Congo,Humanities,1988-1992,0.333333333333333
Congo,Humanities,1993-1997,1.666666666666666
Congo,Humanities,1998-2002,4.333333333333333
Congo,Humanities,2003-2007,3.0
Congo,Humanities,2008-2012,6.083333333333333
Congo,Humanities,2013-2017,5.083333333333333
Congo,Mathematics,1973-1977,4.583333333333333
Congo,Mathematics,1993-1997,5.166666666666666
Congo,Mathematics,2003-2007,2.2
Congo,Mathematics,2008-2012,4.033333333333333
Congo,Mathematics,2013-2017,5.166666666666666
Congo,Physics,1973-1977,1.0
Congo,Physics,1978-1982,5.5
Congo,Physics,1983-1987,3.0
Congo,Physics,1988-1992,8.166666666666663
Congo,Physics,1993-1997,2.8333333333333317
Congo,Physics,1998-2002,2.416666666666666
Congo,Physics,2003-2007,5.283333333333331
Congo,Physics,2008-2012,6.516666666666659
Congo,Physics,2013-2017,3.755555555555554
Congo,Professional Fields,1973-1977,1.0
Congo,Professional Fields,1978-1982,3.0
Congo,Professional Fields,1983-1987,0.5
Congo,Professional Fields,1988-1992,1.0
Congo,Professional Fields,2008-2012,2.249999999999999
Congo,Professional Fields,2013-2017,2.7869565217391292
Congo,Psychology,1973-1977,4.0
Congo,Psychology,1978-1982,5.0
Congo,Psychology,1983-1987,0.5
Congo,Psychology,1988-1992,0.5
Congo,Psychology,1993-1997,1.483333333333333
Congo,Psychology,1998-2002,1.333333333333333
Congo,Psychology,2003-2007,4.4999999999999964
Congo,Psychology,2008-2012,2.326190476190475
Congo,Psychology,2013-2017,3.865909090909084
Congo,Social Sciences,1973-1977,12.166666666666666
Congo,Social Sciences,1978-1982,15.2
Congo,Social Sciences,1983-1987,19.58333333333333
Congo,Social Sciences,1988-1992,8.083333333333332
Congo,Social Sciences,1993-1997,1.833333333333333
Congo,Social Sciences,1998-2002,2.5
Congo,Social Sciences,2003-2007,2.233333333333333
Congo,Social Sciences,2008-2012,6.994047619047617
Congo,Social Sciences,2013-2017,22.572222222222205
Cook Islands,Biology,1978-1982,4.5
Cook Islands,Biology,1983-1987,4.666666666666666
Cook Islands,Biology,1988-1992,1.0
Cook Islands,Biology,1993-1997,2.0
Cook Islands,Biology,1998-2002,0.333333333333333
Cook Islands,Biology,2003-2007,0.796918767507002
Cook Islands,Biology,2008-2012,0.7222222222222213
Cook Islands,Biology,2013-2017,2.9339826839826797
Cook Islands,Biomedical Research,2008-2012,0.683333333333333
Cook Islands,Chemistry,1978-1982,1.666666666666665
Cook Islands,Chemistry,1988-1992,0.333333333333333
Cook Islands,Clinical Medicine,1973-1977,1.0
Cook Islands,Clinical Medicine,1978-1982,2.916666666666666
Cook Islands,Clinical Medicine,1983-1987,4.25
Cook Islands,Clinical Medicine,1988-1992,2.666666666666666
Cook Islands,Clinical Medicine,1993-1997,2.416666666666666
Cook Islands,Clinical Medicine,1998-2002,0.75
Cook Islands,Clinical Medicine,2003-2007,0.125
Cook Islands,Clinical Medicine,2013-2017,0.236111111111111
Cook Islands,Earth and Space,1988-1992,0.333333333333333
Cook Islands,Earth and Space,1993-1997,1.0
Cook Islands,Earth and Space,2013-2017,1.2101449275362313
Cook Islands,Health,2013-2017,0.2
Cook Islands,Physics,1983-1987,0.333333333333333
Cook Islands,Physics,2013-2017,0.125
Cook Islands,Professional Fields,1993-1997,1.5
Cook Islands,Professional Fields,2003-2007,0.142857142857142
Cook Islands,Professional Fields,2013-2017,1.0833333333333333
Cook Islands,Psychology,2008-2012,0.2
Cook Islands,Social Sciences,1978-1982,1.0
Cook Islands,Social Sciences,1988-1992,1.0
Cook Islands,Social Sciences,1993-1997,1.0
Costa Rica,Arts,1998-2002,1.0
Costa Rica,Arts,2008-2012,3.0
Costa Rica,Arts,2013-2017,2.5
Costa Rica,Biology,1973-1977,123.66666666666649
Costa Rica,Biology,1978-1982,285.9999999999998
Costa Rica,Biology,1983-1987,332.46666666666664
Costa Rica,Biology,1988-1992,311.0190476190474
Costa Rica,Biology,1993-1997,399.91587301587265
Costa Rica,Biology,1998-2002,404.1602564102557
Costa Rica,Biology,2003-2007,441.4455738705731
Costa Rica,Biology,2008-2012,485.2298522851511
Costa Rica,Biology,2013-2017,464.1521218287466
Costa Rica,Biomedical Research,1973-1977,14.916666666666666
Costa Rica,Biomedical Research,1978-1982,27.499999999999986
Costa Rica,Biomedical Research,1983-1987,24.91666666666666
Costa Rica,Biomedical Research,1988-1992,44.1333333333333
Costa Rica,Biomedical Research,1993-1997,61.18030303030297
Costa Rica,Biomedical Research,1998-2002,66.20636585636578
Costa Rica,Biomedical Research,2003-2007,91.52265797068414
Costa Rica,Biomedical Research,2008-2012,115.96221054110889
Costa Rica,Biomedical Research,2013-2017,156.827565203308
Costa Rica,Chemistry,1973-1977,1.333333333333333
Costa Rica,Chemistry,1978-1982,6.166666666666666
Costa Rica,Chemistry,1983-1987,3.583333333333332
Costa Rica,Chemistry,1988-1992,10.19999999999998
Costa Rica,Chemistry,1993-1997,24.716666666666615
Costa Rica,Chemistry,1998-2002,47.885714285714236
Costa Rica,Chemistry,2003-2007,16.61666666666666
Costa Rica,Chemistry,2008-2012,22.564718614718593
Costa Rica,Chemistry,2013-2017,43.505952380952316
Costa Rica,Clinical Medicine,1973-1977,57.66666666666665
Costa Rica,Clinical Medicine,1978-1982,49.98333333333332
Costa Rica,Clinical Medicine,1983-1987,75.90119047619041
Costa Rica,Clinical Medicine,1988-1992,72.85119047619038
Costa Rica,Clinical Medicine,1993-1997,102.75564713064703
Costa Rica,Clinical Medicine,1998-2002,99.51553725967509
Costa Rica,Clinical Medicine,2003-2007,139.79328922992696
Costa Rica,Clinical Medicine,2008-2012,185.9812047772349
Costa Rica,Clinical Medicine,2013-2017,194.98088830820097
Costa Rica,Earth and Space,1973-1977,3.333333333333333
Costa Rica,Earth and Space,1978-1982,5.0
Costa Rica,Earth and Space,1983-1987,17.916666666666657
Costa Rica,Earth and Space,1988-1992,9.43333333333333
Costa Rica,Earth and Space,1993-1997,30.36666666666662
Costa Rica,Earth and Space,1998-2002,25.59848484848482
Costa Rica,Earth and Space,2003-2007,33.40140692640688
Costa Rica,Earth and Space,2008-2012,62.23598109406924
Costa Rica,Earth and Space,2013-2017,117.28528604013408
Costa Rica,Engineering and Technology,1973-1977,2.5
Costa Rica,Engineering and Technology,1978-1982,2.5
Costa Rica,Engineering and Technology,1983-1987,0.833333333333333
Costa Rica,Engineering and Technology,1988-1992,4.666666666666666
Costa Rica,Engineering and Technology,1993-1997,9.25
Costa Rica,Engineering and Technology,1998-2002,15.066666666666649
Costa Rica,Engineering and Technology,2003-2007,17.2694805194805
Costa Rica,Engineering and Technology,2008-2012,34.34999999999997
Costa Rica,Engineering and Technology,2013-2017,79.10297619047606
Costa Rica,Health,1978-1982,1.0
Costa Rica,Health,1988-1992,2.5
Costa Rica,Health,1993-1997,4.666666666666666
Costa Rica,Health,1998-2002,3.611904761904759
Costa Rica,Health,2003-2007,17.95928580875387
Costa Rica,Health,2008-2012,29.012301587301533
Costa Rica,Health,2013-2017,21.071054776425605
Costa Rica,Humanities,1973-1977,6.0
Costa Rica,Humanities,1978-1982,7.0
Costa Rica,Humanities,1983-1987,26.5
Costa Rica,Humanities,1988-1992,8.0
Costa Rica,Humanities,1993-1997,6.0
Costa Rica,Humanities,1998-2002,15.5
Costa Rica,Humanities,2003-2007,7.5
Costa Rica,Humanities,2008-2012,13.83333333333333
Costa Rica,Humanities,2013-2017,20.43333333333333
Costa Rica,Mathematics,1973-1977,1.333333333333333
Costa Rica,Mathematics,1978-1982,2.125
Costa Rica,Mathematics,1983-1987,4.333333333333333
Costa Rica,Mathematics,1988-1992,4.5
Costa Rica,Mathematics,1993-1997,5.0
Costa Rica,Mathematics,1998-2002,6.833333333333326
Costa Rica,Mathematics,2003-2007,6.566666666666663
Costa Rica,Mathematics,2008-2012,10.116666666666662
Costa Rica,Mathematics,2013-2017,18.47619047619044
Costa Rica,Physics,1973-1977,2.5
Costa Rica,Physics,1978-1982,4.25
Costa Rica,Physics,1983-1987,4.583333333333333
Costa Rica,Physics,1988-1992,14.866666666666665
Costa Rica,Physics,1993-1997,12.083333333333332
Costa Rica,Physics,1998-2002,26.166666666666664
Costa Rica,Physics,2003-2007,25.03333333333332
Costa Rica,Physics,2008-2012,20.235714285714256
Costa Rica,Physics,2013-2017,35.9404280777029
Costa Rica,Professional Fields,1973-1977,2.0
Costa Rica,Professional Fields,1978-1982,2.0
Costa Rica,Professional Fields,1983-1987,6.0
Costa Rica,Professional Fields,1988-1992,2.0
Costa Rica,Professional Fields,1993-1997,10.666666666666666
Costa Rica,Professional Fields,1998-2002,9.0
Costa Rica,Professional Fields,2003-2007,10.533333333333319
Costa Rica,Professional Fields,2008-2012,23.616666666666653
Costa Rica,Professional Fields,2013-2017,56.68728433402335
Costa Rica,Psychology,1973-1977,7.66666666666666
Costa Rica,Psychology,1978-1982,9.0
Costa Rica,Psychology,1983-1987,6.1
Costa Rica,Psychology,1988-1992,2.5
Costa Rica,Psychology,1993-1997,3.249999999999999
Costa Rica,Psychology,1998-2002,4.319047619047618
Costa Rica,Psychology,2003-2007,8.23571428571428
Costa Rica,Psychology,2008-2012,19.94821428571428
Costa Rica,Psychology,2013-2017,28.971784345922245
Costa Rica,Social Sciences,1973-1977,35.166666666666664
Costa Rica,Social Sciences,1978-1982,40.0
Costa Rica,Social Sciences,1983-1987,43.333333333333336
Costa Rica,Social Sciences,1988-1992,37.5
Costa Rica,Social Sciences,1993-1997,14.78333333333333
Costa Rica,Social Sciences,1998-2002,8.199999999999996
Costa Rica,Social Sciences,2003-2007,14.416666666666655
Costa Rica,Social Sciences,2008-2012,36.791666666666636
Costa Rica,Social Sciences,2013-2017,49.88968253968246
Crimea,Biology,2013-2017,0.025
Crimea,Earth and Space,2013-2017,0.2208133971291861
Croatia,Arts,1988-1992,7.0
Croatia,Arts,1993-1997,14.66666666666666
Croatia,Arts,1998-2002,25.0
Croatia,Arts,2003-2007,37.0
Croatia,Arts,2008-2012,189.9999999999999
Croatia,Arts,2013-2017,149.04999999999995
Croatia,Biology,1988-1992,1.333333333333333
Croatia,Biology,1993-1997,215.96666666666647
Croatia,Biology,1998-2002,384.908964646464
Croatia,Biology,2003-2007,779.2085317460296
Croatia,Biology,2008-2012,1489.345023973737
Croatia,Biology,2013-2017,1166.942334336736
Croatia,Biomedical Research,1988-1992,21.16666666666663
Croatia,Biomedical Research,1993-1997,210.62971861471817
Croatia,Biomedical Research,1998-2002,579.1766906117015
Croatia,Biomedical Research,2003-2007,713.9421765998529
Croatia,Biomedical Research,2008-2012,950.3430001377379
Croatia,Biomedical Research,2013-2017,1053.643240414497
Croatia,Chemistry,1973-1977,1.0
Croatia,Chemistry,1983-1987,0.5
Croatia,Chemistry,1988-1992,41.166666666666664
Croatia,Chemistry,1993-1997,782.2666666666652
Croatia,Chemistry,1998-2002,765.4539682539668
Croatia,Chemistry,2003-2007,931.8202380952366
Croatia,Chemistry,2008-2012,1084.8214285714268
Croatia,Chemistry,2013-2017,980.6265791289804
Croatia,Clinical Medicine,1988-1992,21.26666666666666
Croatia,Clinical Medicine,1993-1997,932.0806739140359
Croatia,Clinical Medicine,1998-2002,1322.9774626208282
Croatia,Clinical Medicine,2003-2007,1885.313191003181
Croatia,Clinical Medicine,2008-2012,3535.2739717839922
Croatia,Clinical Medicine,2013-2017,3129.9438880749544
Croatia,Earth and Space,1988-1992,11.749999999999996
Croatia,Earth and Space,1993-1997,177.88644688644658
Croatia,Earth and Space,1998-2002,207.33215020273803
Croatia,Earth and Space,2003-2007,368.2898124639594
Croatia,Earth and Space,2008-2012,683.9630392663379
Croatia,Earth and Space,2013-2017,745.1141809371787
Croatia,Engineering and Technology,1973-1977,1.0
Croatia,Engineering and Technology,1988-1992,38.5
Croatia,Engineering and Technology,1993-1997,482.49999999999943
Croatia,Engineering and Technology,1998-2002,592.3357142857134
Croatia,Engineering and Technology,2003-2007,838.3332722832707
Croatia,Engineering and Technology,2008-2012,2021.6972830383547
Croatia,Engineering and Technology,2013-2017,1926.2687617642098
Croatia,Health,1993-1997,10.382575757575754
Croatia,Health,1998-2002,11.367647058823525
Croatia,Health,2003-2007,37.41255221386797
Croatia,Health,2008-2012,71.87116119174931
Croatia,Health,2013-2017,109.3805600774639
Croatia,Humanities,1988-1992,2.5
Croatia,Humanities,1993-1997,14.0
Croatia,Humanities,1998-2002,20.0
Croatia,Humanities,2003-2007,80.33333333333333
Croatia,Humanities,2008-2012,542.4102564102564
Croatia,Humanities,2013-2017,493.3639669826739
Croatia,Mathematics,1978-1982,1.0
Croatia,Mathematics,1988-1992,2.333333333333333
Croatia,Mathematics,1993-1997,140.5833333333329
Croatia,Mathematics,1998-2002,211.9166666666661
Croatia,Mathematics,2003-2007,254.74999999999937
Croatia,Mathematics,2008-2012,565.2768115942022
Croatia,Mathematics,2013-2017,595.2035714285706
Croatia,Physics,1988-1992,7.316666666666663
Croatia,Physics,1993-1997,427.12652531687047
Croatia,Physics,1998-2002,431.5120262080055
Croatia,Physics,2003-2007,572.7328874690025
Croatia,Physics,2008-2012,552.8765335009751
Croatia,Physics,2013-2017,489.7948166491255
Croatia,Professional Fields,1993-1997,17.833333333333332
Croatia,Professional Fields,1998-2002,27.833333333333332
Croatia,Professional Fields,2003-2007,84.48888888888888
Croatia,Professional Fields,2008-2012,307.7037959624911
Croatia,Professional Fields,2013-2017,520.7795024420016
Croatia,Psychology,1988-1992,1.0
Croatia,Psychology,1993-1997,40.18333333333333
Croatia,Psychology,1998-2002,42.36666666666667
Croatia,Psychology,2003-2007,48.35061922204767
Croatia,Psychology,2008-2012,107.3844471294206
Croatia,Psychology,2013-2017,116.92856496220686
Croatia,Social Sciences,1988-1992,9.333333333333332
Croatia,Social Sciences,1993-1997,373.0833333333333
Croatia,Social Sciences,1998-2002,590.7749999999996
Croatia,Social Sciences,2003-2007,926.9309523809502
Croatia,Social Sciences,2008-2012,1785.0245171495137
Croatia,Social Sciences,2013-2017,748.9023281242306
Cuba,Arts,1978-1982,3.0
Cuba,Arts,1983-1987,5.0
Cuba,Arts,1988-1992,2.0
Cuba,Arts,1993-1997,2.0
Cuba,Arts,2003-2007,1.0
Cuba,Arts,2008-2012,3.0
Cuba,Arts,2013-2017,3.625
Cuba,Biology,1973-1977,74.0
Cuba,Biology,1978-1982,224.33333333333326
Cuba,Biology,1983-1987,277.3333333333333
Cuba,Biology,1988-1992,334.33333333333326
Cuba,Biology,1993-1997,372.74999999999966
Cuba,Biology,1998-2002,488.04696969696903
Cuba,Biology,2003-2007,548.6039682539675
Cuba,Biology,2008-2012,452.43006106399866
Cuba,Biology,2013-2017,343.1129255720602
Cuba,Biomedical Research,1973-1977,30.41666666666666
Cuba,Biomedical Research,1978-1982,43.79999999999998
Cuba,Biomedical Research,1983-1987,89.27857142857141
Cuba,Biomedical Research,1988-1992,158.04999999999978
Cuba,Biomedical Research,1993-1997,168.86150793650785
Cuba,Biomedical Research,1998-2002,266.10763305322075
Cuba,Biomedical Research,2003-2007,288.0511904761899
Cuba,Biomedical Research,2008-2012,254.376282361178
Cuba,Biomedical Research,2013-2017,187.64023974488754
Cuba,Chemistry,1973-1977,10.0
Cuba,Chemistry,1978-1982,48.86868686868683
Cuba,Chemistry,1983-1987,58.83333333333331
Cuba,Chemistry,1988-1992,87.16666666666654
Cuba,Chemistry,1993-1997,175.4261904761901
Cuba,Chemistry,1998-2002,259.3666666666657
Cuba,Chemistry,2003-2007,248.1008365508359
Cuba,Chemistry,2008-2012,227.76666666666594
Cuba,Chemistry,2013-2017,144.04987789987769
Cuba,Clinical Medicine,1973-1977,77.2
Cuba,Clinical Medicine,1978-1982,145.6861111111111
Cuba,Clinical Medicine,1983-1987,154.4876373626373
Cuba,Clinical Medicine,1988-1992,175.9334267040148
Cuba,Clinical Medicine,1993-1997,261.8298758629337
Cuba,Clinical Medicine,1998-2002,631.9002228163984
Cuba,Clinical Medicine,2003-2007,598.2115004878151
Cuba,Clinical Medicine,2008-2012,668.4498326755969
Cuba,Clinical Medicine,2013-2017,484.83537370873063
Cuba,Earth and Space,1973-1977,6.6666666666666625
Cuba,Earth and Space,1978-1982,7.83333333333333
Cuba,Earth and Space,1983-1987,7.483333333333326
Cuba,Earth and Space,1988-1992,19.833333333333314
Cuba,Earth and Space,1993-1997,25.28333333333332
Cuba,Earth and Space,1998-2002,50.26834733893554
Cuba,Earth and Space,2003-2007,54.532215007214944
Cuba,Earth and Space,2008-2012,98.99487734487708
Cuba,Earth and Space,2013-2017,112.58996451533176
Cuba,Engineering and Technology,1973-1977,0.833333333333333
Cuba,Engineering and Technology,1978-1982,5.25
Cuba,Engineering and Technology,1983-1987,9.666666666666663
Cuba,Engineering and Technology,1988-1992,20.16666666666665
Cuba,Engineering and Technology,1993-1997,59.416666666666615
Cuba,Engineering and Technology,1998-2002,146.86666666666642
Cuba,Engineering and Technology,2003-2007,228.96366550116508
Cuba,Engineering and Technology,2008-2012,258.9158681765383
Cuba,Engineering and Technology,2013-2017,293.0398882295582
Cuba,Health,1973-1977,2.5
Cuba,Health,1983-1987,2.0
Cuba,Health,1988-1992,3.833333333333333
Cuba,Health,1993-1997,6.283333333333333
Cuba,Health,1998-2002,7.411111111111109
Cuba,Health,2003-2007,37.59090909090901
Cuba,Health,2008-2012,117.81652652902619
Cuba,Health,2013-2017,117.60736533847951
Cuba,Humanities,1973-1977,4.0
Cuba,Humanities,1978-1982,3.0
Cuba,Humanities,1983-1987,12.2
Cuba,Humanities,1988-1992,37.0
Cuba,Humanities,1993-1997,11.5
Cuba,Humanities,1998-2002,21.0
Cuba,Humanities,2003-2007,6.5
Cuba,Humanities,2008-2012,13.0
Cuba,Humanities,2013-2017,30.74999999999999
Cuba,Mathematics,1973-1977,1.0
Cuba,Mathematics,1978-1982,2.0
Cuba,Mathematics,1983-1987,7.5
Cuba,Mathematics,1988-1992,22.33333333333333
Cuba,Mathematics,1993-1997,18.08333333333332
Cuba,Mathematics,1998-2002,31.666666666666643
Cuba,Mathematics,2003-2007,34.54999999999998
Cuba,Mathematics,2008-2012,73.53214285714279
Cuba,Mathematics,2013-2017,45.6464285714285
Cuba,Physics,1973-1977,2.5
Cuba,Physics,1978-1982,19.166666666666654
Cuba,Physics,1983-1987,43.11666666666666
Cuba,Physics,1988-1992,80.93333333333327
Cuba,Physics,1993-1997,142.94285714285667
Cuba,Physics,1998-2002,223.04523809523735
Cuba,Physics,2003-2007,221.7576229326224
Cuba,Physics,2008-2012,166.31534846109867
Cuba,Physics,2013-2017,127.70021598460329
Cuba,Professional Fields,1973-1977,1.0
Cuba,Professional Fields,1978-1982,5.0
Cuba,Professional Fields,1983-1987,2.0
Cuba,Professional Fields,1988-1992,3.5
Cuba,Professional Fields,1993-1997,3.5
Cuba,Professional Fields,1998-2002,2.416666666666666
Cuba,Professional Fields,2003-2007,6.924242424242422
Cuba,Professional Fields,2008-2012,34.43452380952377
Cuba,Professional Fields,2013-2017,45.28412698412694
Cuba,Psychology,1973-1977,1.5
Cuba,Psychology,1978-1982,1.0
Cuba,Psychology,1983-1987,4.0
Cuba,Psychology,1988-1992,5.5
Cuba,Psychology,1993-1997,6.333333333333333
Cuba,Psychology,1998-2002,13.666666666666663
Cuba,Psychology,2003-2007,7.249999999999988
Cuba,Psychology,2008-2012,15.616666666666664
Cuba,Psychology,2013-2017,12.48025210084032
Cuba,Social Sciences,1973-1977,5.833333333333333
Cuba,Social Sciences,1978-1982,12.333333333333332
Cuba,Social Sciences,1983-1987,9.5
Cuba,Social Sciences,1988-1992,16.0
Cuba,Social Sciences,1993-1997,23.45833333333332
Cuba,Social Sciences,1998-2002,4.999999999999999
Cuba,Social Sciences,2003-2007,21.824999999999996
Cuba,Social Sciences,2008-2012,27.660256410256387
Cuba,Social Sciences,2013-2017,29.361904761904746
Cyprus,Arts,1978-1982,1.0
Cyprus,Arts,1983-1987,1.0
Cyprus,Arts,1993-1997,1.0
Cyprus,Arts,1998-2002,1.0
Cyprus,Arts,2003-2007,5.0
Cyprus,Arts,2008-2012,10.2
Cyprus,Arts,2013-2017,22.366666666666653
Cyprus,Biology,1973-1977,39.5
Cyprus,Biology,1978-1982,37.0
Cyprus,Biology,1983-1987,53.83333333333333
Cyprus,Biology,1988-1992,42.416666666666664
Cyprus,Biology,1993-1997,42.666666666666664
Cyprus,Biology,1998-2002,24.199999999999992
Cyprus,Biology,2003-2007,25.254166666666634
Cyprus,Biology,2008-2012,77.93312243312234
Cyprus,Biology,2013-2017,141.56250135312183
Cyprus,Biomedical Research,1973-1977,3.25
Cyprus,Biomedical Research,1978-1982,2.95
Cyprus,Biomedical Research,1983-1987,3.7
Cyprus,Biomedical Research,1988-1992,4.509523809523803
Cyprus,Biomedical Research,1993-1997,21.476226551226524
Cyprus,Biomedical Research,1998-2002,37.0243043506201
Cyprus,Biomedical Research,2003-2007,44.06469363969357
Cyprus,Biomedical Research,2008-2012,99.07367390471777
Cyprus,Biomedical Research,2013-2017,247.9583917213565
Cyprus,Chemistry,1978-1982,1.5
Cyprus,Chemistry,1988-1992,1.083333333333333
Cyprus,Chemistry,1993-1997,5.999999999999999
Cyprus,Chemistry,1998-2002,40.033333333333324
Cyprus,Chemistry,2003-2007,88.94999999999989
Cyprus,Chemistry,2008-2012,169.79523809523783
Cyprus,Chemistry,2013-2017,201.4940476190473
Cyprus,Clinical Medicine,1973-1977,11.333333333333332
Cyprus,Clinical Medicine,1978-1982,9.761111111111111
Cyprus,Clinical Medicine,1983-1987,6.7
Cyprus,Clinical Medicine,1988-1992,14.295238095238094
Cyprus,Clinical Medicine,1993-1997,35.32063492063491
Cyprus,Clinical Medicine,1998-2002,66.05442516836814
Cyprus,Clinical Medicine,2003-2007,96.42122920938696
Cyprus,Clinical Medicine,2008-2012,223.39177800047347
Cyprus,Clinical Medicine,2013-2017,421.39249705151747
Cyprus,Earth and Space,1973-1977,2.5
Cyprus,Earth and Space,1978-1982,3.66666666666666
Cyprus,Earth and Space,1983-1987,6.392857142857142
Cyprus,Earth and Space,1988-1992,11.028822055137843
Cyprus,Earth and Space,1993-1997,11.0
Cyprus,Earth and Space,1998-2002,11.949999999999983
Cyprus,Earth and Space,2003-2007,29.523804820050906
Cyprus,Earth and Space,2008-2012,101.12905166489976
Cyprus,Earth and Space,2013-2017,199.93063011430877
Cyprus,Engineering and Technology,1973-1977,2.0
Cyprus,Engineering and Technology,1978-1982,0.666666666666666
Cyprus,Engineering and Technology,1983-1987,3.0
Cyprus,Engineering and Technology,1988-1992,4.333333333333333
Cyprus,Engineering and Technology,1993-1997,59.16666666666662
Cyprus,Engineering and Technology,1998-2002,104.28333333333325
Cyprus,Engineering and Technology,2003-2007,208.6809717028753
Cyprus,Engineering and Technology,2008-2012,392.71920511045136
Cyprus,Engineering and Technology,2013-2017,576.0397325407298
Cyprus,Health,1998-2002,1.5
Cyprus,Health,2003-2007,5.0999999999999925
Cyprus,Health,2008-2012,50.05642135642129
Cyprus,Health,2013-2017,120.37029290649214
Cyprus,Humanities,1973-1977,2.0
Cyprus,Humanities,1983-1987,1.0
Cyprus,Humanities,1988-1992,1.0
Cyprus,Humanities,1993-1997,8.0
Cyprus,Humanities,1998-2002,19.0
Cyprus,Humanities,2003-2007,24.5
Cyprus,Humanities,2008-2012,100.0611111111111
Cyprus,Humanities,2013-2017,132.09610983981693
Cyprus,Mathematics,1978-1982,1.0
Cyprus,Mathematics,1983-1987,0.5
Cyprus,Mathematics,1988-1992,2.5
Cyprus,Mathematics,1993-1997,24.83333333333331
Cyprus,Mathematics,1998-2002,49.41666666666664
Cyprus,Mathematics,2003-2007,92.12662337662334
Cyprus,Mathematics,2008-2012,139.09523809523785
Cyprus,Mathematics,2013-2017,128.63333333333318
Cyprus,Physics,1988-1992,3.7978968437883127
Cyprus,Physics,1993-1997,49.411865852276314
Cyprus,Physics,1998-2002,64.16512671319757
Cyprus,Physics,2003-2007,100.02961428819864
Cyprus,Physics,2008-2012,147.9754850984508
Cyprus,Physics,2013-2017,164.1038328896138
Cyprus,Professional Fields,1973-1977,0.0909090909090909
Cyprus,Professional Fields,1978-1982,2.0
Cyprus,Professional Fields,1983-1987,2.0
Cyprus,Professional Fields,1988-1992,2.0
Cyprus,Professional Fields,1993-1997,27.91666666666664
Cyprus,Professional Fields,1998-2002,46.49999999999998
Cyprus,Professional Fields,2003-2007,93.36666666666649
Cyprus,Professional Fields,2008-2012,273.78380230880174
Cyprus,Professional Fields,2013-2017,366.46508744878247
Cyprus,Psychology,1973-1977,0.5
Cyprus,Psychology,1993-1997,1.142857142857142
Cyprus,Psychology,1998-2002,9.047619047619044
Cyprus,Psychology,2003-2007,20.872315882874872
Cyprus,Psychology,2008-2012,51.39825870646764
Cyprus,Psychology,2013-2017,129.5928008365507
Cyprus,Social Sciences,1973-1977,7.0
Cyprus,Social Sciences,1978-1982,5.5
Cyprus,Social Sciences,1983-1987,4.5
Cyprus,Social Sciences,1988-1992,9.0
Cyprus,Social Sciences,1993-1997,23.833333333333314
Cyprus,Social Sciences,1998-2002,38.87023809523807
Cyprus,Social Sciences,2003-2007,54.46666666666664
Cyprus,Social Sciences,2008-2012,154.02499999999964
Cyprus,Social Sciences,2013-2017,212.86412337662296
Czech Republic,Arts,1993-1997,22.0
Czech Republic,Arts,1998-2002,24.0
Czech Republic,Arts,2003-2007,58.0
Czech Republic,Arts,2008-2012,153.5833333333332
Czech Republic,Arts,2013-2017,207.1928571428569
Czech Republic,Biology,1983-1987,1.0
Czech Republic,Biology,1988-1992,19.66666666666665
Czech Republic,Biology,1993-1997,1647.1126984126945
Czech Republic,Biology,1998-2002,2101.4544011543944
Czech Republic,Biology,2003-2007,2866.6094599357693
Czech Republic,Biology,2008-2012,4433.692023890853
Czech Republic,Biology,2013-2017,5177.427832289662
Czech Republic,Biomedical Research,1978-1982,0.5
Czech Republic,Biomedical Research,1988-1992,16.003623188405783
Czech Republic,Biomedical Research,1993-1997,1358.3179292929271
Czech Republic,Biomedical Research,1998-2002,2080.6593346627765
Czech Republic,Biomedical Research,2003-2007,2677.740504825454
Czech Republic,Biomedical Research,2008-2012,3899.1627928613543
Czech Republic,Biomedical Research,2013-2017,5482.787562669662
Czech Republic,Chemistry,1988-1992,316.2999999999988
Czech Republic,Chemistry,1993-1997,2642.1702380952306
Czech Republic,Chemistry,1998-2002,3287.9129731379617
Czech Republic,Chemistry,2003-2007,3888.3932968682852
Czech Republic,Chemistry,2008-2012,5129.530306621473
Czech Republic,Chemistry,2013-2017,5782.776747356803
Czech Republic,Clinical Medicine,1988-1992,30.33333333333332
Czech Republic,Clinical Medicine,1993-1997,1480.810824218934
Czech Republic,Clinical Medicine,1998-2002,2367.1911799178597
Czech Republic,Clinical Medicine,2003-2007,3981.474576976074
Czech Republic,Clinical Medicine,2008-2012,5994.779915984681
Czech Republic,Clinical Medicine,2013-2017,6705.515388679312
Czech Republic,Earth and Space,1978-1982,1.333333333333333
Czech Republic,Earth and Space,1988-1992,5.911111111111111
Czech Republic,Earth and Space,1993-1997,601.4448522229396
Czech Republic,Earth and Space,1998-2002,785.102610620742
Czech Republic,Earth and Space,2003-2007,1188.4435654264826
Czech Republic,Earth and Space,2008-2012,2020.4645048064015
Czech Republic,Earth and Space,2013-2017,2814.183184702352
Czech Republic,Engineering and Technology,1983-1987,3.0
Czech Republic,Engineering and Technology,1988-1992,3.0
Czech Republic,Engineering and Technology,1993-1997,1197.206349206347
Czech Republic,Engineering and Technology,1998-2002,1702.3880702630645
Czech Republic,Engineering and Technology,2003-2007,2984.166055548022
Czech Republic,Engineering and Technology,2008-2012,4182.589870403538
Czech Republic,Engineering and Technology,2013-2017,6050.641105118874
Czech Republic,Health,1993-1997,21.633333333333333
Czech Republic,Health,1998-2002,18.865909090909074
Czech Republic,Health,2003-2007,45.551513252829025
Czech Republic,Health,2008-2012,83.55067599668972
Czech Republic,Health,2013-2017,261.8081232611404
Czech Republic,Humanities,1988-1992,1.5
Czech Republic,Humanities,1993-1997,232.5
Czech Republic,Humanities,1998-2002,244.5
Czech Republic,Humanities,2003-2007,237.66666666666652
Czech Republic,Humanities,2008-2012,825.4166666666664
Czech Republic,Humanities,2013-2017,1133.7928571428567
Czech Republic,Mathematics,1978-1982,1.0
Czech Republic,Mathematics,1988-1992,15.6666666666666
Czech Republic,Mathematics,1993-1997,521.7595238095232
Czech Republic,Mathematics,1998-2002,751.4428571428558
Czech Republic,Mathematics,2003-2007,1026.4928571428536
Czech Republic,Mathematics,2008-2012,1674.3861111111066
Czech Republic,Mathematics,2013-2017,1878.3885281385215
Czech Republic,Physics,1988-1992,23.249999999999993
Czech Republic,Physics,1993-1997,1457.6013189319015
Czech Republic,Physics,1998-2002,2362.2000087535566
Czech Republic,Physics,2003-2007,2960.3321796741616
Czech Republic,Physics,2008-2012,2981.405389447957
Czech Republic,Physics,2013-2017,3307.5566098916006
Czech Republic,Professional Fields,1993-1997,26.66666666666666
Czech Republic,Professional Fields,1998-2002,208.18846153846133
Czech Republic,Professional Fields,2003-2007,120.98333333333323
Czech Republic,Professional Fields,2008-2012,380.33138528138494
Czech Republic,Professional Fields,2013-2017,464.4625878137525
Czech Republic,Psychology,1993-1997,218.6666666666666
Czech Republic,Psychology,1998-2002,204.21501831501817
Czech Republic,Psychology,2003-2007,253.40796911852794
Czech Republic,Psychology,2008-2012,323.33604670454923
Czech Republic,Psychology,2013-2017,398.2585481471358
Czech Republic,Social Sciences,1988-1992,0.5
Czech Republic,Social Sciences,1993-1997,410.99999999999983
Czech Republic,Social Sciences,1998-2002,442.04999999999967
Czech Republic,Social Sciences,2003-2007,577.066666666666
Czech Republic,Social Sciences,2008-2012,1365.6595207570163
Czech Republic,Social Sciences,2013-2017,1963.8781422009322
Czechoslovakia,Arts,1973-1977,9.0
Czechoslovakia,Arts,1978-1982,18.0
Czechoslovakia,Arts,1983-1987,16.0
Czechoslovakia,Arts,1988-1992,37.5
Czechoslovakia,Arts,1993-1997,2.0
Czechoslovakia,Biology,1973-1977,1363.4833333333322
Czechoslovakia,Biology,1978-1982,3391.874999999996
Czechoslovakia,Biology,1983-1987,3498.099999999995
Czechoslovakia,Biology,1988-1992,3509.1761904761843
Czechoslovakia,Biology,1993-1997,679.6333333333321
Czechoslovakia,Biomedical Research,1973-1977,1866.6962184873935
Czechoslovakia,Biomedical Research,1978-1982,2002.3409159159137
Czechoslovakia,Biomedical Research,1983-1987,2035.9730158730133
Czechoslovakia,Biomedical Research,1988-1992,2308.43503584229
Czechoslovakia,Biomedical Research,1993-1997,437.5992063492058
Czechoslovakia,Chemistry,1973-1977,4958.249999999993
Czechoslovakia,Chemistry,1978-1982,5107.833333333322
Czechoslovakia,Chemistry,1983-1987,4956.077777777767
Czechoslovakia,Chemistry,1988-1992,4228.632575757565
Czechoslovakia,Chemistry,1993-1997,838.5261904761891
Czechoslovakia,Clinical Medicine,1973-1977,3196.0802521008363
Czechoslovakia,Clinical Medicine,1978-1982,3978.1931489262297
Czechoslovakia,Clinical Medicine,1983-1987,3502.130501442994
Czechoslovakia,Clinical Medicine,1988-1992,3106.116792673011
Czechoslovakia,Clinical Medicine,1993-1997,450.49114010988944
Czechoslovakia,Earth and Space,1973-1977,607.6499999999995
Czechoslovakia,Earth and Space,1978-1982,594.5024531024525
Czechoslovakia,Earth and Space,1983-1987,761.8663170163162
Czechoslovakia,Earth and Space,1988-1992,754.3742063492053
Czechoslovakia,Earth and Space,1993-1997,174.01333333333298
Czechoslovakia,Engineering and Technology,1973-1977,655.1666666666665
Czechoslovakia,Engineering and Technology,1978-1982,1542.0047619047612
Czechoslovakia,Engineering and Technology,1983-1987,1533.5690476190462
Czechoslovakia,Engineering and Technology,1988-1992,1731.3999999999965
Czechoslovakia,Engineering and Technology,1993-1997,349.89999999999867
Czechoslovakia,Health,1973-1977,18.0
Czechoslovakia,Health,1978-1982,11.5
Czechoslovakia,Health,1983-1987,5.0
Czechoslovakia,Health,1988-1992,18.5
Czechoslovakia,Health,1993-1997,8.5
Czechoslovakia,Humanities,1973-1977,28.83333333333333
Czechoslovakia,Humanities,1978-1982,72.0
Czechoslovakia,Humanities,1983-1987,206.0
Czechoslovakia,Humanities,1988-1992,320.0
Czechoslovakia,Humanities,1993-1997,23.0
Czechoslovakia,Mathematics,1973-1977,306.66666666666663
Czechoslovakia,Mathematics,1978-1982,271.9999999999999
Czechoslovakia,Mathematics,1983-1987,511.6666666666662
Czechoslovakia,Mathematics,1988-1992,661.0333333333324
Czechoslovakia,Mathematics,1993-1997,107.74999999999986
Czechoslovakia,Physics,1973-1977,1576.9869047619015
Czechoslovakia,Physics,1978-1982,1453.4739750445585
Czechoslovakia,Physics,1983-1987,1620.2723877429712
Czechoslovakia,Physics,1988-1992,2140.7451215727497
Czechoslovakia,Physics,1993-1997,439.6748661932045
Czechoslovakia,Professional Fields,1973-1977,18.833333333333332
Czechoslovakia,Professional Fields,1978-1982,23.666666666666664
Czechoslovakia,Professional Fields,1983-1987,21.0
Czechoslovakia,Professional Fields,1988-1992,27.4
Czechoslovakia,Professional Fields,1993-1997,6.5
Czechoslovakia,Psychology,1973-1977,382.8333333333333
Czechoslovakia,Psychology,1978-1982,439.33333333333326
Czechoslovakia,Psychology,1983-1987,421.5
Czechoslovakia,Psychology,1988-1992,331.66666666666663
Czechoslovakia,Psychology,1993-1997,39.49999999999996
Czechoslovakia,Social Sciences,1973-1977,671.5666666666667
Czechoslovakia,Social Sciences,1978-1982,917.3333333333334
Czechoslovakia,Social Sciences,1983-1987,991.4166666666666
Czechoslovakia,Social Sciences,1988-1992,974.2499999999993
Czechoslovakia,Social Sciences,1993-1997,91.99999999999996
Denmark,Arts,1973-1977,9.0
Denmark,Arts,1978-1982,21.5
Denmark,Arts,1983-1987,14.0
Denmark,Arts,1988-1992,20.33333333333333
Denmark,Arts,1993-1997,37.0
Denmark,Arts,1998-2002,20.0
Denmark,Arts,2003-2007,41.83333333333333
Denmark,Arts,2008-2012,100.6333333333331
Denmark,Arts,2013-2017,158.15622710622682
Denmark,Biology,1973-1977,624.5833333333329
Denmark,Biology,1978-1982,1243.4833333333322
Denmark,Biology,1983-1987,1194.6495744451618
Denmark,Biology,1988-1992,1446.413726551224
Denmark,Biology,1993-1997,2322.6083736584987
Denmark,Biology,1998-2002,3191.347688796353
Denmark,Biology,2003-2007,3376.5463820838045
Denmark,Biology,2008-2012,3482.8132571180595
Denmark,Biology,2013-2017,3860.299489600353
Denmark,Biomedical Research,1973-1977,1801.5697723028582
Denmark,Biomedical Research,1978-1982,2276.695012870007
Denmark,Biomedical Research,1983-1987,2681.4774899077497
Denmark,Biomedical Research,1988-1992,3035.3486173894366
Denmark,Biomedical Research,1993-1997,3974.3436397257374
Denmark,Biomedical Research,1998-2002,4461.353651243442
Denmark,Biomedical Research,2003-2007,4838.412476657019
Denmark,Biomedical Research,2008-2012,5683.054658611915
Denmark,Biomedical Research,2013-2017,7763.382498651001
Denmark,Chemistry,1973-1977,1002.0999999999988
Denmark,Chemistry,1978-1982,1050.5166666666655
Denmark,Chemistry,1983-1987,967.1698412698395
Denmark,Chemistry,1988-1992,1041.2749389499372
Denmark,Chemistry,1993-1997,1599.4599206349176
Denmark,Chemistry,1998-2002,1877.1484593837486
Denmark,Chemistry,2003-2007,2025.4135710385651
Denmark,Chemistry,2008-2012,2231.185440022936
Denmark,Chemistry,2013-2017,2744.575681420071
Denmark,Clinical Medicine,1973-1977,6007.984632034625
Denmark,Clinical Medicine,1978-1982,8137.526793484276
Denmark,Clinical Medicine,1983-1987,10043.355959026332
Denmark,Clinical Medicine,1988-1992,10711.215826845899
Denmark,Clinical Medicine,1993-1997,10219.34322686406
Denmark,Clinical Medicine,1998-2002,9987.704455150968
Denmark,Clinical Medicine,2003-2007,10850.505246873212
Denmark,Clinical Medicine,2008-2012,13976.786610854704
Denmark,Clinical Medicine,2013-2017,19101.851874531265
Denmark,Earth and Space,1973-1977,253.29444444444403
Denmark,Earth and Space,1978-1982,470.1337662337654
Denmark,Earth and Space,1983-1987,608.894322344321
Denmark,Earth and Space,1988-1992,769.1333444333434
Denmark,Earth and Space,1993-1997,1374.6994314457438
Denmark,Earth and Space,1998-2002,1817.7369818402742
Denmark,Earth and Space,2003-2007,1824.12104539335
Denmark,Earth and Space,2008-2012,2239.6548183415225
Denmark,Earth and Space,2013-2017,2983.0696186252685
Denmark,Engineering and Technology,1973-1977,324.7261904761904
Denmark,Engineering and Technology,1978-1982,480.73333333333306
Denmark,Engineering and Technology,1983-1987,638.6916666666655
Denmark,Engineering and Technology,1988-1992,924.156295501882
Denmark,Engineering and Technology,1993-1997,1382.6048916840457
Denmark,Engineering and Technology,1998-2002,1903.9220857644736
Denmark,Engineering and Technology,2003-2007,2588.4109880457668
Denmark,Engineering and Technology,2008-2012,3095.2091288189695
Denmark,Engineering and Technology,2013-2017,4970.064502252964
Denmark,Health,1973-1977,32.5
Denmark,Health,1978-1982,71.64285714285714
Denmark,Health,1983-1987,93.575
Denmark,Health,1988-1992,107.79481792717084
Denmark,Health,1993-1997,138.6301337551336
Denmark,Health,1998-2002,281.25706028863885
Denmark,Health,2003-2007,489.5579574775422
Denmark,Health,2008-2012,1132.0178537246104
Denmark,Health,2013-2017,1747.270236134706
Denmark,Humanities,1973-1977,73.5
Denmark,Humanities,1978-1982,148.16666666666666
Denmark,Humanities,1983-1987,201.0
Denmark,Humanities,1988-1992,206.5
Denmark,Humanities,1993-1997,218.33333333333331
Denmark,Humanities,1998-2002,276.25
Denmark,Humanities,2003-2007,273.4166666666665
Denmark,Humanities,2008-2012,688.346428571428
Denmark,Humanities,2013-2017,840.2659547008373
Denmark,Mathematics,1973-1977,293.3666666666663
Denmark,Mathematics,1978-1982,373.5499999999997
Denmark,Mathematics,1983-1987,349.4999999999994
Denmark,Mathematics,1988-1992,356.1499999999992
Denmark,Mathematics,1993-1997,460.82142857142765
Denmark,Mathematics,1998-2002,532.1714285714272
Denmark,Mathematics,2003-2007,597.954761904761
Denmark,Mathematics,2008-2012,638.2611471861462
Denmark,Mathematics,2013-2017,761.846139971139
Denmark,Physics,1973-1977,1105.1433982683968
Denmark,Physics,1978-1982,1541.2968253968227
Denmark,Physics,1983-1987,1502.6126012875989
Denmark,Physics,1988-1992,1716.4192058651622
Denmark,Physics,1993-1997,2414.517599578609
Denmark,Physics,1998-2002,2465.1258787634238
Denmark,Physics,2003-2007,2416.4305245341666
Denmark,Physics,2008-2012,2636.0385856305247
Denmark,Physics,2013-2017,2683.7692160296056
Denmark,Professional Fields,1973-1977,35.33333333333333
Denmark,Professional Fields,1978-1982,88.83333333333326
Denmark,Professional Fields,1983-1987,120.58333333333333
Denmark,Professional Fields,1988-1992,111.58333333333323
Denmark,Professional Fields,1993-1997,216.5999999999996
Denmark,Professional Fields,1998-2002,340.2771520146516
Denmark,Professional Fields,2003-2007,488.6043122512158
Denmark,Professional Fields,2008-2012,1103.0719548425402
Denmark,Professional Fields,2013-2017,1668.9749577699138
Denmark,Psychology,1973-1977,115.15
Denmark,Psychology,1978-1982,96.7333333333333
Denmark,Psychology,1983-1987,149.1785714285714
Denmark,Psychology,1988-1992,156.46666666666664
Denmark,Psychology,1993-1997,170.56666666666655
Denmark,Psychology,1998-2002,255.18882783882748
Denmark,Psychology,2003-2007,351.25230500493615
Denmark,Psychology,2008-2012,518.9861612042954
Denmark,Psychology,2013-2017,859.3839035399851
Denmark,Social Sciences,1973-1977,188.99999999999994
Denmark,Social Sciences,1978-1982,326.74999999999994
Denmark,Social Sciences,1983-1987,325.26666666666654
Denmark,Social Sciences,1988-1992,424.9333333333331
Denmark,Social Sciences,1993-1997,493.594444444444
Denmark,Social Sciences,1998-2002,725.7634920634913
Denmark,Social Sciences,2003-2007,965.5437701187691
Denmark,Social Sciences,2008-2012,1932.6972903077271
Denmark,Social Sciences,2013-2017,2749.088430998186
Djibouti,Biology,1978-1982,0.5
Djibouti,Biology,2003-2007,0.2
Djibouti,Biology,2008-2012,1.2
Djibouti,Biology,2013-2017,1.3435897435897428
Djibouti,Biomedical Research,1983-1987,0.166666666666666
Djibouti,Biomedical Research,1988-1992,1.916666666666666
Djibouti,Biomedical Research,2003-2007,0.416666666666666
Djibouti,Biomedical Research,2008-2012,0.953968253968253
Djibouti,Biomedical Research,2013-2017,1.2499999999999991
Djibouti,Chemistry,1983-1987,0.45
Djibouti,Chemistry,1988-1992,1.25
Djibouti,Chemistry,1993-1997,0.833333333333333
Djibouti,Chemistry,2003-2007,0.5
Djibouti,Chemistry,2008-2012,1.0
Djibouti,Chemistry,2013-2017,3.9999999999999982
Djibouti,Clinical Medicine,1978-1982,2.0
Djibouti,Clinical Medicine,1983-1987,2.0
Djibouti,Clinical Medicine,1988-1992,3.933333333333333
Djibouti,Clinical Medicine,1993-1997,1.4999999999999991
Djibouti,Clinical Medicine,1998-2002,1.15
Djibouti,Clinical Medicine,2003-2007,1.833333333333333
Djibouti,Clinical Medicine,2008-2012,7.044444444444442
Djibouti,Clinical Medicine,2013-2017,7.862301587301585
Djibouti,Earth and Space,1978-1982,0.333333333333333
Djibouti,Earth and Space,1983-1987,0.75
Djibouti,Earth and Space,1988-1992,1.416666666666663
Djibouti,Earth and Space,1993-1997,1.309523809523808
Djibouti,Earth and Space,1998-2002,0.9166666666666661
Djibouti,Earth and Space,2003-2007,0.75
Djibouti,Earth and Space,2008-2012,1.36111111111111
Djibouti,Earth and Space,2013-2017,5.028831796223097
Djibouti,Engineering and Technology,2008-2012,0.5
Djibouti,Engineering and Technology,2013-2017,0.666666666666666
Djibouti,Health,2013-2017,0.25
Djibouti,Physics,2013-2017,0.166666666666666
Djibouti,Social Sciences,2013-2017,0.166666666666666
Dominican Republic,Arts,1978-1982,1.0
Dominican Republic,Arts,1993-1997,1.0
Dominican Republic,Arts,2013-2017,0.5
Dominican Republic,Biology,1973-1977,3.5
Dominican Republic,Biology,1978-1982,13.16666666666666
Dominican Republic,Biology,1983-1987,9.783333333333319
Dominican Republic,Biology,1988-1992,7.999999999999979
Dominican Republic,Biology,1993-1997,12.176190476190463
Dominican Republic,Biology,1998-2002,9.580303030303028
Dominican Republic,Biology,2003-2007,8.983333333333322
Dominican Republic,Biology,2008-2012,16.380158730158698
Dominican Republic,Biology,2013-2017,24.704340104340062
Dominican Republic,Biomedical Research,1973-1977,2.083333333333333
Dominican Republic,Biomedical Research,1978-1982,2.45
Dominican Republic,Biomedical Research,1983-1987,4.0
Dominican Republic,Biomedical Research,1988-1992,1.183333333333333
Dominican Republic,Biomedical Research,1993-1997,4.367832167832163
Dominican Republic,Biomedical Research,1998-2002,3.08611111111111
Dominican Republic,Biomedical Research,2003-2007,2.883333333333332
Dominican Republic,Biomedical Research,2008-2012,3.6036435786435743
Dominican Republic,Biomedical Research,2013-2017,10.209172260488032
Dominican Republic,Chemistry,1978-1982,0.75
Dominican Republic,Chemistry,1988-1992,4.611111111111111
Dominican Republic,Chemistry,1993-1997,0.333333333333333
Dominican Republic,Chemistry,1998-2002,0.7
Dominican Republic,Chemistry,2003-2007,0.333333333333333
Dominican Republic,Chemistry,2008-2012,0.267857142857142
Dominican Republic,Chemistry,2013-2017,3.399999999999999
Dominican Republic,Clinical Medicine,1973-1977,4.96666666666666
Dominican Republic,Clinical Medicine,1978-1982,13.86904761904761
Dominican Republic,Clinical Medicine,1983-1987,19.334523809523798
Dominican Republic,Clinical Medicine,1988-1992,14.23730158730157
Dominican Republic,Clinical Medicine,1993-1997,18.83544690603511
Dominican Republic,Clinical Medicine,1998-2002,20.14084804084801
Dominican Republic,Clinical Medicine,2003-2007,20.46222168635959
Dominican Republic,Clinical Medicine,2008-2012,23.175954783520545
Dominican Republic,Clinical Medicine,2013-2017,44.03982207265189
Dominican Republic,Earth and Space,1978-1982,1.25
Dominican Republic,Earth and Space,1988-1992,0.75
Dominican Republic,Earth and Space,1993-1997,1.333333333333333
Dominican Republic,Earth and Space,1998-2002,0.5428571428571416
Dominican Republic,Earth and Space,2003-2007,1.033333333333333
Dominican Republic,Earth and Space,2008-2012,2.08611111111111
Dominican Republic,Earth and Space,2013-2017,8.370209365797589
Dominican Republic,Engineering and Technology,1973-1977,0.666666666666666
Dominican Republic,Engineering and Technology,1978-1982,1.0
Dominican Republic,Engineering and Technology,1983-1987,3.0
Dominican Republic,Engineering and Technology,1988-1992,4.5
Dominican Republic,Engineering and Technology,1993-1997,3.833333333333333
Dominican Republic,Engineering and Technology,1998-2002,0.5
Dominican Republic,Engineering and Technology,2003-2007,1.249999999999999
Dominican Republic,Engineering and Technology,2008-2012,4.171428571428571
Dominican Republic,Engineering and Technology,2013-2017,5.3055555555555545
Dominican Republic,Health,1973-1977,0.666666666666666
Dominican Republic,Health,1998-2002,1.059523809523808
Dominican Republic,Health,2003-2007,4.012499999999991
Dominican Republic,Health,2008-2012,11.522269397269373
Dominican Republic,Health,2013-2017,18.906442577030774
Dominican Republic,Humanities,1978-1982,1.0
Dominican Republic,Humanities,1988-1992,1.0
Dominican Republic,Humanities,1993-1997,1.0
Dominican Republic,Humanities,2008-2012,1.0
Dominican Republic,Humanities,2013-2017,1.0
Dominican Republic,Mathematics,1983-1987,1.0
Dominican Republic,Mathematics,1988-1992,2.0
Dominican Republic,Mathematics,1993-1997,1.0
Dominican Republic,Mathematics,2008-2012,2.0
Dominican Republic,Mathematics,2013-2017,8.083333333333329
Dominican Republic,Physics,1978-1982,1.0
Dominican Republic,Physics,1983-1987,0.5
Dominican Republic,Physics,1988-1992,5.5
Dominican Republic,Physics,1993-1997,3.0
Dominican Republic,Physics,1998-2002,0.999999999999999
Dominican Republic,Physics,2008-2012,2.666666666666666
Dominican Republic,Physics,2013-2017,1.0
Dominican Republic,Professional Fields,1983-1987,0.666666666666666
Dominican Republic,Professional Fields,1993-1997,2.5333333333333297
Dominican Republic,Professional Fields,1998-2002,1.5
Dominican Republic,Professional Fields,2003-2007,0.5
Dominican Republic,Professional Fields,2008-2012,0.333333333333333
Dominican Republic,Professional Fields,2013-2017,1.9999999999999993
Dominican Republic,Psychology,1973-1977,2.0
Dominican Republic,Psychology,1978-1982,1.5
Dominican Republic,Psychology,1983-1987,1.5
Dominican Republic,Psychology,1988-1992,0.25
Dominican Republic,Psychology,1993-1997,0.25
Dominican Republic,Psychology,1998-2002,4.2
Dominican Republic,Psychology,2003-2007,0.0144927536231884
Dominican Republic,Psychology,2008-2012,1.233333333333332
Dominican Republic,Psychology,2013-2017,3.619047619047618
Dominican Republic,Social Sciences,1973-1977,1.0
Dominican Republic,Social Sciences,1978-1982,1.791666666666666
Dominican Republic,Social Sciences,1983-1987,2.75
Dominican Republic,Social Sciences,1988-1992,4.033333333333333
Dominican Republic,Social Sciences,1993-1997,2.75
Dominican Republic,Social Sciences,1998-2002,3.4999999999999982
Dominican Republic,Social Sciences,2003-2007,1.75
Dominican Republic,Social Sciences,2008-2012,4.399999999999999
Dominican Republic,Social Sciences,2013-2017,5.333333333333325
Ecuador,Arts,1973-1977,1.0
Ecuador,Arts,1978-1982,1.0
Ecuador,Arts,1983-1987,1.0
Ecuador,Arts,2008-2012,1.5
Ecuador,Arts,2013-2017,5.95
Ecuador,Biology,1973-1977,14.833333333333323
Ecuador,Biology,1978-1982,21.166666666666664
Ecuador,Biology,1983-1987,27.892857142857128
Ecuador,Biology,1988-1992,22.499999999999993
Ecuador,Biology,1993-1997,44.1166666666666
Ecuador,Biology,1998-2002,64.35265512265504
Ecuador,Biology,2003-2007,156.16635813017345
Ecuador,Biology,2008-2012,220.4578027419307
Ecuador,Biology,2013-2017,472.33633395307754
Ecuador,Biomedical Research,1973-1977,4.616666666666666
Ecuador,Biomedical Research,1978-1982,4.833333333333333
Ecuador,Biomedical Research,1983-1987,8.48333333333333
Ecuador,Biomedical Research,1988-1992,21.861111111111097
Ecuador,Biomedical Research,1993-1997,14.702631578947356
Ecuador,Biomedical Research,1998-2002,15.923266499582278
Ecuador,Biomedical Research,2003-2007,34.94491287913007
Ecuador,Biomedical Research,2008-2012,65.13975175965044
Ecuador,Biomedical Research,2013-2017,189.52129255578987
Ecuador,Chemistry,1973-1977,0.5
Ecuador,Chemistry,1983-1987,0.25
Ecuador,Chemistry,1988-1992,3.166666666666666
Ecuador,Chemistry,1993-1997,3.666666666666666
Ecuador,Chemistry,1998-2002,4.249999999999999
Ecuador,Chemistry,2003-2007,10.416666666666659
Ecuador,Chemistry,2008-2012,8.033333333333328
Ecuador,Chemistry,2013-2017,85.58043068043057
Ecuador,Clinical Medicine,1973-1977,8.916666666666666
Ecuador,Clinical Medicine,1978-1982,9.474999999999996
Ecuador,Clinical Medicine,1983-1987,23.451190476190458
Ecuador,Clinical Medicine,1988-1992,42.05695970695967
Ecuador,Clinical Medicine,1993-1997,105.76230158730144
Ecuador,Clinical Medicine,1998-2002,126.71914098972904
Ecuador,Clinical Medicine,2003-2007,138.32093773085128
Ecuador,Clinical Medicine,2008-2012,173.6977260218466
Ecuador,Clinical Medicine,2013-2017,289.71009308815945
Ecuador,Earth and Space,1973-1977,1.5
Ecuador,Earth and Space,1978-1982,5.0
Ecuador,Earth and Space,1983-1987,5.19999999999999
Ecuador,Earth and Space,1988-1992,4.172222222222219
Ecuador,Earth and Space,1993-1997,19.943478260869526
Ecuador,Earth and Space,1998-2002,25.89523809523807
Ecuador,Earth and Space,2003-2007,36.33679653679647
Ecuador,Earth and Space,2008-2012,62.605776850459954
Ecuador,Earth and Space,2013-2017,196.28510755040162
Ecuador,Engineering and Technology,1973-1977,3.666666666666666
Ecuador,Engineering and Technology,1978-1982,3.833333333333333
Ecuador,Engineering and Technology,1983-1987,3.583333333333333
Ecuador,Engineering and Technology,1988-1992,3.333333333333333
Ecuador,Engineering and Technology,1993-1997,6.458333333333333
Ecuador,Engineering and Technology,1998-2002,14.783333333333331
Ecuador,Engineering and Technology,2003-2007,13.218686868686866
Ecuador,Engineering and Technology,2008-2012,16.366666666666653
Ecuador,Engineering and Technology,2013-2017,229.64369024247006
Ecuador,Health,1978-1982,2.0
Ecuador,Health,1983-1987,3.0
Ecuador,Health,1988-1992,2.5
Ecuador,Health,1998-2002,3.75
Ecuador,Health,2003-2007,12.138034188034187
Ecuador,Health,2008-2012,27.03188478188475
Ecuador,Health,2013-2017,46.98863281391875
Ecuador,Humanities,1978-1982,1.0
Ecuador,Humanities,1988-1992,7.0
Ecuador,Humanities,1998-2002,2.0
Ecuador,Humanities,2003-2007,1.5
Ecuador,Humanities,2008-2012,3.25
Ecuador,Humanities,2013-2017,27.36666666666666
Ecuador,Mathematics,1988-1992,0.5
Ecuador,Mathematics,1993-1997,1.333333333333333
Ecuador,Mathematics,2003-2007,6.33333333333333
Ecuador,Mathematics,2008-2012,14.23333333333332
Ecuador,Mathematics,2013-2017,36.1850140056022
Ecuador,Physics,1973-1977,1.5
Ecuador,Physics,1983-1987,2.5
Ecuador,Physics,1988-1992,3.08333333333333
Ecuador,Physics,1993-1997,0.6323877068557918
Ecuador,Physics,1998-2002,13.868109720155966
Ecuador,Physics,2003-2007,21.782988508727705
Ecuador,Physics,2008-2012,21.422345613857175
Ecuador,Physics,2013-2017,60.068142365100115
Ecuador,Professional Fields,1978-1982,1.0
Ecuador,Professional Fields,1983-1987,1.0
Ecuador,Professional Fields,1988-1992,4.166666666666666
Ecuador,Professional Fields,1993-1997,0.5
Ecuador,Professional Fields,1998-2002,1.166666666666666
Ecuador,Professional Fields,2003-2007,1.0
Ecuador,Professional Fields,2008-2012,7.926190476190475
Ecuador,Professional Fields,2013-2017,38.77142857142853
Ecuador,Psychology,1973-1977,1.0
Ecuador,Psychology,1978-1982,1.0
Ecuador,Psychology,1993-1997,1.25
Ecuador,Psychology,1998-2002,1.0
Ecuador,Psychology,2003-2007,2.235714285714285
Ecuador,Psychology,2008-2012,4.066666666666666
Ecuador,Psychology,2013-2017,15.033333333333312
Ecuador,Social Sciences,1973-1977,2.666666666666666
Ecuador,Social Sciences,1978-1982,8.499999999999998
Ecuador,Social Sciences,1983-1987,4.866666666666666
Ecuador,Social Sciences,1988-1992,6.785714285714285
Ecuador,Social Sciences,1993-1997,8.999999999999996
Ecuador,Social Sciences,1998-2002,4.507575757575757
Ecuador,Social Sciences,2003-2007,8.166666666666664
Ecuador,Social Sciences,2008-2012,20.890909090909066
Ecuador,Social Sciences,2013-2017,115.23798511430071
Egypt,Arts,1973-1977,2.0
Egypt,Arts,1978-1982,2.166666666666666
Egypt,Arts,1983-1987,4.0
Egypt,Arts,1988-1992,1.0
Egypt,Arts,1993-1997,2.0
Egypt,Arts,1998-2002,5.0
Egypt,Arts,2003-2007,10.583333333333332
Egypt,Arts,2008-2012,11.916666666666664
Egypt,Arts,2013-2017,29.51666666666665
Egypt,Biology,1973-1977,286.6666666666664
Egypt,Biology,1978-1982,814.1011904761897
Egypt,Biology,1983-1987,865.8499999999983
Egypt,Biology,1988-1992,942.6277777777766
Egypt,Biology,1993-1997,821.3428571428558
Egypt,Biology,1998-2002,795.113095238094
Egypt,Biology,2003-2007,703.5103535353522
Egypt,Biology,2008-2012,1410.773706141864
Egypt,Biology,2013-2017,2313.262147812462
Egypt,Biomedical Research,1973-1977,156.2166666666666
Egypt,Biomedical Research,1978-1982,529.5166666666663
Egypt,Biomedical Research,1983-1987,439.93452380952334
Egypt,Biomedical Research,1988-1992,502.036309523809
Egypt,Biomedical Research,1993-1997,488.88134920634855
Egypt,Biomedical Research,1998-2002,476.76515151515065
Egypt,Biomedical Research,2003-2007,642.404365079364
Egypt,Biomedical Research,2008-2012,2134.8350392128773
Egypt,Biomedical Research,2013-2017,3115.698591074374
Egypt,Chemistry,1973-1977,509.6666666666666
Egypt,Chemistry,1978-1982,1723.6666666666656
Egypt,Chemistry,1983-1987,2124.777777777774
Egypt,Chemistry,1988-1992,2822.3999999999933
Egypt,Chemistry,1993-1997,2815.2357142857068
Egypt,Chemistry,1998-2002,2718.6095238095163
Egypt,Chemistry,2003-2007,3169.567857142845
Egypt,Chemistry,2008-2012,3986.3376984126853
Egypt,Chemistry,2013-2017,5349.248175435662
Egypt,Clinical Medicine,1973-1977,346.76666666666637
Egypt,Clinical Medicine,1978-1982,1057.4549603174594
Egypt,Clinical Medicine,1983-1987,1006.4241452991442
Egypt,Clinical Medicine,1988-1992,1114.3727124182988
Egypt,Clinical Medicine,1993-1997,1370.5211773591548
Egypt,Clinical Medicine,1998-2002,1709.6561867000257
Egypt,Clinical Medicine,2003-2007,2411.03167273902
Egypt,Clinical Medicine,2008-2012,5906.560099331912
Egypt,Clinical Medicine,2013-2017,9258.888201007385
Egypt,Earth and Space,1973-1977,17.0
Egypt,Earth and Space,1978-1982,138.84999999999988
Egypt,Earth and Space,1983-1987,255.91666666666654
Egypt,Earth and Space,1988-1992,409.7026315789468
Egypt,Earth and Space,1993-1997,433.10245310245233
Egypt,Earth and Space,1998-2002,446.78014705882237
Egypt,Earth and Space,2003-2007,592.1117544422556
Egypt,Earth and Space,2008-2012,995.8427156177138
Egypt,Earth and Space,2013-2017,2008.8697635581902
Egypt,Engineering and Technology,1973-1977,207.74999999999983
Egypt,Engineering and Technology,1978-1982,705.416666666666
Egypt,Engineering and Technology,1983-1987,1029.5666666666657
Egypt,Engineering and Technology,1988-1992,1250.283333333332
Egypt,Engineering and Technology,1993-1997,1702.5499999999956
Egypt,Engineering and Technology,1998-2002,2080.892857142854
Egypt,Engineering and Technology,2003-2007,2461.7499999999945
Egypt,Engineering and Technology,2008-2012,3908.5631564879855
Egypt,Engineering and Technology,2013-2017,6452.660390252571
Egypt,Health,1973-1977,0.5
Egypt,Health,1978-1982,5.142857142857142
Egypt,Health,1983-1987,8.458333333333332
Egypt,Health,1988-1992,5.5
Egypt,Health,1993-1997,12.861111111111109
Egypt,Health,1998-2002,23.72777777777777
Egypt,Health,2003-2007,25.312301587301572
Egypt,Health,2008-2012,102.81178266178256
Egypt,Health,2013-2017,309.3290826455494
Egypt,Humanities,1973-1977,8.5
Egypt,Humanities,1978-1982,13.0
Egypt,Humanities,1983-1987,16.5
Egypt,Humanities,1988-1992,13.75
Egypt,Humanities,1993-1997,12.0
Egypt,Humanities,1998-2002,20.0
Egypt,Humanities,2003-2007,19.0
Egypt,Humanities,2008-2012,56.749999999999986
Egypt,Humanities,2013-2017,75.7472222222222
Egypt,Mathematics,1973-1977,10.5
Egypt,Mathematics,1978-1982,58.99999999999999
Egypt,Mathematics,1983-1987,107.66666666666659
Egypt,Mathematics,1988-1992,151.74999999999997
Egypt,Mathematics,1993-1997,187.78333333333296
Egypt,Mathematics,1998-2002,312.1166666666662
Egypt,Mathematics,2003-2007,694.3666666666637
Egypt,Mathematics,2008-2012,742.0625258799164
Egypt,Mathematics,2013-2017,841.6964285714275
Egypt,Physics,1973-1977,109.33333333333326
Egypt,Physics,1978-1982,469.783333333333
Egypt,Physics,1983-1987,543.366666666666
Egypt,Physics,1988-1992,770.8166666666659
Egypt,Physics,1993-1997,948.4697004608281
Egypt,Physics,1998-2002,1248.1655122655086
Egypt,Physics,2003-2007,1735.22636391386
Egypt,Physics,2008-2012,1954.318638729766
Egypt,Physics,2013-2017,2587.287687363299
Egypt,Professional Fields,1973-1977,4.0
Egypt,Professional Fields,1978-1982,30.5
Egypt,Professional Fields,1983-1987,16.583333333333325
Egypt,Professional Fields,1988-1992,16.333333333333325
Egypt,Professional Fields,1993-1997,26.33333333333333
Egypt,Professional Fields,1998-2002,30.83333333333332
Egypt,Professional Fields,2003-2007,47.24999999999999
Egypt,Professional Fields,2008-2012,109.02550505050483
Egypt,Professional Fields,2013-2017,170.7201770451766
Egypt,Psychology,1973-1977,3.0
Egypt,Psychology,1978-1982,6.999999999999993
Egypt,Psychology,1983-1987,9.4
Egypt,Psychology,1988-1992,8.491666666666662
Egypt,Psychology,1993-1997,7.066666666666666
Egypt,Psychology,1998-2002,13.249999999999996
Egypt,Psychology,2003-2007,8.283333333333331
Egypt,Psychology,2008-2012,23.057782515991434
Egypt,Psychology,2013-2017,47.49561901943721
Egypt,Social Sciences,1973-1977,15.833333333333332
Egypt,Social Sciences,1978-1982,69.97063492063491
Egypt,Social Sciences,1983-1987,52.29166666666664
Egypt,Social Sciences,1988-1992,41.39999999999997
Egypt,Social Sciences,1993-1997,59.27619047619047
Egypt,Social Sciences,1998-2002,60.816666666666656
Egypt,Social Sciences,2003-2007,66.83333333333331
Egypt,Social Sciences,2008-2012,167.97532967032953
Egypt,Social Sciences,2013-2017,210.82564745196277
El Salvador,Arts,1983-1987,1.0
El Salvador,Biology,1973-1977,11.66666666666666
El Salvador,Biology,1978-1982,7.2
El Salvador,Biology,1983-1987,2.333333333333333
El Salvador,Biology,1988-1992,1.75
El Salvador,Biology,1993-1997,8.749999999999998
El Salvador,Biology,1998-2002,5.95
El Salvador,Biology,2003-2007,11.749999999999998
El Salvador,Biology,2008-2012,10.106727451292663
El Salvador,Biology,2013-2017,14.88948275862067
El Salvador,Biomedical Research,1973-1977,0.333333333333333
El Salvador,Biomedical Research,1978-1982,0.333333333333333
El Salvador,Biomedical Research,1983-1987,1.5
El Salvador,Biomedical Research,1988-1992,4.0
El Salvador,Biomedical Research,1993-1997,3.75
El Salvador,Biomedical Research,1998-2002,2.499999999999999
El Salvador,Biomedical Research,2003-2007,2.4102564102564097
El Salvador,Biomedical Research,2008-2012,2.871100141688375
El Salvador,Biomedical Research,2013-2017,6.46497244871857
El Salvador,Chemistry,1978-1982,1.5
El Salvador,Chemistry,1993-1997,0.25
El Salvador,Chemistry,2003-2007,0.2
El Salvador,Chemistry,2008-2012,1.033333333333333
El Salvador,Chemistry,2013-2017,1.166666666666666
El Salvador,Clinical Medicine,1973-1977,27.333333333333318
El Salvador,Clinical Medicine,1978-1982,23.62499999999999
El Salvador,Clinical Medicine,1983-1987,11.933333333333334
El Salvador,Clinical Medicine,1988-1992,5.7
El Salvador,Clinical Medicine,1993-1997,5.199999999999999
El Salvador,Clinical Medicine,1998-2002,11.677777777777774
El Salvador,Clinical Medicine,2003-2007,10.482514707514701
El Salvador,Clinical Medicine,2008-2012,24.246106847945057
El Salvador,Clinical Medicine,2013-2017,34.137821117019264
El Salvador,Earth and Space,1993-1997,2.0
El Salvador,Earth and Space,1998-2002,2.533333333333333
El Salvador,Earth and Space,2003-2007,3.6499999999999932
El Salvador,Earth and Space,2008-2012,7.208008658008651
El Salvador,Earth and Space,2013-2017,7.777020202020192
El Salvador,Engineering and Technology,1993-1997,3.0
El Salvador,Engineering and Technology,1998-2002,0.3
El Salvador,Engineering and Technology,2003-2007,0.583333333333333
El Salvador,Engineering and Technology,2013-2017,5.030555555555554
El Salvador,Health,1978-1982,0.333333333333333
El Salvador,Health,1998-2002,0.2
El Salvador,Health,2003-2007,1.833333333333332
El Salvador,Health,2008-2012,5.188888888888879
El Salvador,Health,2013-2017,11.993751466971263
El Salvador,Humanities,1978-1982,1.0
El Salvador,Humanities,1988-1992,4.0
El Salvador,Humanities,1993-1997,2.0
El Salvador,Humanities,1998-2002,2.0
El Salvador,Humanities,2008-2012,2.0
El Salvador,Humanities,2013-2017,1.0
El Salvador,Mathematics,2013-2017,0.5
El Salvador,Physics,1983-1987,0.333333333333333
El Salvador,Physics,1993-1997,0.5
El Salvador,Physics,1998-2002,0.333333333333333
El Salvador,Physics,2008-2012,0.5909090909090909
El Salvador,Professional Fields,1978-1982,1.0
El Salvador,Professional Fields,1988-1992,1.0
El Salvador,Professional Fields,1993-1997,1.0
El Salvador,Professional Fields,2003-2007,0.0909090909090909
El Salvador,Professional Fields,2013-2017,1.7916666666666663
El Salvador,Psychology,1973-1977,1.0
El Salvador,Psychology,1978-1982,1.0
El Salvador,Psychology,1988-1992,1.0
El Salvador,Psychology,2003-2007,0.9999999999999989
El Salvador,Psychology,2008-2012,1.4242424242424239
El Salvador,Psychology,2013-2017,2.4370370370370367
El Salvador,Social Sciences,1973-1977,1.0
El Salvador,Social Sciences,1978-1982,5.166666666666666
El Salvador,Social Sciences,1983-1987,2.0
El Salvador,Social Sciences,1988-1992,6.0
El Salvador,Social Sciences,1993-1997,2.499999999999999
El Salvador,Social Sciences,1998-2002,1.333333333333333
El Salvador,Social Sciences,2003-2007,1.4
El Salvador,Social Sciences,2008-2012,3.166666666666666
El Salvador,Social Sciences,2013-2017,3.2421568627450967
Equatorial Guinea,Biology,1993-1997,1.333333333333333
Equatorial Guinea,Biology,1998-2002,0.485714285714285
Equatorial Guinea,Biology,2003-2007,2.783333333333332
Equatorial Guinea,Biology,2008-2012,0.5833333333333333
Equatorial Guinea,Biology,2013-2017,1.6945378151260486
Equatorial Guinea,Biomedical Research,1998-2002,0.333333333333333
Equatorial Guinea,Biomedical Research,2003-2007,0.2
Equatorial Guinea,Biomedical Research,2008-2012,1.296428571428569
Equatorial Guinea,Biomedical Research,2013-2017,2.610014005602239
Equatorial Guinea,Clinical Medicine,1988-1992,3.33333333333333
Equatorial Guinea,Clinical Medicine,1993-1997,2.277777777777777
Equatorial Guinea,Clinical Medicine,1998-2002,3.333333333333326
Equatorial Guinea,Clinical Medicine,2003-2007,2.166666666666666
Equatorial Guinea,Clinical Medicine,2008-2012,4.5960678210678125
Equatorial Guinea,Clinical Medicine,2013-2017,2.549999999999999
Equatorial Guinea,Earth and Space,1993-1997,0.333333333333333
Equatorial Guinea,Earth and Space,2013-2017,0.75
Equatorial Guinea,Engineering and Technology,1993-1997,1.083333333333333
Equatorial Guinea,Health,2003-2007,0.666666666666666
Equatorial Guinea,Health,2013-2017,0.904761904761904
Equatorial Guinea,Professional Fields,2013-2017,0.5
Equatorial Guinea,Social Sciences,1988-1992,1.0
Equatorial Guinea,Social Sciences,1993-1997,1.0
Eritrea,Arts,2013-2017,0.5
Eritrea,Biology,1993-1997,0.5
Eritrea,Biology,1998-2002,13.166666666666663
Eritrea,Biology,2003-2007,10.29848484848483
Eritrea,Biology,2008-2012,4.916666666666666
Eritrea,Biology,2013-2017,10.705017921146942
Eritrea,Biomedical Research,1998-2002,3.803663003663002
Eritrea,Biomedical Research,2003-2007,4.759523809523797
Eritrea,Biomedical Research,2008-2012,3.9999999999999916
Eritrea,Biomedical Research,2013-2017,2.8888888888888857
Eritrea,Chemistry,1998-2002,1.0
Eritrea,Chemistry,2008-2012,1.416666666666666
Eritrea,Chemistry,2013-2017,0.958333333333333
Eritrea,Clinical Medicine,1993-1997,1.0
Eritrea,Clinical Medicine,1998-2002,5.083333333333326
Eritrea,Clinical Medicine,2003-2007,15.392857142857126
Eritrea,Clinical Medicine,2008-2012,6.954761904761903
Eritrea,Clinical Medicine,2013-2017,17.303210678210664
Eritrea,Earth and Space,1993-1997,1.733333333333333
Eritrea,Earth and Space,1998-2002,10.933333333333312
Eritrea,Earth and Space,2003-2007,14.388095238095218
Eritrea,Earth and Space,2008-2012,3.686147186147184
Eritrea,Earth and Space,2013-2017,5.525661838161833
Eritrea,Engineering and Technology,1993-1997,1.5
Eritrea,Engineering and Technology,1998-2002,0.5
Eritrea,Engineering and Technology,2003-2007,1.833333333333333
Eritrea,Engineering and Technology,2008-2012,1.25
Eritrea,Engineering and Technology,2013-2017,0.75
Eritrea,Health,1993-1997,0.333333333333333
Eritrea,Health,1998-2002,0.333333333333333
Eritrea,Health,2003-2007,3.3333333333333286
Eritrea,Health,2008-2012,0.666666666666666
Eritrea,Health,2013-2017,0.916666666666666
Eritrea,Humanities,1998-2002,3.0
Eritrea,Humanities,2003-2007,1.0
Eritrea,Humanities,2008-2012,1.0
Eritrea,Humanities,2013-2017,1.0
Eritrea,Mathematics,1998-2002,1.0
Eritrea,Mathematics,2003-2007,1.0
Eritrea,Mathematics,2008-2012,0.833333333333333
Eritrea,Mathematics,2013-2017,1.0
Eritrea,Physics,1998-2002,2.0
Eritrea,Physics,2003-2007,1.0
Eritrea,Physics,2008-2012,0.7
Eritrea,Professional Fields,1998-2002,1.0
Eritrea,Professional Fields,2003-2007,1.333333333333333
Eritrea,Professional Fields,2008-2012,1.5
Eritrea,Professional Fields,2013-2017,1.2
Eritrea,Psychology,1993-1997,0.333333333333333
Eritrea,Psychology,1998-2002,0.5
Eritrea,Psychology,2003-2007,0.666666666666666
Eritrea,Social Sciences,1998-2002,7.0
Eritrea,Social Sciences,2003-2007,5.333333333333333
Eritrea,Social Sciences,2008-2012,3.25
Eritrea,Social Sciences,2013-2017,0.9920634920634914
Estonia,Arts,1993-1997,1.0
Estonia,Arts,2003-2007,1.333333333333333
Estonia,Arts,2008-2012,27.66666666666666
Estonia,Arts,2013-2017,76.62499999999989
Estonia,Biology,1983-1987,1.25
Estonia,Biology,1988-1992,7.41666666666666
Estonia,Biology,1993-1997,149.53333333333308
Estonia,Biology,1998-2002,250.24682539682487
Estonia,Biology,2003-2007,437.04455209822737
Estonia,Biology,2008-2012,608.159921770172
Estonia,Biology,2013-2017,667.3348644832862
Estonia,Biomedical Research,1988-1992,1.333333333333333
Estonia,Biomedical Research,1993-1997,127.04935064935049
Estonia,Biomedical Research,1998-2002,243.383399654767
Estonia,Biomedical Research,2003-2007,277.03876293972144
Estonia,Biomedical Research,2008-2012,507.9579437666846
Estonia,Biomedical Research,2013-2017,687.6382258433872
Estonia,Chemistry,1988-1992,13.916666666666654
Estonia,Chemistry,1993-1997,175.61666666666633
Estonia,Chemistry,1998-2002,199.47261904761845
Estonia,Chemistry,2003-2007,252.64821428571386
Estonia,Chemistry,2008-2012,318.2119047619038
Estonia,Chemistry,2013-2017,433.41048298107034
Estonia,Clinical Medicine,1988-1992,5.5
Estonia,Clinical Medicine,1993-1997,240.3908480408478
Estonia,Clinical Medicine,1998-2002,341.2627746507538
Estonia,Clinical Medicine,2003-2007,424.22997752831714
Estonia,Clinical Medicine,2008-2012,590.2062682064033
Estonia,Clinical Medicine,2013-2017,638.4692642899312
Estonia,Earth and Space,1988-1992,4.5
Estonia,Earth and Space,1993-1997,152.58531746031724
Estonia,Earth and Space,1998-2002,203.46356421356384
Estonia,Earth and Space,2003-2007,311.91367325484896
Estonia,Earth and Space,2008-2012,510.37745861221896
Estonia,Earth and Space,2013-2017,553.7974173669426
Estonia,Engineering and Technology,1983-1987,1.5
Estonia,Engineering and Technology,1988-1992,10.0
Estonia,Engineering and Technology,1993-1997,193.96666666666664
Estonia,Engineering and Technology,1998-2002,233.0738095238093
Estonia,Engineering and Technology,2003-2007,329.7249999999994
Estonia,Engineering and Technology,2008-2012,426.0953234365695
Estonia,Engineering and Technology,2013-2017,514.3287004807115
Estonia,Health,1993-1997,1.166666666666666
Estonia,Health,1998-2002,24.36666666666665
Estonia,Health,2003-2007,42.58412698412695
Estonia,Health,2008-2012,53.16880570409977
Estonia,Health,2013-2017,64.8036474872167
Estonia,Humanities,1988-1992,0.5
Estonia,Humanities,1993-1997,9.833333333333332
Estonia,Humanities,1998-2002,18.0
Estonia,Humanities,2003-2007,27.0
Estonia,Humanities,2008-2012,276.6111111111109
Estonia,Humanities,2013-2017,343.50391363022925
Estonia,Mathematics,1988-1992,3.0
Estonia,Mathematics,1993-1997,39.08333333333332
Estonia,Mathematics,1998-2002,53.16666666666666
Estonia,Mathematics,2003-2007,81.58333333333331
Estonia,Mathematics,2008-2012,134.89999999999986
Estonia,Mathematics,2013-2017,111.04999999999964
Estonia,Physics,1988-1992,11.98333333333333
Estonia,Physics,1993-1997,309.1309523809514
Estonia,Physics,1998-2002,333.1134920634908
Estonia,Physics,2003-2007,379.0220430107517
Estonia,Physics,2008-2012,373.3384176163575
Estonia,Physics,2013-2017,420.71332606163
Estonia,Professional Fields,1993-1997,10.999999999999996
Estonia,Professional Fields,1998-2002,11.247619047619047
Estonia,Professional Fields,2003-2007,34.24999999999999
Estonia,Professional Fields,2008-2012,120.30420274170233
Estonia,Professional Fields,2013-2017,178.0169276306567
Estonia,Psychology,1988-1992,0.5
Estonia,Psychology,1993-1997,14.66666666666666
Estonia,Psychology,1998-2002,26.816666666666656
Estonia,Psychology,2003-2007,59.219424726412285
Estonia,Psychology,2008-2012,84.37615530686418
Estonia,Psychology,2013-2017,106.5915457326366
Estonia,Social Sciences,1988-1992,1.0
Estonia,Social Sciences,1993-1997,39.66666666666666
Estonia,Social Sciences,1998-2002,69.7333333333333
Estonia,Social Sciences,2003-2007,134.78730158730156
Estonia,Social Sciences,2008-2012,354.8000933706812
Estonia,Social Sciences,2013-2017,379.1736036838971
Ethiopia,Arts,1973-1977,1.0
Ethiopia,Arts,2008-2012,0.458333333333333
Ethiopia,Arts,2013-2017,0.714285714285713
Ethiopia,Biology,1973-1977,21.416666666666664
Ethiopia,Biology,1978-1982,28.333333333333332
Ethiopia,Biology,1983-1987,73.8333333333333
Ethiopia,Biology,1988-1992,144.81666666666658
Ethiopia,Biology,1993-1997,211.56111111111062
Ethiopia,Biology,1998-2002,176.7026315789468
Ethiopia,Biology,2003-2007,255.2218614718607
Ethiopia,Biology,2008-2012,355.7706820956812
Ethiopia,Biology,2013-2017,494.1355664557037
Ethiopia,Biomedical Research,1973-1977,18.416666666666664
Ethiopia,Biomedical Research,1978-1982,5.516666666666663
Ethiopia,Biomedical Research,1983-1987,6.499999999999985
Ethiopia,Biomedical Research,1988-1992,30.999999999999993
Ethiopia,Biomedical Research,1993-1997,33.99444444444442
Ethiopia,Biomedical Research,1998-2002,43.04570707070701
Ethiopia,Biomedical Research,2003-2007,57.56163836163829
Ethiopia,Biomedical Research,2008-2012,161.4398397554247
Ethiopia,Biomedical Research,2013-2017,509.475455564634
Ethiopia,Chemistry,1973-1977,1.33333333333333
Ethiopia,Chemistry,1978-1982,3.5
Ethiopia,Chemistry,1983-1987,25.2
Ethiopia,Chemistry,1988-1992,16.333333333333332
Ethiopia,Chemistry,1993-1997,43.32499999999989
Ethiopia,Chemistry,1998-2002,33.33333333333332
Ethiopia,Chemistry,2003-2007,28.333333333333307
Ethiopia,Chemistry,2008-2012,58.349999999999966
Ethiopia,Chemistry,2013-2017,120.00952380952357
Ethiopia,Clinical Medicine,1973-1977,85.23333333333329
Ethiopia,Clinical Medicine,1978-1982,154.07857142857134
Ethiopia,Clinical Medicine,1983-1987,250.22499999999985
Ethiopia,Clinical Medicine,1988-1992,292.49166666666645
Ethiopia,Clinical Medicine,1993-1997,365.47142857142796
Ethiopia,Clinical Medicine,1998-2002,406.5379544290829
Ethiopia,Clinical Medicine,2003-2007,368.48994061493994
Ethiopia,Clinical Medicine,2008-2012,606.8127779083648
Ethiopia,Clinical Medicine,2013-2017,1261.4301025131274
Ethiopia,Earth and Space,1973-1977,8.666666666666666
Ethiopia,Earth and Space,1978-1982,2.142857142857142
Ethiopia,Earth and Space,1983-1987,4.199999999999999
Ethiopia,Earth and Space,1988-1992,24.166666666666664
Ethiopia,Earth and Space,1993-1997,15.069047619047602
Ethiopia,Earth and Space,1998-2002,38.63452380952375
Ethiopia,Earth and Space,2003-2007,75.16987734487725
Ethiopia,Earth and Space,2008-2012,123.59250749250718
Ethiopia,Earth and Space,2013-2017,296.2558497450583
Ethiopia,Engineering and Technology,1973-1977,2.0
Ethiopia,Engineering and Technology,1978-1982,6.0
Ethiopia,Engineering and Technology,1983-1987,7.0
Ethiopia,Engineering and Technology,1988-1992,5.1666666666666625
Ethiopia,Engineering and Technology,1993-1997,7.0
Ethiopia,Engineering and Technology,1998-2002,6.416666666666666
Ethiopia,Engineering and Technology,2003-2007,8.83333333333333
Ethiopia,Engineering and Technology,2008-2012,20.916666666666643
Ethiopia,Engineering and Technology,2013-2017,125.47046091163716
Ethiopia,Health,1973-1977,2.999999999999999
Ethiopia,Health,1978-1982,1.166666666666666
Ethiopia,Health,1983-1987,7.33333333333333
Ethiopia,Health,1988-1992,10.5
Ethiopia,Health,1993-1997,3.11111111111111
Ethiopia,Health,1998-2002,4.199999999999996
Ethiopia,Health,2003-2007,10.930800405268482
Ethiopia,Health,2008-2012,195.53449883449858
Ethiopia,Health,2013-2017,399.80612893808575
Ethiopia,Humanities,1973-1977,1.0
Ethiopia,Humanities,1978-1982,1.0
Ethiopia,Humanities,1983-1987,1.5
Ethiopia,Humanities,1988-1992,4.5
Ethiopia,Humanities,1993-1997,4.5
Ethiopia,Humanities,1998-2002,3.0
Ethiopia,Humanities,2003-2007,4.5
Ethiopia,Humanities,2008-2012,11.0
Ethiopia,Humanities,2013-2017,8.833333333333332
Ethiopia,Mathematics,1973-1977,5.0
Ethiopia,Mathematics,1978-1982,2.5
Ethiopia,Mathematics,1983-1987,11.0
Ethiopia,Mathematics,1988-1992,6.0
Ethiopia,Mathematics,1993-1997,1.5
Ethiopia,Mathematics,1998-2002,4.333333333333333
Ethiopia,Mathematics,2003-2007,6.833333333333333
Ethiopia,Mathematics,2008-2012,20.24999999999999
Ethiopia,Mathematics,2013-2017,16.366666666666656
Ethiopia,Physics,1983-1987,3.0
Ethiopia,Physics,1988-1992,16.166666666666654
Ethiopia,Physics,1993-1997,1.666666666666666
Ethiopia,Physics,1998-2002,16.58333333333333
Ethiopia,Physics,2003-2007,27.74999999999999
Ethiopia,Physics,2008-2012,43.499999999999986
Ethiopia,Physics,2013-2017,50.69976657329593
Ethiopia,Professional Fields,1973-1977,7.333333333333333
Ethiopia,Professional Fields,1978-1982,3.0
Ethiopia,Professional Fields,1983-1987,3.0
Ethiopia,Professional Fields,1988-1992,4.5
Ethiopia,Professional Fields,1993-1997,13.5
Ethiopia,Professional Fields,1998-2002,4.5
Ethiopia,Professional Fields,2003-2007,7.833333333333333
Ethiopia,Professional Fields,2008-2012,27.01666666666664
Ethiopia,Professional Fields,2013-2017,47.70830546265326
Ethiopia,Psychology,1973-1977,2.5
Ethiopia,Psychology,1978-1982,0.5
Ethiopia,Psychology,1993-1997,1.75
Ethiopia,Psychology,1998-2002,1.803113553113552
Ethiopia,Psychology,2003-2007,1.833333333333333
Ethiopia,Psychology,2008-2012,3.5882587064676614
Ethiopia,Psychology,2013-2017,8.050259069615091
Ethiopia,Social Sciences,1973-1977,12.666666666666666
Ethiopia,Social Sciences,1978-1982,9.333333333333332
Ethiopia,Social Sciences,1983-1987,15.0
Ethiopia,Social Sciences,1988-1992,24.44999999999998
Ethiopia,Social Sciences,1993-1997,18.533333333333324
Ethiopia,Social Sciences,1998-2002,26.583333333333307
Ethiopia,Social Sciences,2003-2007,51.00952380952376
Ethiopia,Social Sciences,2008-2012,104.21031746031737
Ethiopia,Social Sciences,2013-2017,159.01330891330846
Fiji,Biology,1973-1977,38.16666666666666
Fiji,Biology,1978-1982,27.499999999999993
Fiji,Biology,1983-1987,56.33333333333332
Fiji,Biology,1988-1992,29.449999999999967
Fiji,Biology,1993-1997,16.74999999999999
Fiji,Biology,1998-2002,26.866666666666653
Fiji,Biology,2003-2007,35.652380952380895
Fiji,Biology,2008-2012,35.37479919623747
Fiji,Biology,2013-2017,31.56827291066417
Fiji,Biomedical Research,1973-1977,3.333333333333333
Fiji,Biomedical Research,1978-1982,4.2
Fiji,Biomedical Research,1983-1987,4.666666666666666
Fiji,Biomedical Research,1988-1992,3.899999999999999
Fiji,Biomedical Research,1993-1997,2.2666666666666657
Fiji,Biomedical Research,1998-2002,3.933333333333333
Fiji,Biomedical Research,2003-2007,5.796825396825393
Fiji,Biomedical Research,2008-2012,6.728927203065129
Fiji,Biomedical Research,2013-2017,23.544200536890752
Fiji,Chemistry,1973-1977,3.0
Fiji,Chemistry,1978-1982,5.333333333333333
Fiji,Chemistry,1983-1987,12.45
Fiji,Chemistry,1988-1992,6.598290598290589
Fiji,Chemistry,1993-1997,3.142857142857142
Fiji,Chemistry,1998-2002,4.249999999999999
Fiji,Chemistry,2003-2007,23.17619047619047
Fiji,Chemistry,2008-2012,18.99166666666666
Fiji,Chemistry,2013-2017,15.209523809523782
Fiji,Clinical Medicine,1973-1977,16.166666666666664
Fiji,Clinical Medicine,1978-1982,9.316666666666666
Fiji,Clinical Medicine,1983-1987,14.566666666666666
Fiji,Clinical Medicine,1988-1992,9.040909090909091
Fiji,Clinical Medicine,1993-1997,16.100141242937845
Fiji,Clinical Medicine,1998-2002,9.949999999999996
Fiji,Clinical Medicine,2003-2007,19.557081807081797
Fiji,Clinical Medicine,2008-2012,21.98829365079363
Fiji,Clinical Medicine,2013-2017,47.132663425737476
Fiji,Earth and Space,1973-1977,5.833333333333333
Fiji,Earth and Space,1978-1982,3.833333333333333
Fiji,Earth and Space,1983-1987,19.14999999999998
Fiji,Earth and Space,1988-1992,10.892857142857132
Fiji,Earth and Space,1993-1997,18.27424242424242
Fiji,Earth and Space,1998-2002,16.249999999999996
Fiji,Earth and Space,2003-2007,17.479992638080834
Fiji,Earth and Space,2008-2012,20.272258297258254
Fiji,Earth and Space,2013-2017,25.827558049840597
Fiji,Engineering and Technology,1973-1977,2.0
Fiji,Engineering and Technology,1978-1982,3.5
Fiji,Engineering and Technology,1983-1987,4.333333333333333
Fiji,Engineering and Technology,1988-1992,4.999999999999999
Fiji,Engineering and Technology,1993-1997,6.5
Fiji,Engineering and Technology,1998-2002,10.666666666666666
Fiji,Engineering and Technology,2003-2007,32.749999999999986
Fiji,Engineering and Technology,2008-2012,36.265591397849434
Fiji,Engineering and Technology,2013-2017,55.484523809523736
Fiji,Health,1973-1977,1.0
Fiji,Health,1978-1982,1.0
Fiji,Health,1983-1987,2.0
Fiji,Health,1993-1997,0.333333333333333
Fiji,Health,1998-2002,0.583333333333333
Fiji,Health,2003-2007,0.875
Fiji,Health,2008-2012,7.90119047619047
Fiji,Health,2013-2017,12.329365079365054
Fiji,Humanities,1973-1977,4.0
Fiji,Humanities,1978-1982,4.0
Fiji,Humanities,1983-1987,10.0
Fiji,Humanities,1988-1992,7.5
Fiji,Humanities,1993-1997,6.5
Fiji,Humanities,1998-2002,13.0
Fiji,Humanities,2003-2007,5.5
Fiji,Humanities,2008-2012,8.666666666666666
Fiji,Humanities,2013-2017,23.0
Fiji,Mathematics,1978-1982,1.5
Fiji,Mathematics,1983-1987,1.0
Fiji,Mathematics,1988-1992,3.0
Fiji,Mathematics,1993-1997,2.0
Fiji,Mathematics,1998-2002,3.666666666666666
Fiji,Mathematics,2003-2007,2.999999999999999
Fiji,Mathematics,2008-2012,5.916666666666666
Fiji,Mathematics,2013-2017,9.249999999999996
Fiji,Physics,1978-1982,0.333333333333333
Fiji,Physics,1988-1992,0.25
Fiji,Physics,1993-1997,2.0
Fiji,Physics,1998-2002,1.0
Fiji,Physics,2003-2007,7.499999999999989
Fiji,Physics,2008-2012,1.5
Fiji,Physics,2013-2017,3.167857142857142
Fiji,Professional Fields,1973-1977,2.5
Fiji,Professional Fields,1978-1982,2.5
Fiji,Professional Fields,1983-1987,8.0
Fiji,Professional Fields,1988-1992,1.833333333333333
Fiji,Professional Fields,1993-1997,9.166666666666666
Fiji,Professional Fields,1998-2002,9.533333333333333
Fiji,Professional Fields,2003-2007,10.583333333333332
Fiji,Professional Fields,2008-2012,16.611111111111107
Fiji,Professional Fields,2013-2017,30.288756613756586
Fiji,Psychology,1973-1977,2.5
Fiji,Psychology,1978-1982,3.0
Fiji,Psychology,1983-1987,1.5
Fiji,Psychology,1993-1997,0.5
Fiji,Psychology,1998-2002,0.25
Fiji,Psychology,2003-2007,2.010204081632652
Fiji,Psychology,2008-2012,1.5357142857142847
Fiji,Psychology,2013-2017,2.413888888888888
Fiji,Social Sciences,1973-1977,7.5
Fiji,Social Sciences,1978-1982,12.33333333333333
Fiji,Social Sciences,1983-1987,8.0
Fiji,Social Sciences,1988-1992,13.16666666666666
Fiji,Social Sciences,1993-1997,14.0
Fiji,Social Sciences,1998-2002,16.08333333333333
Fiji,Social Sciences,2003-2007,33.22619047619046
Fiji,Social Sciences,2008-2012,49.95952380952364
Fiji,Social Sciences,2013-2017,55.334740940401254
Finland,Arts,1973-1977,2.0
Finland,Arts,1978-1982,10.0
Finland,Arts,1983-1987,10.5
Finland,Arts,1988-1992,18.0
Finland,Arts,1993-1997,30.5
Finland,Arts,1998-2002,39.25
Finland,Arts,2003-2007,43.76666666666665
Finland,Arts,2008-2012,82.61111111111086
Finland,Arts,2013-2017,129.08333333333292
Finland,Biology,1973-1977,336.41666666666634
Finland,Biology,1978-1982,1075.4999999999995
Finland,Biology,1983-1987,1384.4845238095224
Finland,Biology,1988-1992,1798.8214285714248
Finland,Biology,1993-1997,2335.8273376623306
Finland,Biology,1998-2002,2922.388799425826
Finland,Biology,2003-2007,3196.7031528877237
Finland,Biology,2008-2012,3323.643536353615
Finland,Biology,2013-2017,3303.48319020652
Finland,Biomedical Research,1973-1977,1173.6491341991325
Finland,Biomedical Research,1978-1982,1628.1351351351316
Finland,Biomedical Research,1983-1987,2022.0803270803226
Finland,Biomedical Research,1988-1992,2256.0369074882174
Finland,Biomedical Research,1993-1997,2956.9254706822276
Finland,Biomedical Research,1998-2002,3655.093177693935
Finland,Biomedical Research,2003-2007,3764.1040147637614
Finland,Biomedical Research,2008-2012,4250.606455724853
Finland,Biomedical Research,2013-2017,4760.118404951406
Finland,Chemistry,1973-1977,796.3999999999987
Finland,Chemistry,1978-1982,900.7499999999995
Finland,Chemistry,1983-1987,949.5833333333321
Finland,Chemistry,1988-1992,971.8166666666652
Finland,Chemistry,1993-1997,1607.4712662337638
Finland,Chemistry,1998-2002,1951.9976190476139
Finland,Chemistry,2003-2007,2157.522472848783
Finland,Chemistry,2008-2012,2153.617968034139
Finland,Chemistry,2013-2017,2274.8608891365097
Finland,Clinical Medicine,1973-1977,3867.9345238095207
Finland,Clinical Medicine,1978-1982,5922.963198789504
Finland,Clinical Medicine,1983-1987,7737.3863311095365
Finland,Clinical Medicine,1988-1992,8403.64300589624
Finland,Clinical Medicine,1993-1997,10448.40566964532
Finland,Clinical Medicine,1998-2002,10842.035612522099
Finland,Clinical Medicine,2003-2007,10197.130680764154
Finland,Clinical Medicine,2008-2012,10036.464335995446
Finland,Clinical Medicine,2013-2017,9738.451862987748
Finland,Earth and Space,1973-1977,127.61785714285692
Finland,Earth and Space,1978-1982,325.9119047619041
Finland,Earth and Space,1983-1987,448.81029248529165
Finland,Earth and Space,1988-1992,705.431971677559
Finland,Earth and Space,1993-1997,1027.4135671616987
Finland,Earth and Space,1998-2002,1407.7477668692957
Finland,Earth and Space,2003-2007,1702.8101334914043
Finland,Earth and Space,2008-2012,2071.0727839195515
Finland,Earth and Space,2013-2017,2735.3250408644562
Finland,Engineering and Technology,1973-1977,450.1666666666666
Finland,Engineering and Technology,1978-1982,759.3333333333328
Finland,Engineering and Technology,1983-1987,953.4833333333323
Finland,Engineering and Technology,1988-1992,1328.7087301587285
Finland,Engineering and Technology,1993-1997,1957.2400787937513
Finland,Engineering and Technology,1998-2002,2830.48576695043
Finland,Engineering and Technology,2003-2007,4089.7805073790496
Finland,Engineering and Technology,2008-2012,4143.456939634546
Finland,Engineering and Technology,2013-2017,5798.252447973794
Finland,Health,1973-1977,63.666666666666664
Finland,Health,1978-1982,97.41666666666657
Finland,Health,1983-1987,112.39523809523799
Finland,Health,1988-1992,144.09722222222214
Finland,Health,1993-1997,318.8301087801084
Finland,Health,1998-2002,556.4974257224247
Finland,Health,2003-2007,651.9866382800194
Finland,Health,2008-2012,1107.4572135308103
Finland,Health,2013-2017,1284.4999917092262
Finland,Humanities,1973-1977,30.5
Finland,Humanities,1978-1982,90.16666666666666
Finland,Humanities,1983-1987,138.0
Finland,Humanities,1988-1992,204.0
Finland,Humanities,1993-1997,157.5
Finland,Humanities,1998-2002,237.1666666666666
Finland,Humanities,2003-2007,264.8333333333333
Finland,Humanities,2008-2012,553.1602564102561
Finland,Humanities,2013-2017,808.5300125313277
Finland,Mathematics,1973-1977,110.6666666666666
Finland,Mathematics,1978-1982,239.33333333333294
Finland,Mathematics,1983-1987,369.1666666666661
Finland,Mathematics,1988-1992,363.2833333333325
Finland,Mathematics,1993-1997,412.8666666666657
Finland,Mathematics,1998-2002,534.0261904761895
Finland,Mathematics,2003-2007,681.688095238094
Finland,Mathematics,2008-2012,960.908008658006
Finland,Mathematics,2013-2017,1105.0366522366476
Finland,Physics,1973-1977,487.16468253968185
Finland,Physics,1978-1982,798.1476190476179
Finland,Physics,1983-1987,1095.4905034293174
Finland,Physics,1988-1992,1269.1202134996456
Finland,Physics,1993-1997,1912.1511925662785
Finland,Physics,1998-2002,2235.0762871046113
Finland,Physics,2003-2007,2729.5059362428187
Finland,Physics,2008-2012,2764.953779947968
Finland,Physics,2013-2017,2554.306175669362
Finland,Professional Fields,1973-1977,59.2333333333333
Finland,Professional Fields,1978-1982,108.58333333333333
Finland,Professional Fields,1983-1987,164.3333333333332
Finland,Professional Fields,1988-1992,220.64999999999972
Finland,Professional Fields,1993-1997,336.34583333333285
Finland,Professional Fields,1998-2002,489.9509615384608
Finland,Professional Fields,2003-2007,764.3793122512143
Finland,Professional Fields,2008-2012,1637.7071411252375
Finland,Professional Fields,2013-2017,2334.9324054891435
Finland,Psychology,1973-1977,88.8333333333333
Finland,Psychology,1978-1982,142.28333333333333
Finland,Psychology,1983-1987,170.89285714285714
Finland,Psychology,1988-1992,257.7499999999998
Finland,Psychology,1993-1997,413.3190476190468
Finland,Psychology,1998-2002,458.437576312575
Finland,Psychology,2003-2007,581.8295351473901
Finland,Psychology,2008-2012,763.7600205557277
Finland,Psychology,2013-2017,976.6094658484267
Finland,Social Sciences,1973-1977,111.25
Finland,Social Sciences,1978-1982,137.875
Finland,Social Sciences,1983-1987,279.80238095238076
Finland,Social Sciences,1988-1992,275.5333333333331
Finland,Social Sciences,1993-1997,325.09999999999957
Finland,Social Sciences,1998-2002,523.5999999999996
Finland,Social Sciences,2003-2007,715.641323260072
Finland,Social Sciences,2008-2012,1280.0605089355063
Finland,Social Sciences,2013-2017,1932.0579853080512
France,Arts,1973-1977,143.0
France,Arts,1978-1982,316.16666666666663
France,Arts,1983-1987,590.9999999999992
France,Arts,1988-1992,513.5
France,Arts,1993-1997,506.0833333333333
France,Arts,1998-2002,552.4166666666665
France,Arts,2003-2007,448.7023809523806
France,Arts,2008-2012,633.937301587301
France,Arts,2013-2017,773.0229548229535
France,Biology,1973-1977,4681.083333333325
France,Biology,1978-1982,7353.159920634903
France,Biology,1983-1987,7895.183089133068
France,Biology,1988-1992,8946.26265262513
France,Biology,1993-1997,10242.81349206347
France,Biology,1998-2002,11045.972284543792
France,Biology,2003-2007,11606.700514414566
France,Biology,2008-2012,13489.029126196318
France,Biology,2013-2017,13878.959724309183
France,Biomedical Research,1973-1977,15867.711147186119
France,Biomedical Research,1978-1982,16029.6512485262
France,Biomedical Research,1983-1987,17315.736434252838
France,Biomedical Research,1988-1992,20888.127899382675
France,Biomedical Research,1993-1997,26469.226773477643
France,Biomedical Research,1998-2002,26761.762745794458
France,Biomedical Research,2003-2007,24859.261333722294
France,Biomedical Research,2008-2012,27882.336194417494
France,Biomedical Research,2013-2017,30861.04593534394
France,Chemistry,1973-1977,14547.466666666653
France,Chemistry,1978-1982,14745.449913974875
France,Chemistry,1983-1987,16002.997997835468
France,Chemistry,1988-1992,18053.272219406947
France,Chemistry,1993-1997,21845.699350649287
France,Chemistry,1998-2002,22113.148155499406
France,Chemistry,2003-2007,21595.439398129496
France,Chemistry,2008-2012,22578.828860884998
France,Chemistry,2013-2017,22114.17151650875
France,Clinical Medicine,1973-1977,29303.710393201498
France,Clinical Medicine,1978-1982,41054.150402272215
France,Clinical Medicine,1983-1987,44783.834876131696
France,Clinical Medicine,1988-1992,49230.62124485476
France,Clinical Medicine,1993-1997,54161.29127650028
France,Clinical Medicine,1998-2002,57471.089626495486
France,Clinical Medicine,2003-2007,56311.078388329755
France,Clinical Medicine,2008-2012,63644.459013133106
France,Clinical Medicine,2013-2017,62811.84299468761
France,Earth and Space,1973-1977,2192.215079365072
France,Earth and Space,1978-1982,3398.582104007094
France,Earth and Space,1983-1987,5131.340451215441
France,Earth and Space,1988-1992,6362.192485624674
France,Earth and Space,1993-1997,8900.695624582502
France,Earth and Space,1998-2002,11134.39662406262
France,Earth and Space,2003-2007,12676.857564801781
France,Earth and Space,2008-2012,15753.886447643239
France,Earth and Space,2013-2017,18041.299244184156
France,Engineering and Technology,1973-1977,4159.792857142851
France,Engineering and Technology,1978-1982,5951.4265873015775
France,Engineering and Technology,1983-1987,7273.244047619028
France,Engineering and Technology,1988-1992,10230.349213694783
France,Engineering and Technology,1993-1997,14713.328698269595
France,Engineering and Technology,1998-2002,19287.380916912516
France,Engineering and Technology,2003-2007,24984.096533231044
France,Engineering and Technology,2008-2012,28970.63802643313
France,Engineering and Technology,2013-2017,33848.54218652199
France,Health,1973-1977,50.333333333333336
France,Health,1978-1982,198.58333333333331
France,Health,1983-1987,332.46666666666647
France,Health,1988-1992,370.93333333333305
France,Health,1993-1997,305.71698856698794
France,Health,1998-2002,417.77914930500003
France,Health,2003-2007,705.0927480147553
France,Health,2008-2012,1659.6485239406354
France,Health,2013-2017,2269.2240519374977
France,Humanities,1973-1977,873.6666666666666
France,Humanities,1978-1982,2114.6666666666656
France,Humanities,1983-1987,3386.1999999999994
France,Humanities,1988-1992,3152.916666666665
France,Humanities,1993-1997,3919.3999999999974
France,Humanities,1998-2002,5193.369047619046
France,Humanities,2003-2007,4478.518253968246
France,Humanities,2008-2012,5871.680952380942
France,Humanities,2013-2017,5807.969577161958
France,Mathematics,1973-1977,3287.0999999999954
France,Mathematics,1978-1982,3375.9666666666626
France,Mathematics,1983-1987,4489.283333333325
France,Mathematics,1988-1992,4990.377777777768
France,Mathematics,1993-1997,7101.672077922066
France,Mathematics,1998-2002,9203.024999999967
France,Mathematics,2003-2007,10279.048051948006
France,Mathematics,2008-2012,12899.01883232135
France,Mathematics,2013-2017,13199.645455119566
France,Physics,1973-1977,12046.54580044137
France,Physics,1978-1982,14700.617595966087
France,Physics,1983-1987,17740.893215660868
France,Physics,1988-1992,20572.32009989467
France,Physics,1993-1997,25851.553754243934
France,Physics,1998-2002,27025.604382146943
France,Physics,2003-2007,27526.993480078814
France,Physics,2008-2012,27208.977954869548
France,Physics,2013-2017,24970.81687355066
France,Professional Fields,1973-1977,335.9999999999998
France,Professional Fields,1978-1982,388.1595238095235
France,Professional Fields,1983-1987,437.7499999999995
France,Professional Fields,1988-1992,516.9952380952375
France,Professional Fields,1993-1997,723.4077380952363
France,Professional Fields,1998-2002,957.9616452991415
France,Professional Fields,2003-2007,1213.9965728715692
France,Professional Fields,2008-2012,2561.520870859554
France,Professional Fields,2013-2017,3575.5631992678527
France,Psychology,1973-1977,607.7833333333332
France,Psychology,1978-1982,826.0333333333328
France,Psychology,1983-1987,1050.0833333333323
France,Psychology,1988-1992,1175.9623015873005
France,Psychology,1993-1997,1493.475931013429
France,Psychology,1998-2002,1940.5238455988422
France,Psychology,2003-2007,1860.1438289458304
France,Psychology,2008-2012,3144.0587664414215
France,Psychology,2013-2017,3500.6227052671793
France,Social Sciences,1973-1977,1714.7499999999993
France,Social Sciences,1978-1982,2179.4785714285695
France,Social Sciences,1983-1987,2100.1214285714273
France,Social Sciences,1988-1992,2001.9433862433843
France,Social Sciences,1993-1997,2228.9603327228283
France,Social Sciences,1998-2002,2871.398565323558
France,Social Sciences,2003-2007,3513.704159729153
France,Social Sciences,2008-2012,5973.641035761615
France,Social Sciences,2013-2017,6917.990297408627
French-Guiana,Biology,1973-1977,2.5
French-Guiana,Biology,1978-1982,8.999999999999993
French-Guiana,Biology,1983-1987,12.499999999999995
French-Guiana,Biology,1988-1992,12.333333333333329
French-Guiana,Biology,1993-1997,20.66666666666666
French-Guiana,Biology,1998-2002,20.411111111111097
French-Guiana,Biology,2003-2007,18.141056910569084
French-Guiana,Biology,2008-2012,40.06646094125669
French-Guiana,Biology,2013-2017,56.977265962222084
French-Guiana,Biomedical Research,1973-1977,0.5
French-Guiana,Biomedical Research,1978-1982,1.416666666666666
French-Guiana,Biomedical Research,1983-1987,4.666666666666659
French-Guiana,Biomedical Research,1988-1992,3.666666666666666
French-Guiana,Biomedical Research,1993-1997,7.599999999999985
French-Guiana,Biomedical Research,1998-2002,16.024999999999988
French-Guiana,Biomedical Research,2003-2007,16.239682539682526
French-Guiana,Biomedical Research,2008-2012,22.813600288600245
French-Guiana,Biomedical Research,2013-2017,28.618384257392645
French-Guiana,Chemistry,1973-1977,0.5
French-Guiana,Chemistry,1978-1982,1.833333333333333
French-Guiana,Chemistry,1983-1987,0.666666666666666
French-Guiana,Chemistry,1988-1992,0.666666666666666
French-Guiana,Chemistry,1993-1997,1.5
French-Guiana,Chemistry,2003-2007,1.333333333333333
French-Guiana,Chemistry,2008-2012,5.95
French-Guiana,Chemistry,2013-2017,6.249999999999993
French-Guiana,Clinical Medicine,1973-1977,2.0
French-Guiana,Clinical Medicine,1978-1982,7.916666666666666
French-Guiana,Clinical Medicine,1983-1987,18.072222222222223
French-Guiana,Clinical Medicine,1988-1992,20.68333333333333
French-Guiana,Clinical Medicine,1993-1997,31.84999999999995
French-Guiana,Clinical Medicine,1998-2002,39.93928571428568
French-Guiana,Clinical Medicine,2003-2007,56.08452380952376
French-Guiana,Clinical Medicine,2008-2012,49.18331701541634
French-Guiana,Clinical Medicine,2013-2017,68.88491069325907
French-Guiana,Earth and Space,1973-1977,1.0
French-Guiana,Earth and Space,1983-1987,1.0
French-Guiana,Earth and Space,1988-1992,4.6666666666666625
French-Guiana,Earth and Space,1993-1997,7.583333333333333
French-Guiana,Earth and Space,1998-2002,7.449999999999999
French-Guiana,Earth and Space,2003-2007,10.858333333333325
French-Guiana,Earth and Space,2008-2012,3.5701388888888874
French-Guiana,Earth and Space,2013-2017,8.158340437624306
French-Guiana,Engineering and Technology,1993-1997,0.7
French-Guiana,Engineering and Technology,1998-2002,0.75
French-Guiana,Engineering and Technology,2003-2007,3.33333333333333
French-Guiana,Engineering and Technology,2008-2012,6.949999999999991
French-Guiana,Engineering and Technology,2013-2017,5.38095238095237
French-Guiana,Health,1998-2002,0.666666666666666
French-Guiana,Health,2003-2007,3.29090909090909
French-Guiana,Health,2008-2012,8.05714285714285
French-Guiana,Health,2013-2017,6.583333333333321
French-Guiana,Humanities,1993-1997,1.0
French-Guiana,Humanities,2003-2007,2.0
French-Guiana,Mathematics,1998-2002,1.0
French-Guiana,Mathematics,2008-2012,0.2
French-Guiana,Mathematics,2013-2017,3.733333333333329
French-Guiana,Physics,1978-1982,0.5
French-Guiana,Physics,1993-1997,3.133333333333326
French-Guiana,Physics,1998-2002,2.749999999999998
French-Guiana,Physics,2003-2007,2.483333333333332
French-Guiana,Physics,2008-2012,0.125
French-Guiana,Physics,2013-2017,0.916666666666666
French-Guiana,Professional Fields,2013-2017,0.9999999999999989
French-Guiana,Psychology,1993-1997,0.5
French-Guiana,Psychology,2013-2017,0.166666666666666
French-Guiana,Social Sciences,2003-2007,0.5
French-Guiana,Social Sciences,2008-2012,1.0
French-Guiana,Social Sciences,2013-2017,3.033333333333333
French-Polynesia,Arts,1998-2002,0.25
French-Polynesia,Biology,1973-1977,4.4999999999999964
French-Polynesia,Biology,1978-1982,5.333333333333332
French-Polynesia,Biology,1983-1987,13.499999999999984
French-Polynesia,Biology,1988-1992,16.666666666666657
French-Polynesia,Biology,1993-1997,52.9119047619047
French-Polynesia,Biology,1998-2002,43.23095238095234
French-Polynesia,Biology,2003-2007,45.153571428571375
French-Polynesia,Biology,2008-2012,60.93019480519466
French-Polynesia,Biology,2013-2017,71.32667284406408
French-Polynesia,Biomedical Research,1973-1977,9.83333333333333
French-Polynesia,Biomedical Research,1978-1982,5.08333333333333
French-Polynesia,Biomedical Research,1983-1987,2.416666666666665
French-Polynesia,Biomedical Research,1988-1992,6.083333333333329
French-Polynesia,Biomedical Research,1993-1997,15.386446886446864
French-Polynesia,Biomedical Research,1998-2002,14.574999999999983
French-Polynesia,Biomedical Research,2003-2007,5.8249999999999975
French-Polynesia,Biomedical Research,2008-2012,14.616269841269808
French-Polynesia,Biomedical Research,2013-2017,32.79205241381707
French-Polynesia,Chemistry,1978-1982,0.5
French-Polynesia,Chemistry,1983-1987,5.499999999999982
French-Polynesia,Chemistry,1988-1992,3.249999999999993
French-Polynesia,Chemistry,1993-1997,1.833333333333333
French-Polynesia,Chemistry,1998-2002,0.8809523809523806
French-Polynesia,Chemistry,2003-2007,0.9166666666666661
French-Polynesia,Chemistry,2008-2012,5.774999999999983
French-Polynesia,Chemistry,2013-2017,3.1999999999999993
French-Polynesia,Clinical Medicine,1973-1977,16.366666666666667
French-Polynesia,Clinical Medicine,1978-1982,23.666666666666664
French-Polynesia,Clinical Medicine,1983-1987,15.625
French-Polynesia,Clinical Medicine,1988-1992,37.55555555555553
French-Polynesia,Clinical Medicine,1993-1997,37.174999999999976
French-Polynesia,Clinical Medicine,1998-2002,18.447222222222216
French-Polynesia,Clinical Medicine,2003-2007,12.678968253968232
French-Polynesia,Clinical Medicine,2008-2012,21.55984255963836
French-Polynesia,Clinical Medicine,2013-2017,38.608452658452606
French-Polynesia,Earth and Space,1973-1977,2.5
French-Polynesia,Earth and Space,1978-1982,5.4999999999999964
French-Polynesia,Earth and Space,1983-1987,9.185714285714276
French-Polynesia,Earth and Space,1988-1992,12.516666666666643
French-Polynesia,Earth and Space,1993-1997,18.71111111111107
French-Polynesia,Earth and Space,1998-2002,17.183333333333305
French-Polynesia,Earth and Space,2003-2007,11.476190476190451
French-Polynesia,Earth and Space,2008-2012,13.996651402507812
French-Polynesia,Earth and Space,2013-2017,24.241483938766496
French-Polynesia,Engineering and Technology,1983-1987,1.0
French-Polynesia,Engineering and Technology,1998-2002,2.333333333333333
French-Polynesia,Engineering and Technology,2003-2007,4.049999999999999
French-Polynesia,Engineering and Technology,2008-2012,5.615591397849461
French-Polynesia,Engineering and Technology,2013-2017,4.291666666666666
French-Polynesia,Health,1988-1992,2.0
French-Polynesia,Health,1998-2002,1.333333333333333
French-Polynesia,Health,2003-2007,1.0
French-Polynesia,Health,2008-2012,1.892857142857142
French-Polynesia,Health,2013-2017,3.388888888888875
French-Polynesia,Humanities,1983-1987,1.0
French-Polynesia,Humanities,1988-1992,1.0
French-Polynesia,Humanities,1993-1997,1.0
French-Polynesia,Humanities,2003-2007,1.5
French-Polynesia,Humanities,2008-2012,4.0
French-Polynesia,Mathematics,1998-2002,0.5
French-Polynesia,Mathematics,2003-2007,7.333333333333333
French-Polynesia,Mathematics,2008-2012,6.999999999999993
French-Polynesia,Mathematics,2013-2017,7.0
French-Polynesia,Physics,1993-1997,2.0
French-Polynesia,Physics,1998-2002,2.166666666666666
French-Polynesia,Physics,2003-2007,3.6499999999999977
French-Polynesia,Physics,2008-2012,0.166666666666666
French-Polynesia,Physics,2013-2017,1.125
French-Polynesia,Professional Fields,2003-2007,0.4
French-Polynesia,Professional Fields,2008-2012,0.5
French-Polynesia,Professional Fields,2013-2017,0.7499999999999993
French-Polynesia,Psychology,2003-2007,0.666666666666666
French-Polynesia,Psychology,2008-2012,0.666666666666666
French-Polynesia,Psychology,2013-2017,0.333333333333333
French-Polynesia,Social Sciences,1993-1997,3.0
French-Polynesia,Social Sciences,1998-2002,2.0
French-Polynesia,Social Sciences,2003-2007,1.0
French-Polynesia,Social Sciences,2008-2012,1.2
French-Polynesia,Social Sciences,2013-2017,7.561111111111101
Gabon,Arts,2003-2007,0.5
Gabon,Biology,1973-1977,5.833333333333333
Gabon,Biology,1978-1982,8.166666666666663
Gabon,Biology,1983-1987,13.0
Gabon,Biology,1988-1992,9.416666666666659
Gabon,Biology,1993-1997,14.766666666666655
Gabon,Biology,1998-2002,20.226190476190474
Gabon,Biology,2003-2007,23.507081807081775
Gabon,Biology,2008-2012,29.5752304147465
Gabon,Biology,2013-2017,40.78955395355358
Gabon,Biomedical Research,1973-1977,2.333333333333333
Gabon,Biomedical Research,1978-1982,3.333333333333333
Gabon,Biomedical Research,1983-1987,7.416666666666665
Gabon,Biomedical Research,1988-1992,14.116666666666656
Gabon,Biomedical Research,1993-1997,9.749999999999988
Gabon,Biomedical Research,1998-2002,25.55678210678208
Gabon,Biomedical Research,2003-2007,23.218831168831123
Gabon,Biomedical Research,2008-2012,41.42184080992604
Gabon,Biomedical Research,2013-2017,49.54393638683201
Gabon,Chemistry,1973-1977,3.333333333333333
Gabon,Chemistry,1978-1982,2.25
Gabon,Chemistry,1983-1987,1.0
Gabon,Chemistry,1988-1992,1.25
Gabon,Chemistry,1993-1997,0.666666666666666
Gabon,Chemistry,1998-2002,1.416666666666666
Gabon,Chemistry,2003-2007,0.9
Gabon,Chemistry,2008-2012,1.5
Gabon,Chemistry,2013-2017,5.009523809523802
Gabon,Clinical Medicine,1973-1977,2.0
Gabon,Clinical Medicine,1978-1982,18.51666666666666
Gabon,Clinical Medicine,1983-1987,51.044444444444416
Gabon,Clinical Medicine,1988-1992,80.73333333333323
Gabon,Clinical Medicine,1993-1997,68.8809523809523
Gabon,Clinical Medicine,1998-2002,70.12414529914523
Gabon,Clinical Medicine,2003-2007,58.78169053169045
Gabon,Clinical Medicine,2008-2012,66.48625499257068
Gabon,Clinical Medicine,2013-2017,89.1380607869433
Gabon,Earth and Space,1978-1982,1.0
Gabon,Earth and Space,1983-1987,2.333333333333333
Gabon,Earth and Space,1988-1992,2.249999999999999
Gabon,Earth and Space,1993-1997,6.099999999999996
Gabon,Earth and Space,1998-2002,3.369047619047615
Gabon,Earth and Space,2003-2007,2.4523809523809508
Gabon,Earth and Space,2008-2012,4.533173076923073
Gabon,Earth and Space,2013-2017,17.406998556998538
Gabon,Engineering and Technology,1983-1987,2.0
Gabon,Engineering and Technology,1988-1992,2.83333333333333
Gabon,Engineering and Technology,1998-2002,1.0
Gabon,Engineering and Technology,2003-2007,0.833333333333333
Gabon,Engineering and Technology,2008-2012,1.25
Gabon,Engineering and Technology,2013-2017,3.566666666666665
Gabon,Health,1993-1997,0.333333333333333
Gabon,Health,1998-2002,0.5
Gabon,Health,2003-2007,1.4761904761904692
Gabon,Health,2008-2012,3.524999999999998
Gabon,Health,2013-2017,4.283080808080803
Gabon,Humanities,1983-1987,2.0
Gabon,Humanities,1988-1992,2.0
Gabon,Humanities,1993-1997,4.0
Gabon,Humanities,2003-2007,3.5
Gabon,Humanities,2008-2012,5.83333333333333
Gabon,Humanities,2013-2017,5.083333333333333
Gabon,Mathematics,1978-1982,2.5
Gabon,Mathematics,1988-1992,1.0
Gabon,Mathematics,1993-1997,2.0
Gabon,Mathematics,1998-2002,3.0
Gabon,Mathematics,2003-2007,2.666666666666666
Gabon,Mathematics,2008-2012,6.666666666666666
Gabon,Mathematics,2013-2017,7.1166666666666645
Gabon,Physics,1973-1977,1.0
Gabon,Physics,1988-1992,1.333333333333333
Gabon,Physics,1993-1997,0.7
Gabon,Physics,2003-2007,1.0555555555555556
Gabon,Physics,2008-2012,4.216666666666662
Gabon,Physics,2013-2017,4.833333333333333
Gabon,Professional Fields,2003-2007,1.0
Gabon,Professional Fields,2013-2017,0.37681159420289817
Gabon,Psychology,1973-1977,1.0
Gabon,Psychology,1983-1987,0.75
Gabon,Psychology,1988-1992,2.5
Gabon,Psychology,1993-1997,1.226190476190476
Gabon,Psychology,1998-2002,1.8409090909090908
Gabon,Psychology,2003-2007,5.399999999999993
Gabon,Psychology,2008-2012,3.001190476190475
Gabon,Psychology,2013-2017,3.026190476190475
Gabon,Social Sciences,1983-1987,9.24999999999999
Gabon,Social Sciences,1988-1992,1.666666666666666
Gabon,Social Sciences,1993-1997,0.333333333333333
Gabon,Social Sciences,1998-2002,0.25
Gabon,Social Sciences,2003-2007,0.595238095238094
Gabon,Social Sciences,2008-2012,1.9999999999999991
Gabon,Social Sciences,2013-2017,1.416666666666666
Gambia,Arts,2008-2012,0.5
Gambia,Biology,1973-1977,1.0
Gambia,Biology,1978-1982,0.5
Gambia,Biology,1993-1997,10.74999999999999
Gambia,Biology,1998-2002,7.833333333333332
Gambia,Biology,2003-2007,5.066666666666661
Gambia,Biology,2008-2012,3.333333333333332
Gambia,Biology,2013-2017,2.8313186813186793
Gambia,Biomedical Research,1973-1977,4.333333333333333
Gambia,Biomedical Research,1978-1982,6.9
Gambia,Biomedical Research,1983-1987,1.5
Gambia,Biomedical Research,1993-1997,11.049999999999995
Gambia,Biomedical Research,1998-2002,13.555158730158723
Gambia,Biomedical Research,2003-2007,22.256918081918055
Gambia,Biomedical Research,2008-2012,46.42256424985615
Gambia,Biomedical Research,2013-2017,48.74377962478513
Gambia,Chemistry,2008-2012,0.333333333333333
Gambia,Chemistry,2013-2017,0.666666666666666
Gambia,Clinical Medicine,1973-1977,24.733333333333334
Gambia,Clinical Medicine,1978-1982,27.283333333333314
Gambia,Clinical Medicine,1983-1987,9.416666666666666
Gambia,Clinical Medicine,1988-1992,1.5
Gambia,Clinical Medicine,1993-1997,90.02335164835156
Gambia,Clinical Medicine,1998-2002,98.42229437229425
Gambia,Clinical Medicine,2003-2007,110.28118686868662
Gambia,Clinical Medicine,2008-2012,88.49428289831772
Gambia,Clinical Medicine,2013-2017,96.98888265512693
Gambia,Earth and Space,1973-1977,1.0
Gambia,Earth and Space,1993-1997,1.666666666666666
Gambia,Earth and Space,1998-2002,0.833333333333333
Gambia,Earth and Space,2003-2007,0.5333333333333325
Gambia,Earth and Space,2008-2012,0.22619047619047528
Gambia,Earth and Space,2013-2017,1.013888888888888
Gambia,Engineering and Technology,1993-1997,1.666666666666666
Gambia,Engineering and Technology,2008-2012,0.833333333333333
Gambia,Health,1993-1997,4.83333333333332
Gambia,Health,1998-2002,3.083333333333332
Gambia,Health,2003-2007,2.985714285714284
Gambia,Health,2008-2012,4.77680375180375
Gambia,Health,2013-2017,10.978429283843871
Gambia,Humanities,2013-2017,1.5
Gambia,Physics,2013-2017,0.333333333333333
Gambia,Professional Fields,1978-1982,1.0
Gambia,Professional Fields,1998-2002,1.0
Gambia,Professional Fields,2003-2007,1.0
Gambia,Professional Fields,2008-2012,0.5
Gambia,Professional Fields,2013-2017,1.166666666666666
Gambia,Psychology,1993-1997,1.0
Gambia,Psychology,1998-2002,0.333333333333333
Gambia,Psychology,2008-2012,1.0
Gambia,Psychology,2013-2017,0.2
Gambia,Social Sciences,1978-1982,0.5
Gambia,Social Sciences,1993-1997,1.5
Gambia,Social Sciences,1998-2002,3.499999999999993
Gambia,Social Sciences,2003-2007,1.416666666666666
Gambia,Social Sciences,2008-2012,1.0
Gambia,Social Sciences,2013-2017,1.226190476190475
Georgia,Arts,1993-1997,2.0
Georgia,Arts,1998-2002,1.0
Georgia,Arts,2013-2017,2.0
Georgia,Biology,1988-1992,0.5
Georgia,Biology,1993-1997,19.33333333333333
Georgia,Biology,1998-2002,18.483766233766215
Georgia,Biology,2003-2007,39.70357142857141
Georgia,Biology,2008-2012,62.44125041625034
Georgia,Biology,2013-2017,95.68978378103365
Georgia,Biomedical Research,1988-1992,6.0
Georgia,Biomedical Research,1993-1997,81.71785714285713
Georgia,Biomedical Research,1998-2002,48.23470418470415
Georgia,Biomedical Research,2003-2007,51.19870129870126
Georgia,Biomedical Research,2008-2012,61.629340629200954
Georgia,Biomedical Research,2013-2017,74.3080498738736
Georgia,Chemistry,1988-1992,29.0
Georgia,Chemistry,1993-1997,112.49999999999991
Georgia,Chemistry,1998-2002,129.51666666666665
Georgia,Chemistry,2003-2007,124.89999999999985
Georgia,Chemistry,2008-2012,106.76666666666661
Georgia,Chemistry,2013-2017,67.40512820512812
Georgia,Clinical Medicine,1988-1992,24.499999999999986
Georgia,Clinical Medicine,1993-1997,53.99999999999999
Georgia,Clinical Medicine,1998-2002,74.67202380952374
Georgia,Clinical Medicine,2003-2007,110.13942626001436
Georgia,Clinical Medicine,2008-2012,123.16028604489382
Georgia,Clinical Medicine,2013-2017,140.8330771153926
Georgia,Earth and Space,1973-1977,1.0
Georgia,Earth and Space,1988-1992,3.0
Georgia,Earth and Space,1993-1997,58.57857142857132
Georgia,Earth and Space,1998-2002,75.89736749021247
Georgia,Earth and Space,2003-2007,95.48605021843862
Georgia,Earth and Space,2008-2012,118.86107195360282
Georgia,Earth and Space,2013-2017,143.46011020330147
Georgia,Engineering and Technology,1988-1992,3.5
Georgia,Engineering and Technology,1993-1997,34.84285714285713
Georgia,Engineering and Technology,1998-2002,58.41666666666663
Georgia,Engineering and Technology,2003-2007,83.697619047619
Georgia,Engineering and Technology,2008-2012,81.73674982111703
Georgia,Engineering and Technology,2013-2017,71.91086757013876
Georgia,Health,1998-2002,2.583333333333333
Georgia,Health,2003-2007,4.249999999999994
Georgia,Health,2008-2012,12.661111111111104
Georgia,Health,2013-2017,26.603604728604683
Georgia,Humanities,1993-1997,5.0
Georgia,Humanities,1998-2002,2.5
Georgia,Humanities,2003-2007,4.5
Georgia,Humanities,2008-2012,20.0
Georgia,Humanities,2013-2017,14.41666666666666
Georgia,Mathematics,1988-1992,7.0
Georgia,Mathematics,1993-1997,91.91666666666652
Georgia,Mathematics,1998-2002,104.73333333333302
Georgia,Mathematics,2003-2007,174.66666666666643
Georgia,Mathematics,2008-2012,293.0857142857138
Georgia,Mathematics,2013-2017,266.833333333333
Georgia,Physics,1973-1977,0.5
Georgia,Physics,1988-1992,34.83333333333333
Georgia,Physics,1993-1997,328.8640331890326
Georgia,Physics,1998-2002,298.2086330336321
Georgia,Physics,2003-2007,276.32197770071235
Georgia,Physics,2008-2012,227.04214751110393
Georgia,Physics,2013-2017,198.94768562711036
Georgia,Professional Fields,1993-1997,1.0
Georgia,Professional Fields,1998-2002,0.8717948717948714
Georgia,Professional Fields,2003-2007,2.666666666666666
Georgia,Professional Fields,2008-2012,5.616666666666659
Georgia,Professional Fields,2013-2017,14.333333333333325
Georgia,Psychology,1993-1997,3.166666666666666
Georgia,Psychology,1998-2002,1.733333333333332
Georgia,Psychology,2003-2007,1.043064182194617
Georgia,Psychology,2008-2012,3.873333333333333
Georgia,Psychology,2013-2017,15.275213937361565
Georgia,Social Sciences,1988-1992,1.0
Georgia,Social Sciences,1993-1997,8.5
Georgia,Social Sciences,1998-2002,9.63333333333333
Georgia,Social Sciences,2003-2007,12.833333333333325
Georgia,Social Sciences,2008-2012,25.334920634920618
Georgia,Social Sciences,2013-2017,31.28611111111108
Germany,Arts,1973-1977,130.0
Germany,Arts,1978-1982,430.66666666666663
Germany,Arts,1983-1987,764.1666666666663
Germany,Arts,1988-1992,580.8333333333333
Germany,Arts,1993-1997,621.4166666666665
Germany,Arts,1998-2002,625.0833333333333
Germany,Arts,2003-2007,499.2499999999997
Germany,Arts,2008-2012,999.9468614718587
Germany,Arts,2013-2017,988.421110290672
Germany,Biology,1973-1977,6786.083333333322
Germany,Biology,1978-1982,14622.183333333285
Germany,Biology,1983-1987,13370.066515837083
Germany,Biology,1988-1992,13383.790313852787
Germany,Biology,1993-1997,13228.516698798256
Germany,Biology,1998-2002,14716.108761644524
Germany,Biology,2003-2007,16127.806274089784
Germany,Biology,2008-2012,18877.675391006687
Germany,Biology,2013-2017,19830.14427193713
Germany,Biomedical Research,1973-1977,15546.363617754741
Germany,Biomedical Research,1978-1982,19362.535499110436
Germany,Biomedical Research,1983-1987,22249.423867871843
Germany,Biomedical Research,1988-1992,25375.340200240233
Germany,Biomedical Research,1993-1997,29698.028461369686
Germany,Biomedical Research,1998-2002,33375.975791354664
Germany,Biomedical Research,2003-2007,34248.07264469148
Germany,Biomedical Research,2008-2012,40492.02467837883
Germany,Biomedical Research,2013-2017,49147.59849056645
Germany,Chemistry,1973-1977,20068.738095238048
Germany,Chemistry,1978-1982,23518.33807026299
Germany,Chemistry,1983-1987,25181.558491508415
Germany,Chemistry,1988-1992,26553.943620194033
Germany,Chemistry,1993-1997,31958.27388167381
Germany,Chemistry,1998-2002,31779.286950935963
Germany,Chemistry,2003-2007,31072.40228626818
Germany,Chemistry,2008-2012,33724.86238045336
Germany,Chemistry,2013-2017,35481.83616451879
Germany,Clinical Medicine,1973-1977,39101.67436174927
Germany,Clinical Medicine,1978-1982,55469.674794649705
Germany,Clinical Medicine,1983-1987,60456.35014258464
Germany,Clinical Medicine,1988-1992,63702.87678680335
Germany,Clinical Medicine,1993-1997,70243.2024239176
Germany,Clinical Medicine,1998-2002,86775.98402893102
Germany,Clinical Medicine,2003-2007,89773.46275355616
Germany,Clinical Medicine,2008-2012,99631.39304844278
Germany,Clinical Medicine,2013-2017,99622.86265218709
Germany,Earth and Space,1973-1977,2499.9864468864407
Germany,Earth and Space,1978-1982,4399.54522144521
Germany,Earth and Space,1983-1987,6357.032720057707
Germany,Earth and Space,1988-1992,7347.152119480546
Germany,Earth and Space,1993-1997,9530.587442374064
Germany,Earth and Space,1998-2002,12770.411518423009
Germany,Earth and Space,2003-2007,14631.036634769474
Germany,Earth and Space,2008-2012,18417.27714076091
Germany,Earth and Space,2013-2017,22245.723584255033
Germany,Engineering and Technology,1973-1977,13067.742857142839
Germany,Engineering and Technology,1978-1982,16904.04880952379
Germany,Engineering and Technology,1983-1987,19423.240079365056
Germany,Engineering and Technology,1988-1992,20869.38188004803
Germany,Engineering and Technology,1993-1997,23065.81498902841
Germany,Engineering and Technology,1998-2002,28564.824144184815
Germany,Engineering and Technology,2003-2007,32313.243072861085
Germany,Engineering and Technology,2008-2012,33375.21356590671
Germany,Engineering and Technology,2013-2017,41694.32022113061
Germany,Health,1973-1977,438.41666666666663
Germany,Health,1978-1982,967.5
Germany,Health,1983-1987,354.32857142857137
Germany,Health,1988-1992,481.12619047619023
Germany,Health,1993-1997,637.2880203130198
Germany,Health,1998-2002,1300.7615183792786
Germany,Health,2003-2007,1951.7878708205242
Germany,Health,2008-2012,4068.4597828285687
Germany,Health,2013-2017,5232.391107749318
Germany,Humanities,1973-1977,947.4166666666665
Germany,Humanities,1978-1982,2321.375
Germany,Humanities,1983-1987,4476.233333333332
Germany,Humanities,1988-1992,3708.4166666666633
Germany,Humanities,1993-1997,3363.916666666665
Germany,Humanities,1998-2002,4698.74166666666
Germany,Humanities,2003-2007,3861.424603174597
Germany,Humanities,2008-2012,5561.765191752675
Germany,Humanities,2013-2017,6635.66486190966
Germany,Mathematics,1973-1977,4115.81666666666
Germany,Mathematics,1978-1982,5184.249999999993
Germany,Mathematics,1983-1987,5774.099999999988
Germany,Mathematics,1988-1992,6093.010714285704
Germany,Mathematics,1993-1997,7040.767279942268
Germany,Mathematics,1998-2002,8251.586904761893
Germany,Mathematics,2003-2007,8172.0087662337555
Germany,Mathematics,2008-2012,10546.542356807493
Germany,Mathematics,2013-2017,11891.25818863795
Germany,Physics,1973-1977,13399.682342330854
Germany,Physics,1978-1982,17918.00340533647
Germany,Physics,1983-1987,22514.508453961786
Germany,Physics,1988-1992,27899.834256675305
Germany,Physics,1993-1997,36158.761976303475
Germany,Physics,1998-2002,38267.02219307549
Germany,Physics,2003-2007,37969.246993870125
Germany,Physics,2008-2012,37867.666046758335
Germany,Physics,2013-2017,35519.14469350497
Germany,Professional Fields,1973-1977,981.2499999999995
Germany,Professional Fields,1978-1982,1306.8928571428562
Germany,Professional Fields,1983-1987,1368.849999999998
Germany,Professional Fields,1988-1992,1316.202380952379
Germany,Professional Fields,1993-1997,1491.6744047619013
Germany,Professional Fields,1998-2002,1840.4298687423645
Germany,Professional Fields,2003-2007,2375.0616522366468
Germany,Professional Fields,2008-2012,5062.719388567334
Germany,Professional Fields,2013-2017,7620.658927699778
Germany,Psychology,1973-1977,1819.0333333333326
Germany,Psychology,1978-1982,2391.567857142855
Germany,Psychology,1983-1987,2768.1909090909053
Germany,Psychology,1988-1992,2732.659956709952
Germany,Psychology,1993-1997,3338.999954212445
Germany,Psychology,1998-2002,4225.088239538227
Germany,Psychology,2003-2007,5340.258225691514
Germany,Psychology,2008-2012,7730.937229270196
Germany,Psychology,2013-2017,9960.684545733087
Germany,Social Sciences,1973-1977,2416.8999999999983
Germany,Social Sciences,1978-1982,3019.6249999999973
Germany,Social Sciences,1983-1987,3194.744047619044
Germany,Social Sciences,1988-1992,3587.201587301581
Germany,Social Sciences,1993-1997,3773.3480158730094
Germany,Social Sciences,1998-2002,4394.4019341769235
Germany,Social Sciences,2003-2007,5739.496802503041
Germany,Social Sciences,2008-2012,10278.821353771764
Germany,Social Sciences,2013-2017,13629.251172876751
Gilbert & Ellice Islands,Clinical Medicine,1978-1982,3.7
Greece,Arts,1973-1977,2.0
Greece,Arts,1978-1982,6.0
Greece,Arts,1983-1987,5.0
Greece,Arts,1988-1992,8.0
Greece,Arts,1993-1997,12.5
Greece,Arts,1998-2002,16.242857142857126
Greece,Arts,2003-2007,37.86111111111103
Greece,Arts,2008-2012,85.80873015872994
Greece,Arts,2013-2017,90.16785714285676
Greece,Biology,1973-1977,169.41666666666666
Greece,Biology,1978-1982,318.9166666666665
Greece,Biology,1983-1987,499.4999999999996
Greece,Biology,1988-1992,754.4083333333322
Greece,Biology,1993-1997,1076.6412698412685
Greece,Biology,1998-2002,1634.8184523809482
Greece,Biology,2003-2007,2487.095938783433
Greece,Biology,2008-2012,2758.175769370017
Greece,Biology,2013-2017,2433.3575817722
Greece,Biomedical Research,1973-1977,159.41428571428563
Greece,Biomedical Research,1978-1982,319.52619047618987
Greece,Biomedical Research,1983-1987,530.8523809523801
Greece,Biomedical Research,1988-1992,648.5887495598222
Greece,Biomedical Research,1993-1997,989.8758715975241
Greece,Biomedical Research,1998-2002,1433.3817665613221
Greece,Biomedical Research,2003-2007,2387.5807909601485
Greece,Biomedical Research,2008-2012,3276.3107253095936
Greece,Biomedical Research,2013-2017,3117.700684891905
Greece,Chemistry,1973-1977,286.91666666666663
Greece,Chemistry,1978-1982,442.69999999999953
Greece,Chemistry,1983-1987,843.9833333333321
Greece,Chemistry,1988-1992,1150.229166666665
Greece,Chemistry,1993-1997,1570.944444444442
Greece,Chemistry,1998-2002,1951.546031746027
Greece,Chemistry,2003-2007,2639.1654761904706
Greece,Chemistry,2008-2012,2654.3877630539364
Greece,Chemistry,2013-2017,2333.8792124386405
Greece,Clinical Medicine,1973-1977,840.5595238095234
Greece,Clinical Medicine,1978-1982,1145.2570818070803
Greece,Clinical Medicine,1983-1987,1321.096306471305
Greece,Clinical Medicine,1988-1992,2105.741708297228
Greece,Clinical Medicine,1993-1997,3878.8106363147376
Greece,Clinical Medicine,1998-2002,6037.1342214189335
Greece,Clinical Medicine,2003-2007,10371.4635667778
Greece,Clinical Medicine,2008-2012,13799.06642035181
Greece,Clinical Medicine,2013-2017,10809.922487292431
Greece,Earth and Space,1973-1977,130.4102564102564
Greece,Earth and Space,1978-1982,269.36025641025594
Greece,Earth and Space,1983-1987,504.10757575757475
Greece,Earth and Space,1988-1992,760.7907332433635
Greece,Earth and Space,1993-1997,1078.2003066378054
Greece,Earth and Space,1998-2002,1428.8296708492244
Greece,Earth and Space,2003-2007,2030.0630215799488
Greece,Earth and Space,2008-2012,2712.37526210986
Greece,Earth and Space,2013-2017,3001.509338842508
Greece,Engineering and Technology,1973-1977,170.83333333333331
Greece,Engineering and Technology,1978-1982,544.8166666666663
Greece,Engineering and Technology,1983-1987,960.283333333332
Greece,Engineering and Technology,1988-1992,1541.4648018647997
Greece,Engineering and Technology,1993-1997,2321.120203407698
Greece,Engineering and Technology,1998-2002,3465.948611111102
Greece,Engineering and Technology,2003-2007,5845.879127492949
Greece,Engineering and Technology,2008-2012,6797.995326054134
Greece,Engineering and Technology,2013-2017,6383.246651048925
Greece,Health,1973-1977,5.33333333333333
Greece,Health,1978-1982,2.0
Greece,Health,1983-1987,13.0
Greece,Health,1988-1992,26.333333333333332
Greece,Health,1993-1997,51.159956709956674
Greece,Health,1998-2002,120.63354598617732
Greece,Health,2003-2007,193.2415638136135
Greece,Health,2008-2012,451.20274742040715
Greece,Health,2013-2017,521.56209756088
Greece,Humanities,1973-1977,31.0
Greece,Humanities,1978-1982,55.0
Greece,Humanities,1983-1987,71.66666666666666
Greece,Humanities,1988-1992,90.33333333333333
Greece,Humanities,1993-1997,122.0
Greece,Humanities,1998-2002,133.08333333333331
Greece,Humanities,2003-2007,163.9999999999999
Greece,Humanities,2008-2012,353.71978021978003
Greece,Humanities,2013-2017,420.9991119102098
Greece,Mathematics,1973-1977,72.16666666666666
Greece,Mathematics,1978-1982,217.99999999999994
Greece,Mathematics,1983-1987,429.7499999999995
Greece,Mathematics,1988-1992,495.6166666666659
Greece,Mathematics,1993-1997,640.80238095238
Greece,Mathematics,1998-2002,811.0166666666659
Greece,Mathematics,2003-2007,1138.3492063492038
Greece,Mathematics,2008-2012,1406.4460835058621
Greece,Mathematics,2013-2017,1246.4476301476261
Greece,Physics,1973-1977,274.210714285714
Greece,Physics,1978-1982,529.3845238095229
Greece,Physics,1983-1987,851.4233092631991
Greece,Physics,1988-1992,1279.1980813700332
Greece,Physics,1993-1997,1621.3222281631859
Greece,Physics,1998-2002,2236.9498173882203
Greece,Physics,2003-2007,2796.7591751352365
Greece,Physics,2008-2012,2769.09803434647
Greece,Physics,2013-2017,2151.181111867301
Greece,Professional Fields,1973-1977,8.0
Greece,Professional Fields,1978-1982,38.16666666666666
Greece,Professional Fields,1983-1987,81.66666666666661
Greece,Professional Fields,1988-1992,81.4999999999999
Greece,Professional Fields,1993-1997,136.41666666666652
Greece,Professional Fields,1998-2002,233.82179487179465
Greece,Professional Fields,2003-2007,513.8880952380944
Greece,Professional Fields,2008-2012,1127.937214582799
Greece,Professional Fields,2013-2017,1085.9284660539438
Greece,Psychology,1973-1977,15.41666666666666
Greece,Psychology,1978-1982,14.833333333333332
Greece,Psychology,1983-1987,25.857575757575752
Greece,Psychology,1988-1992,35.09999999999997
Greece,Psychology,1993-1997,54.86904761904758
Greece,Psychology,1998-2002,82.15443722943718
Greece,Psychology,2003-2007,202.88538614594495
Greece,Psychology,2008-2012,348.5909393767143
Greece,Psychology,2013-2017,392.839426070989
Greece,Social Sciences,1973-1977,83.16666666666666
Greece,Social Sciences,1978-1982,89.61666666666665
Greece,Social Sciences,1983-1987,147.1761904761904
Greece,Social Sciences,1988-1992,216.10882352941158
Greece,Social Sciences,1993-1997,303.07063492063463
Greece,Social Sciences,1998-2002,484.48495670995607
Greece,Social Sciences,2003-2007,786.323015873015
Greece,Social Sciences,2008-2012,1191.6219548425408
Greece,Social Sciences,2013-2017,1219.6767846173916
Grenada,Arts,2013-2017,0.5
Grenada,Biology,1993-1997,0.5
Grenada,Biology,2003-2007,0.5
Grenada,Biology,2008-2012,3.433333333333332
Grenada,Biology,2013-2017,6.1687229437229405
Grenada,Biomedical Research,1998-2002,0.5
Grenada,Biomedical Research,2003-2007,12.235714285714264
Grenada,Biomedical Research,2008-2012,23.562698412698385
Grenada,Biomedical Research,2013-2017,51.04097721676099
Grenada,Chemistry,1988-1992,0.333333333333333
Grenada,Chemistry,2008-2012,0.166666666666666
Grenada,Chemistry,2013-2017,0.211111111111111
Grenada,Clinical Medicine,1993-1997,3.0
Grenada,Clinical Medicine,1998-2002,2.233333333333333
Grenada,Clinical Medicine,2003-2007,10.010714285714283
Grenada,Clinical Medicine,2008-2012,55.57857142857133
Grenada,Clinical Medicine,2013-2017,100.7865079365077
Grenada,Earth and Space,1998-2002,1.0
Grenada,Earth and Space,2013-2017,3.0749999999999984
Grenada,Engineering and Technology,2013-2017,0.166666666666666
Grenada,Health,1993-1997,0.5
Grenada,Health,1998-2002,1.0
Grenada,Health,2003-2007,2.666666666666666
Grenada,Health,2008-2012,4.1
Grenada,Health,2013-2017,10.476190476190471
Grenada,Humanities,2003-2007,1.0
Grenada,Humanities,2013-2017,0.285714285714285
Grenada,Mathematics,2013-2017,0.5
Grenada,Physics,2013-2017,0.25
Grenada,Professional Fields,2008-2012,0.5
Grenada,Professional Fields,2013-2017,3.392857142857142
Grenada,Psychology,1998-2002,0.75
Grenada,Psychology,2003-2007,0.5
Grenada,Psychology,2013-2017,1.365079365079364
Grenada,Social Sciences,2003-2007,1.0
Grenada,Social Sciences,2008-2012,1.833333333333333
Grenada,Social Sciences,2013-2017,0.5
Guadeloupe,Arts,2003-2007,1.0
Guadeloupe,Arts,2013-2017,1.0
Guadeloupe,Biology,1973-1977,39.49999999999999
Guadeloupe,Biology,1978-1982,44.33333333333332
Guadeloupe,Biology,1983-1987,57.91666666666666
Guadeloupe,Biology,1988-1992,34.61666666666664
Guadeloupe,Biology,1993-1997,59.5833333333333
Guadeloupe,Biology,1998-2002,49.083333333333286
Guadeloupe,Biology,2003-2007,71.34285714285707
Guadeloupe,Biology,2008-2012,88.82687942139141
Guadeloupe,Biology,2013-2017,58.67183649683639
Guadeloupe,Biomedical Research,1973-1977,3.666666666666666
Guadeloupe,Biomedical Research,1978-1982,4.33333333333333
Guadeloupe,Biomedical Research,1983-1987,5.7499999999999964
Guadeloupe,Biomedical Research,1988-1992,5.916666666666666
Guadeloupe,Biomedical Research,1993-1997,29.960256410256388
Guadeloupe,Biomedical Research,1998-2002,30.465873015872997
Guadeloupe,Biomedical Research,2003-2007,28.5340039045921
Guadeloupe,Biomedical Research,2008-2012,28.065618007723234
Guadeloupe,Biomedical Research,2013-2017,48.433763778444366
Guadeloupe,Chemistry,1978-1982,3.583333333333333
Guadeloupe,Chemistry,1983-1987,4.08333333333333
Guadeloupe,Chemistry,1988-1992,2.8666666666666663
Guadeloupe,Chemistry,1993-1997,2.0
Guadeloupe,Chemistry,1998-2002,0.833333333333333
Guadeloupe,Chemistry,2003-2007,6.699999999999999
Guadeloupe,Chemistry,2008-2012,5.59999999999999
Guadeloupe,Chemistry,2013-2017,4.249999999999997
Guadeloupe,Clinical Medicine,1973-1977,1.333333333333333
Guadeloupe,Clinical Medicine,1978-1982,10.142857142857142
Guadeloupe,Clinical Medicine,1983-1987,23.916666666666664
Guadeloupe,Clinical Medicine,1988-1992,21.533333333333328
Guadeloupe,Clinical Medicine,1993-1997,65.95357142857138
Guadeloupe,Clinical Medicine,1998-2002,63.83217893217891
Guadeloupe,Clinical Medicine,2003-2007,61.725335775335715
Guadeloupe,Clinical Medicine,2008-2012,99.91438448892
Guadeloupe,Clinical Medicine,2013-2017,119.0410912902831
Guadeloupe,Earth and Space,1978-1982,2.5
Guadeloupe,Earth and Space,1983-1987,8.53333333333333
Guadeloupe,Earth and Space,1988-1992,5.833333333333333
Guadeloupe,Earth and Space,1993-1997,8.833333333333332
Guadeloupe,Earth and Space,1998-2002,5.033333333333331
Guadeloupe,Earth and Space,2003-2007,8.533333333333323
Guadeloupe,Earth and Space,2008-2012,16.915873015872982
Guadeloupe,Earth and Space,2013-2017,32.90248917748914
Guadeloupe,Engineering and Technology,1978-1982,1.0
Guadeloupe,Engineering and Technology,1983-1987,3.0
Guadeloupe,Engineering and Technology,1988-1992,3.2
Guadeloupe,Engineering and Technology,1993-1997,3.5
Guadeloupe,Engineering and Technology,1998-2002,4.4166666666666625
Guadeloupe,Engineering and Technology,2003-2007,8.699999999999987
Guadeloupe,Engineering and Technology,2008-2012,13.2595238095238
Guadeloupe,Engineering and Technology,2013-2017,19.04999999999998
Guadeloupe,Health,1998-2002,2.3303030303030305
Guadeloupe,Health,2003-2007,1.5
Guadeloupe,Health,2008-2012,3.785714285714273
Guadeloupe,Health,2013-2017,7.141269841269837
Guadeloupe,Humanities,1993-1997,3.0
Guadeloupe,Humanities,1998-2002,3.0
Guadeloupe,Humanities,2003-2007,1.5
Guadeloupe,Humanities,2013-2017,9.166666666666663
Guadeloupe,Mathematics,1978-1982,3.0
Guadeloupe,Mathematics,1983-1987,1.0
Guadeloupe,Mathematics,1988-1992,2.833333333333333
Guadeloupe,Mathematics,1993-1997,9.83333333333333
Guadeloupe,Mathematics,1998-2002,12.666666666666654
Guadeloupe,Mathematics,2003-2007,33.56666666666665
Guadeloupe,Mathematics,2008-2012,46.916666666666636
Guadeloupe,Mathematics,2013-2017,24.033333333333314
Guadeloupe,Physics,1993-1997,0.75
Guadeloupe,Physics,1998-2002,1.833333333333332
Guadeloupe,Physics,2003-2007,1.083333333333333
Guadeloupe,Physics,2008-2012,1.416666666666666
Guadeloupe,Physics,2013-2017,1.833333333333333
Guadeloupe,Professional Fields,2008-2012,0.5
Guadeloupe,Professional Fields,2013-2017,2.25
Guadeloupe,Psychology,2003-2007,2.25
Guadeloupe,Psychology,2008-2012,1.0
Guadeloupe,Psychology,2013-2017,3.9499999999999993
Guadeloupe,Social Sciences,1978-1982,1.0
Guadeloupe,Social Sciences,1988-1992,1.0
Guadeloupe,Social Sciences,1993-1997,1.0
Guadeloupe,Social Sciences,1998-2002,3.333333333333333
Guadeloupe,Social Sciences,2003-2007,0.916666666666666
Guadeloupe,Social Sciences,2008-2012,5.333333333333329
Guadeloupe,Social Sciences,2013-2017,3.916666666666665
Guatemala,Arts,1988-1992,1.0
Guatemala,Biology,1973-1977,42.36666666666665
Guatemala,Biology,1978-1982,26.74999999999999
Guatemala,Biology,1983-1987,20.999999999999996
Guatemala,Biology,1988-1992,35.416666666666664
Guatemala,Biology,1993-1997,21.59999999999998
Guatemala,Biology,1998-2002,19.12083333333332
Guatemala,Biology,2003-2007,27.60497835497831
Guatemala,Biology,2008-2012,28.112525879917154
Guatemala,Biology,2013-2017,41.46157492237405
Guatemala,Biomedical Research,1973-1977,34.33333333333328
Guatemala,Biomedical Research,1978-1982,94.99999999999983
Guatemala,Biomedical Research,1983-1987,81.97619047619034
Guatemala,Biomedical Research,1988-1992,75.14999999999985
Guatemala,Biomedical Research,1993-1997,44.470634920634815
Guatemala,Biomedical Research,1998-2002,39.46709956709953
Guatemala,Biomedical Research,2003-2007,19.16681096681093
Guatemala,Biomedical Research,2008-2012,41.48303666874697
Guatemala,Biomedical Research,2013-2017,45.3869148531493
Guatemala,Chemistry,1973-1977,2.0
Guatemala,Chemistry,1978-1982,4.833333333333333
Guatemala,Chemistry,1983-1987,2.333333333333333
Guatemala,Chemistry,1988-1992,3.9444444444444438
Guatemala,Chemistry,1998-2002,1.533333333333333
Guatemala,Chemistry,2008-2012,1.293650793650793
Guatemala,Chemistry,2013-2017,0.866666666666666
Guatemala,Clinical Medicine,1973-1977,47.97142857142856
Guatemala,Clinical Medicine,1978-1982,30.74999999999997
Guatemala,Clinical Medicine,1983-1987,41.03333333333332
Guatemala,Clinical Medicine,1988-1992,56.383333333333255
Guatemala,Clinical Medicine,1993-1997,43.99523809523806
Guatemala,Clinical Medicine,1998-2002,31.960807656395854
Guatemala,Clinical Medicine,2003-2007,56.095682095682044
Guatemala,Clinical Medicine,2008-2012,64.66731979633839
Guatemala,Clinical Medicine,2013-2017,74.53123990511286
Guatemala,Earth and Space,1973-1977,0.45
Guatemala,Earth and Space,1978-1982,8.404761904761905
Guatemala,Earth and Space,1983-1987,3.0
Guatemala,Earth and Space,1988-1992,1.25
Guatemala,Earth and Space,1993-1997,3.555555555555552
Guatemala,Earth and Space,1998-2002,2.3666666666666654
Guatemala,Earth and Space,2003-2007,5.816666666666657
Guatemala,Earth and Space,2008-2012,9.648268398268378
Guatemala,Earth and Space,2013-2017,8.854617604617593
Guatemala,Engineering and Technology,1973-1977,1.0
Guatemala,Engineering and Technology,1978-1982,1.0
Guatemala,Engineering and Technology,1983-1987,1.111111111111111
Guatemala,Engineering and Technology,1988-1992,0.5
Guatemala,Engineering and Technology,1993-1997,1.5
Guatemala,Engineering and Technology,1998-2002,0.75
Guatemala,Engineering and Technology,2003-2007,1.0
Guatemala,Engineering and Technology,2008-2012,1.333333333333333
Guatemala,Engineering and Technology,2013-2017,11.049999999999997
Guatemala,Health,1973-1977,0.333333333333333
Guatemala,Health,1978-1982,2.33333333333333
Guatemala,Health,1983-1987,0.5
Guatemala,Health,1988-1992,1.533333333333333
Guatemala,Health,1993-1997,5.499999999999998
Guatemala,Health,1998-2002,1.7531135531135529
Guatemala,Health,2003-2007,8.601923076923066
Guatemala,Health,2008-2012,18.367074592074562
Guatemala,Health,2013-2017,36.25836319683066
Guatemala,Humanities,1973-1977,3.0
Guatemala,Humanities,1978-1982,4.0
Guatemala,Humanities,1983-1987,6.5
Guatemala,Humanities,1988-1992,0.5
Guatemala,Humanities,2008-2012,1.333333333333333
Guatemala,Humanities,2013-2017,0.583333333333333
Guatemala,Mathematics,1978-1982,1.0
Guatemala,Mathematics,1988-1992,1.0
Guatemala,Mathematics,2013-2017,0.642857142857142
Guatemala,Physics,1978-1982,1.0
Guatemala,Physics,1983-1987,1.0
Guatemala,Physics,1993-1997,0.5
Guatemala,Physics,1998-2002,0.833333333333333
Guatemala,Physics,2003-2007,0.783333333333333
Guatemala,Physics,2008-2012,1.235714285714284
Guatemala,Physics,2013-2017,1.333333333333333
Guatemala,Professional Fields,1973-1977,2.0
Guatemala,Professional Fields,1983-1987,0.333333333333333
Guatemala,Professional Fields,1993-1997,1.0
Guatemala,Professional Fields,1998-2002,1.0
Guatemala,Professional Fields,2003-2007,0.1194805194805194
Guatemala,Professional Fields,2008-2012,2.95
Guatemala,Professional Fields,2013-2017,7.117592592592579
Guatemala,Psychology,1973-1977,9.36666666666666
Guatemala,Psychology,1978-1982,7.416666666666666
Guatemala,Psychology,1983-1987,2.033333333333333
Guatemala,Psychology,1988-1992,2.0
Guatemala,Psychology,1993-1997,6.86666666666666
Guatemala,Psychology,1998-2002,0.0909090909090909
Guatemala,Psychology,2003-2007,0.34285714285714197
Guatemala,Psychology,2008-2012,2.166666666666666
Guatemala,Psychology,2013-2017,0.6883116883116874
Guatemala,Social Sciences,1973-1977,12.0
Guatemala,Social Sciences,1978-1982,13.083333333333332
Guatemala,Social Sciences,1983-1987,18.166666666666664
Guatemala,Social Sciences,1988-1992,16.83333333333333
Guatemala,Social Sciences,1993-1997,4.249999999999999
Guatemala,Social Sciences,1998-2002,8.158333333333328
Guatemala,Social Sciences,2003-2007,6.816666666666664
Guatemala,Social Sciences,2008-2012,22.09999999999998
Guatemala,Social Sciences,2013-2017,30.38178210678206
Guinea,Arts,2008-2012,0.125
Guinea,Biology,1973-1977,1.0
Guinea,Biology,1983-1987,1.833333333333333
Guinea,Biology,1988-1992,0.666666666666666
Guinea,Biology,1993-1997,2.666666666666666
Guinea,Biology,1998-2002,4.083333333333333
Guinea,Biology,2003-2007,7.896428571428566
Guinea,Biology,2008-2012,9.40459956709956
Guinea,Biology,2013-2017,14.740648265864046
Guinea,Biomedical Research,1983-1987,0.5
Guinea,Biomedical Research,1988-1992,0.833333333333333
Guinea,Biomedical Research,1993-1997,2.083333333333332
Guinea,Biomedical Research,1998-2002,2.5333333333333323
Guinea,Biomedical Research,2003-2007,2.2416666666666663
Guinea,Biomedical Research,2008-2012,5.020363408521298
Guinea,Biomedical Research,2013-2017,15.813898196963592
Guinea,Chemistry,1978-1982,0.5
Guinea,Chemistry,1983-1987,0.5
Guinea,Chemistry,1988-1992,0.75
Guinea,Chemistry,1993-1997,1.4999999999999991
Guinea,Chemistry,2003-2007,0.916666666666666
Guinea,Chemistry,2008-2012,2.166666666666665
Guinea,Chemistry,2013-2017,2.499999999999998
Guinea,Clinical Medicine,1973-1977,5.0
Guinea,Clinical Medicine,1978-1982,2.0
Guinea,Clinical Medicine,1983-1987,8.33333333333333
Guinea,Clinical Medicine,1988-1992,17.249999999999996
Guinea,Clinical Medicine,1993-1997,5.017460317460316
Guinea,Clinical Medicine,1998-2002,15.799999999999994
Guinea,Clinical Medicine,2003-2007,17.284529359529337
Guinea,Clinical Medicine,2008-2012,16.71726190476188
Guinea,Clinical Medicine,2013-2017,50.80255358780892
Guinea,Earth and Space,1983-1987,0.333333333333333
Guinea,Earth and Space,1988-1992,1.5
Guinea,Earth and Space,1993-1997,0.5
Guinea,Earth and Space,1998-2002,1.9333333333333331
Guinea,Earth and Space,2003-2007,1.1333333333333329
Guinea,Earth and Space,2008-2012,1.8269230769230769
Guinea,Earth and Space,2013-2017,1.4178861192019074
Guinea,Engineering and Technology,2013-2017,1.416666666666666
Guinea,Health,1988-1992,0.333333333333333
Guinea,Health,1993-1997,1.616666666666666
Guinea,Health,1998-2002,0.5
Guinea,Health,2003-2007,0.791666666666666
Guinea,Health,2008-2012,0.6666666666666661
Guinea,Health,2013-2017,15.028540279856053
Guinea,Humanities,2013-2017,0.142857142857142
Guinea,Mathematics,1973-1977,0.333333333333333
Guinea,Mathematics,1998-2002,0.5
Guinea,Mathematics,2003-2007,0.5
Guinea,Mathematics,2008-2012,1.0
Guinea,Mathematics,2013-2017,1.583333333333333
Guinea,Physics,1988-1992,2.0
Guinea,Physics,1993-1997,0.833333333333333
Guinea,Physics,2003-2007,0.666666666666666
Guinea,Professional Fields,2008-2012,0.916666666666666
Guinea,Psychology,2008-2012,1.333333333333333
Guinea,Social Sciences,1998-2002,0.5
Guinea,Social Sciences,2008-2012,1.166666666666665
Guinea,Social Sciences,2013-2017,3.816666666666666
Guinea-Bissau,Biology,1993-1997,0.5
Guinea-Bissau,Biology,1998-2002,1.1
Guinea-Bissau,Biology,2003-2007,0.916666666666666
Guinea-Bissau,Biology,2008-2012,2.494047619047619
Guinea-Bissau,Biology,2013-2017,3.496825396825394
Guinea-Bissau,Biomedical Research,1983-1987,0.2
Guinea-Bissau,Biomedical Research,1988-1992,0.65
Guinea-Bissau,Biomedical Research,1993-1997,3.816666666666662
Guinea-Bissau,Biomedical Research,1998-2002,2.766666666666666
Guinea-Bissau,Biomedical Research,2003-2007,4.117857142857139
Guinea-Bissau,Biomedical Research,2008-2012,6.096136173767739
Guinea-Bissau,Biomedical Research,2013-2017,8.23571740551253
Guinea-Bissau,Chemistry,1988-1992,0.5
Guinea-Bissau,Clinical Medicine,1983-1987,0.5
Guinea-Bissau,Clinical Medicine,1988-1992,7.266666666666652
Guinea-Bissau,Clinical Medicine,1993-1997,11.952380952380933
Guinea-Bissau,Clinical Medicine,1998-2002,20.86114718614715
Guinea-Bissau,Clinical Medicine,2003-2007,31.054076479076404
Guinea-Bissau,Clinical Medicine,2008-2012,22.429761904761854
Guinea-Bissau,Clinical Medicine,2013-2017,31.874873145729193
Guinea-Bissau,Earth and Space,1993-1997,1.533333333333333
Guinea-Bissau,Earth and Space,2008-2012,0.2
Guinea-Bissau,Earth and Space,2013-2017,1.2499999999999991
Guinea-Bissau,Engineering and Technology,2013-2017,0.333333333333333
Guinea-Bissau,Health,1993-1997,0.333333333333333
Guinea-Bissau,Health,1998-2002,0.142857142857142
Guinea-Bissau,Health,2003-2007,1.316666666666666
Guinea-Bissau,Health,2008-2012,0.865079365079364
Guinea-Bissau,Health,2013-2017,3.356773618538323
Guinea-Bissau,Mathematics,2003-2007,0.333333333333333
Guinea-Bissau,Physics,1993-1997,0.333333333333333
Guinea-Bissau,Social Sciences,1998-2002,0.25
Guinea-Bissau,Social Sciences,2008-2012,2.0
Guyana,Biology,1973-1977,14.33333333333333
Guyana,Biology,1978-1982,5.583333333333333
Guyana,Biology,1983-1987,10.233333333333324
Guyana,Biology,1988-1992,12.833333333333332
Guyana,Biology,1993-1997,15.999999999999993
Guyana,Biology,1998-2002,13.466666666666653
Guyana,Biology,2003-2007,9.946929824561401
Guyana,Biology,2008-2012,5.708333333333328
Guyana,Biology,2013-2017,13.07547497740979
Guyana,Biomedical Research,1973-1977,1.0
Guyana,Biomedical Research,1983-1987,1.333333333333332
Guyana,Biomedical Research,1988-1992,1.0
Guyana,Biomedical Research,1993-1997,0.4
Guyana,Biomedical Research,1998-2002,0.833333333333333
Guyana,Biomedical Research,2003-2007,1.533333333333333
Guyana,Biomedical Research,2008-2012,8.095238095238095
Guyana,Biomedical Research,2013-2017,3.233647646177984
Guyana,Chemistry,1973-1977,0.833333333333333
Guyana,Chemistry,1978-1982,1.333333333333333
Guyana,Chemistry,1983-1987,2.0
Guyana,Chemistry,1988-1992,2.0
Guyana,Chemistry,1993-1997,2.166666666666666
Guyana,Chemistry,1998-2002,5.0
Guyana,Chemistry,2003-2007,17.0
Guyana,Chemistry,2008-2012,13.0
Guyana,Chemistry,2013-2017,3.0
Guyana,Clinical Medicine,1973-1977,1.333333333333333
Guyana,Clinical Medicine,1978-1982,7.583333333333333
Guyana,Clinical Medicine,1983-1987,16.83333333333332
Guyana,Clinical Medicine,1988-1992,3.866666666666666
Guyana,Clinical Medicine,1993-1997,4.25
Guyana,Clinical Medicine,1998-2002,8.766666666666662
Guyana,Clinical Medicine,2003-2007,8.166666666666643
Guyana,Clinical Medicine,2008-2012,10.979106521497812
Guyana,Clinical Medicine,2013-2017,15.236361283643875
Guyana,Earth and Space,1978-1982,3.0
Guyana,Earth and Space,1983-1987,0.5
Guyana,Earth and Space,1988-1992,1.0
Guyana,Earth and Space,1993-1997,0.333333333333333
Guyana,Earth and Space,1998-2002,2.666666666666666
Guyana,Earth and Space,2003-2007,1.0
Guyana,Earth and Space,2008-2012,1.916666666666666
Guyana,Earth and Space,2013-2017,5.5011904761904695
Guyana,Engineering and Technology,1973-1977,1.0
Guyana,Engineering and Technology,1978-1982,2.0
Guyana,Engineering and Technology,1983-1987,1.0
Guyana,Engineering and Technology,1988-1992,2.0
Guyana,Engineering and Technology,1993-1997,3.0
Guyana,Engineering and Technology,1998-2002,0.5
Guyana,Engineering and Technology,2003-2007,3.5
Guyana,Engineering and Technology,2008-2012,0.75
Guyana,Engineering and Technology,2013-2017,0.25
Guyana,Health,1988-1992,2.0
Guyana,Health,1998-2002,1.166666666666666
Guyana,Health,2003-2007,0.75
Guyana,Health,2008-2012,2.566666666666666
Guyana,Health,2013-2017,4.058333333333323
Guyana,Humanities,1973-1977,1.0
Guyana,Humanities,1978-1982,7.333333333333333
Guyana,Humanities,1983-1987,3.0
Guyana,Humanities,1988-1992,1.0
Guyana,Humanities,2008-2012,2.0
Guyana,Humanities,2013-2017,2.166666666666666
Guyana,Mathematics,1973-1977,0.5
Guyana,Physics,1983-1987,1.0
Guyana,Physics,1993-1997,1.0
Guyana,Physics,1998-2002,2.4
Guyana,Physics,2003-2007,1.0
Guyana,Physics,2008-2012,0.5
Guyana,Physics,2013-2017,0.5
Guyana,Professional Fields,1973-1977,1.5
Guyana,Professional Fields,1978-1982,3.5
Guyana,Professional Fields,1988-1992,0.5
Guyana,Professional Fields,1993-1997,3.25
Guyana,Professional Fields,1998-2002,2.333333333333333
Guyana,Professional Fields,2003-2007,3.0
Guyana,Professional Fields,2008-2012,1.5
Guyana,Professional Fields,2013-2017,1.416666666666666
Guyana,Psychology,2008-2012,0.333333333333333
Guyana,Psychology,2013-2017,0.833333333333333
Guyana,Social Sciences,1973-1977,14.5
Guyana,Social Sciences,1978-1982,9.0
Guyana,Social Sciences,1983-1987,7.5
Guyana,Social Sciences,1988-1992,8.0
Guyana,Social Sciences,1993-1997,5.0
Guyana,Social Sciences,1998-2002,1.4
Guyana,Social Sciences,2003-2007,0.166666666666666
Guyana,Social Sciences,2008-2012,3.416666666666666
Guyana,Social Sciences,2013-2017,3.149999999999999
Haiti,Arts,2008-2012,0.125
Haiti,Biology,1973-1977,1.333333333333333
Haiti,Biology,1978-1982,0.25
Haiti,Biology,1983-1987,2.5
Haiti,Biology,1988-1992,5.0
Haiti,Biology,1998-2002,1.533333333333333
Haiti,Biology,2003-2007,1.0
Haiti,Biology,2008-2012,1.259523809523808
Haiti,Biology,2013-2017,3.6928571428571377
Haiti,Biomedical Research,1983-1987,1.0
Haiti,Biomedical Research,1988-1992,0.5
Haiti,Biomedical Research,1993-1997,0.0384615384615384
Haiti,Biomedical Research,1998-2002,0.4
Haiti,Biomedical Research,2003-2007,2.238636363636363
Haiti,Biomedical Research,2008-2012,4.5231092436974745
Haiti,Biomedical Research,2013-2017,13.74505078255077
Haiti,Chemistry,1983-1987,0.25
Haiti,Chemistry,1988-1992,0.583333333333333
Haiti,Chemistry,2008-2012,0.833333333333333
Haiti,Clinical Medicine,1973-1977,7.833333333333329
Haiti,Clinical Medicine,1978-1982,5.833333333333333
Haiti,Clinical Medicine,1983-1987,18.466666666666644
Haiti,Clinical Medicine,1988-1992,14.345238095238077
Haiti,Clinical Medicine,1993-1997,12.233333333333318
Haiti,Clinical Medicine,1998-2002,14.57142857142856
Haiti,Clinical Medicine,2003-2007,18.233008658008615
Haiti,Clinical Medicine,2008-2012,25.558976651367924
Haiti,Clinical Medicine,2013-2017,69.80433985280129
Haiti,Earth and Space,1978-1982,0.5
Haiti,Earth and Space,1983-1987,0.6
Haiti,Earth and Space,1988-1992,0.666666666666666
Haiti,Earth and Space,1998-2002,0.4833333333333326
Haiti,Earth and Space,2003-2007,0.5
Haiti,Earth and Space,2008-2012,6.576984126984122
Haiti,Earth and Space,2013-2017,10.176007326007314
Haiti,Engineering and Technology,1993-1997,0.5
Haiti,Engineering and Technology,2008-2012,0.7
Haiti,Engineering and Technology,2013-2017,0.749999999999999
Haiti,Health,1973-1977,0.5
Haiti,Health,1978-1982,1.333333333333333
Haiti,Health,1988-1992,1.0
Haiti,Health,1993-1997,1.166666666666666
Haiti,Health,1998-2002,0.9469696969696962
Haiti,Health,2003-2007,6.849999999999988
Haiti,Health,2008-2012,14.254761904761885
Haiti,Health,2013-2017,19.762163947163923
Haiti,Humanities,1983-1987,1.0
Haiti,Humanities,1988-1992,2.0
Haiti,Humanities,1993-1997,2.0
Haiti,Humanities,2003-2007,2.0
Haiti,Humanities,2008-2012,1.0
Haiti,Humanities,2013-2017,1.0
Haiti,Mathematics,2013-2017,1.017857142857142
Haiti,Physics,2008-2012,0.809523809523809
Haiti,Professional Fields,1978-1982,1.0
Haiti,Professional Fields,1983-1987,1.0
Haiti,Professional Fields,1988-1992,0.333333333333333
Haiti,Professional Fields,2003-2007,0.0909090909090909
Haiti,Professional Fields,2013-2017,2.722222222222221
Haiti,Psychology,2008-2012,0.625
Haiti,Psychology,2013-2017,1.4999999999999991
Haiti,Social Sciences,1978-1982,1.0
Haiti,Social Sciences,1988-1992,2.333333333333333
Haiti,Social Sciences,1993-1997,1.0
Haiti,Social Sciences,1998-2002,0.333333333333333
Haiti,Social Sciences,2003-2007,2.0
Haiti,Social Sciences,2008-2012,0.833333333333333
Haiti,Social Sciences,2013-2017,4.007575757575757
Hong-Kong,Arts,1973-1977,2.0
Hong-Kong,Arts,1978-1982,2.0
Hong-Kong,Arts,1983-1987,5.5
Hong-Kong,Arts,1988-1992,8.0
Hong-Kong,Arts,1993-1997,28.76666666666666
Hong-Kong,Arts,1998-2002,12.0
Hong-Kong,Biology,1973-1977,99.66666666666663
Hong-Kong,Biology,1978-1982,117.25
Hong-Kong,Biology,1983-1987,93.75238095238093
Hong-Kong,Biology,1988-1992,122.4833333333333
Hong-Kong,Biology,1993-1997,352.1833333333328
Hong-Kong,Biology,1998-2002,249.88333333333296
Hong-Kong,Biomedical Research,1973-1977,111.16666666666664
Hong-Kong,Biomedical Research,1978-1982,214.24999999999994
Hong-Kong,Biomedical Research,1983-1987,262.5428571428567
Hong-Kong,Biomedical Research,1988-1992,363.3698412698407
Hong-Kong,Biomedical Research,1993-1997,569.0141242815146
Hong-Kong,Biomedical Research,1998-2002,308.32299089799017
Hong-Kong,Chemistry,1973-1977,117.83333333333333
Hong-Kong,Chemistry,1978-1982,143.3333333333333
Hong-Kong,Chemistry,1983-1987,257.4999999999995
Hong-Kong,Chemistry,1988-1992,402.0777777777768
Hong-Kong,Chemistry,1993-1997,971.434523809522
Hong-Kong,Chemistry,1998-2002,509.1666666666657
Hong-Kong,Clinical Medicine,1973-1977,282.1833333333332
Hong-Kong,Clinical Medicine,1978-1982,543.8404151404146
Hong-Kong,Clinical Medicine,1983-1987,1267.9144230769216
Hong-Kong,Clinical Medicine,1988-1992,2201.248809523807
Hong-Kong,Clinical Medicine,1993-1997,3205.2311828365773
Hong-Kong,Clinical Medicine,1998-2002,1289.452311985398
Hong-Kong,Earth and Space,1973-1977,16.33333333333333
Hong-Kong,Earth and Space,1978-1982,50.33333333333332
Hong-Kong,Earth and Space,1983-1987,81.08333333333329
Hong-Kong,Earth and Space,1988-1992,121.47499999999991
Hong-Kong,Earth and Space,1993-1997,295.10043290043257
Hong-Kong,Earth and Space,1998-2002,193.8166666666665
Hong-Kong,Engineering and Technology,1973-1977,69.8333333333333
Hong-Kong,Engineering and Technology,1978-1982,169.74999999999994
Hong-Kong,Engineering and Technology,1983-1987,336.1666666666663
Hong-Kong,Engineering and Technology,1988-1992,553.5499999999993
Hong-Kong,Engineering and Technology,1993-1997,1845.6166666666604
Hong-Kong,Engineering and Technology,1998-2002,1371.62662337662
Hong-Kong,Health,1973-1977,6.5
Hong-Kong,Health,1978-1982,10.25
Hong-Kong,Health,1983-1987,31.33333333333333
Hong-Kong,Health,1988-1992,43.283333333333324
Hong-Kong,Health,1993-1997,111.98571428571421
Hong-Kong,Health,1998-2002,100.80952380952364
Hong-Kong,Humanities,1973-1977,27.0
Hong-Kong,Humanities,1978-1982,44.7
Hong-Kong,Humanities,1983-1987,69.33333333333333
Hong-Kong,Humanities,1988-1992,67.0
Hong-Kong,Humanities,1993-1997,111.33333333333329
Hong-Kong,Humanities,1998-2002,62.5
Hong-Kong,Mathematics,1973-1977,56.58333333333333
Hong-Kong,Mathematics,1978-1982,67.49999999999993
Hong-Kong,Mathematics,1983-1987,101.58333333333329
Hong-Kong,Mathematics,1988-1992,161.83333333333314
Hong-Kong,Mathematics,1993-1997,400.2416666666657
Hong-Kong,Mathematics,1998-2002,267.39999999999947
Hong-Kong,Physics,1973-1977,75.08333333333331
Hong-Kong,Physics,1978-1982,114.91666666666666
Hong-Kong,Physics,1983-1987,190.44444444444437
Hong-Kong,Physics,1988-1992,273.29880952380904
Hong-Kong,Physics,1993-1997,1198.6507936507908
Hong-Kong,Physics,1998-2002,663.4357142857134
Hong-Kong,Professional Fields,1973-1977,17.5
Hong-Kong,Professional Fields,1978-1982,42.74999999999999
Hong-Kong,Professional Fields,1983-1987,74.8333333333332
Hong-Kong,Professional Fields,1988-1992,130.36666666666656
Hong-Kong,Professional Fields,1993-1997,507.82083333333264
Hong-Kong,Professional Fields,1998-2002,257.8444444444442
Hong-Kong,Psychology,1973-1977,23.499999999999993
Hong-Kong,Psychology,1978-1982,45.33333333333333
Hong-Kong,Psychology,1983-1987,95.85757575757572
Hong-Kong,Psychology,1988-1992,147.9761904761903
Hong-Kong,Psychology,1993-1997,250.16349206349165
Hong-Kong,Psychology,1998-2002,128.40238095238075
Hong-Kong,Social Sciences,1973-1977,75.5
Hong-Kong,Social Sciences,1978-1982,112.99999999999999
Hong-Kong,Social Sciences,1983-1987,148.83333333333334
Hong-Kong,Social Sciences,1988-1992,155.97619047619042
Hong-Kong,Social Sciences,1993-1997,489.6999999999993
Hong-Kong,Social Sciences,1998-2002,219.16666666666637
Hungary,Arts,1973-1977,1.0
Hungary,Arts,1978-1982,12.0
Hungary,Arts,1983-1987,25.0
Hungary,Arts,1988-1992,24.0
Hungary,Arts,1993-1997,14.5
Hungary,Arts,1998-2002,19.0
Hungary,Arts,2003-2007,26.08333333333333
Hungary,Arts,2008-2012,60.66666666666666
Hungary,Arts,2013-2017,62.0095238095238
Hungary,Biology,1973-1977,691.1833333333332
Hungary,Biology,1978-1982,1805.691666666663
Hungary,Biology,1983-1987,1367.3999999999987
Hungary,Biology,1988-1992,960.3450757575749
Hungary,Biology,1993-1997,1045.2880952380929
Hungary,Biology,1998-2002,1181.0546717171683
Hungary,Biology,2003-2007,1662.7322324848608
Hungary,Biology,2008-2012,2000.9827244794376
Hungary,Biology,2013-2017,1810.9860031874766
Hungary,Biomedical Research,1973-1977,1564.8575757575748
Hungary,Biomedical Research,1978-1982,2059.4416666666625
Hungary,Biomedical Research,1983-1987,1955.4173501936616
Hungary,Biomedical Research,1988-1992,1732.656710247316
Hungary,Biomedical Research,1993-1997,1397.9087545624263
Hungary,Biomedical Research,1998-2002,1807.9340547037486
Hungary,Biomedical Research,2003-2007,2149.516944401451
Hungary,Biomedical Research,2008-2012,2444.871118778487
Hungary,Biomedical Research,2013-2017,2841.6494277558554
Hungary,Chemistry,1973-1977,2740.2833333333297
Hungary,Chemistry,1978-1982,2774.433333333325
Hungary,Chemistry,1983-1987,2561.3873015872946
Hungary,Chemistry,1988-1992,2580.383333333325
Hungary,Chemistry,1993-1997,2772.1503968253905
Hungary,Chemistry,1998-2002,3013.7805916305815
Hungary,Chemistry,2003-2007,2695.1788220551302
Hungary,Chemistry,2008-2012,2384.7940065982584
Hungary,Chemistry,2013-2017,2476.8868955369467
Hungary,Clinical Medicine,1973-1977,2639.0088235294106
Hungary,Clinical Medicine,1978-1982,3387.9527088107934
Hungary,Clinical Medicine,1983-1987,3433.084974747468
Hungary,Clinical Medicine,1988-1992,3012.0292857142795
Hungary,Clinical Medicine,1993-1997,2561.915026628851
Hungary,Clinical Medicine,1998-2002,3696.027065429786
Hungary,Clinical Medicine,2003-2007,4337.445475688168
Hungary,Clinical Medicine,2008-2012,4865.416376077975
Hungary,Clinical Medicine,2013-2017,6176.214058556414
Hungary,Earth and Space,1973-1977,68.49999999999996
Hungary,Earth and Space,1978-1982,138.57222222222194
Hungary,Earth and Space,1983-1987,200.33300865800837
Hungary,Earth and Space,1988-1992,260.5936258186253
Hungary,Earth and Space,1993-1997,367.2171398046388
Hungary,Earth and Space,1998-2002,439.9130488830899
Hungary,Earth and Space,2003-2007,633.8479532008117
Hungary,Earth and Space,2008-2012,1027.9363294989791
Hungary,Earth and Space,2013-2017,1354.246470744536
Hungary,Engineering and Technology,1973-1977,886.8333333333333
Hungary,Engineering and Technology,1978-1982,909.2166666666665
Hungary,Engineering and Technology,1983-1987,835.12619047619
Hungary,Engineering and Technology,1988-1992,820.9528138528127
Hungary,Engineering and Technology,1993-1997,954.8999999999984
Hungary,Engineering and Technology,1998-2002,1201.2755262711125
Hungary,Engineering and Technology,2003-2007,1624.3454972944633
Hungary,Engineering and Technology,2008-2012,1812.7018831077985
Hungary,Engineering and Technology,2013-2017,2427.643959926291
Hungary,Health,1973-1977,13.0
Hungary,Health,1978-1982,17.0
Hungary,Health,1983-1987,13.166666666666666
Hungary,Health,1988-1992,20.75
Hungary,Health,1993-1997,24.596825396825384
Hungary,Health,1998-2002,22.126262626262612
Hungary,Health,2003-2007,74.2647546897546
Hungary,Health,2008-2012,103.33521920889557
Hungary,Health,2013-2017,156.33589892092894
Hungary,Humanities,1973-1977,144.33333333333331
Hungary,Humanities,1978-1982,217.0
Hungary,Humanities,1983-1987,323.5
Hungary,Humanities,1988-1992,193.5
Hungary,Humanities,1993-1997,170.0
Hungary,Humanities,1998-2002,208.66666666666663
Hungary,Humanities,2003-2007,154.49999999999994
Hungary,Humanities,2008-2012,498.95952380952355
Hungary,Humanities,2013-2017,384.5060439560431
Hungary,Mathematics,1973-1977,293.2499999999998
Hungary,Mathematics,1978-1982,533.1166666666655
Hungary,Mathematics,1983-1987,886.5166666666611
Hungary,Mathematics,1988-1992,839.6357142857108
Hungary,Mathematics,1993-1997,814.6547619047587
Hungary,Mathematics,1998-2002,970.0666666666617
Hungary,Mathematics,2003-2007,1043.3194805194762
Hungary,Mathematics,2008-2012,1400.919047619043
Hungary,Mathematics,2013-2017,1454.7547619047587
Hungary,Physics,1973-1977,627.0960640666517
Hungary,Physics,1978-1982,833.1254901960773
Hungary,Physics,1983-1987,1146.5909547152166
Hungary,Physics,1988-1992,1115.2561155771855
Hungary,Physics,1993-1997,1465.739638534302
Hungary,Physics,1998-2002,1869.081345479174
Hungary,Physics,2003-2007,2134.624537895974
Hungary,Physics,2008-2012,1823.5693024260784
Hungary,Physics,2013-2017,1685.2067307132827
Hungary,Professional Fields,1973-1977,27.5
Hungary,Professional Fields,1978-1982,48.08333333333333
Hungary,Professional Fields,1983-1987,92.66666666666666
Hungary,Professional Fields,1988-1992,89.64999999999992
Hungary,Professional Fields,1993-1997,103.84999999999998
Hungary,Professional Fields,1998-2002,80.52179487179475
Hungary,Professional Fields,2003-2007,126.23333333333314
Hungary,Professional Fields,2008-2012,214.64562080431594
Hungary,Professional Fields,2013-2017,294.61508566436174
Hungary,Psychology,1973-1977,39.5
Hungary,Psychology,1978-1982,46.33333333333333
Hungary,Psychology,1983-1987,51.80952380952378
Hungary,Psychology,1988-1992,64.50757575757571
Hungary,Psychology,1993-1997,82.69999999999992
Hungary,Psychology,1998-2002,70.37467532467524
Hungary,Psychology,2003-2007,120.04472739163108
Hungary,Psychology,2008-2012,190.59501853160944
Hungary,Psychology,2013-2017,370.6417087372641
Hungary,Social Sciences,1973-1977,264.31666666666655
Hungary,Social Sciences,1978-1982,249.492857142857
Hungary,Social Sciences,1983-1987,250.49999999999983
Hungary,Social Sciences,1988-1992,231.6891534391532
Hungary,Social Sciences,1993-1997,266.4095238095235
Hungary,Social Sciences,1998-2002,191.16666666666646
Hungary,Social Sciences,2003-2007,234.36259920634882
Hungary,Social Sciences,2008-2012,542.7971611721603
Hungary,Social Sciences,2013-2017,674.2735544145077
Iceland,Arts,1993-1997,2.0
Iceland,Arts,1998-2002,1.5
Iceland,Arts,2003-2007,2.0
Iceland,Arts,2008-2012,3.5
Iceland,Arts,2013-2017,6.0
Iceland,Biology,1973-1977,4.0
Iceland,Biology,1978-1982,28.0
Iceland,Biology,1983-1987,30.166666666666647
Iceland,Biology,1988-1992,57.45238095238089
Iceland,Biology,1993-1997,96.72182539682524
Iceland,Biology,1998-2002,138.16413872104243
Iceland,Biology,2003-2007,189.24070072929058
Iceland,Biology,2008-2012,248.7784339679608
Iceland,Biology,2013-2017,253.56234445865965
Iceland,Biomedical Research,1973-1977,16.94999999999999
Iceland,Biomedical Research,1978-1982,28.083333333333318
Iceland,Biomedical Research,1983-1987,40.11666666666663
Iceland,Biomedical Research,1988-1992,56.02976190476181
Iceland,Biomedical Research,1993-1997,93.26230094145683
Iceland,Biomedical Research,1998-2002,110.97433112696257
Iceland,Biomedical Research,2003-2007,158.97621562144985
Iceland,Biomedical Research,2008-2012,196.50948439552084
Iceland,Biomedical Research,2013-2017,260.92945659172193
Iceland,Chemistry,1973-1977,2.0
Iceland,Chemistry,1978-1982,1.0
Iceland,Chemistry,1983-1987,2.5
Iceland,Chemistry,1988-1992,15.416666666666663
Iceland,Chemistry,1993-1997,31.376190476190466
Iceland,Chemistry,1998-2002,34.43333333333332
Iceland,Chemistry,2003-2007,29.292857142857116
Iceland,Chemistry,2008-2012,53.03452380952373
Iceland,Chemistry,2013-2017,73.04999999999991
Iceland,Clinical Medicine,1973-1977,45.08015873015872
Iceland,Clinical Medicine,1978-1982,68.95238095238092
Iceland,Clinical Medicine,1983-1987,101.85555555555548
Iceland,Clinical Medicine,1988-1992,197.8972785685245
Iceland,Clinical Medicine,1993-1997,325.74272892956697
Iceland,Clinical Medicine,1998-2002,350.7833544321117
Iceland,Clinical Medicine,2003-2007,411.96320511631984
Iceland,Clinical Medicine,2008-2012,547.1548391467632
Iceland,Clinical Medicine,2013-2017,631.0829799694139
Iceland,Earth and Space,1973-1977,23.583333333333314
Iceland,Earth and Space,1978-1982,54.972222222222086
Iceland,Earth and Space,1983-1987,67.03333333333318
Iceland,Earth and Space,1988-1992,62.34999999999986
Iceland,Earth and Space,1993-1997,89.61941946941936
Iceland,Earth and Space,1998-2002,116.5611994000148
Iceland,Earth and Space,2003-2007,202.39290820290776
Iceland,Earth and Space,2008-2012,254.9585073416946
Iceland,Earth and Space,2013-2017,338.4653378435696
Iceland,Engineering and Technology,1973-1977,3.0
Iceland,Engineering and Technology,1978-1982,11.33333333333333
Iceland,Engineering and Technology,1983-1987,4.833333333333333
Iceland,Engineering and Technology,1988-1992,13.83333333333333
Iceland,Engineering and Technology,1993-1997,33.866666666666646
Iceland,Engineering and Technology,1998-2002,41.76666666666662
Iceland,Engineering and Technology,2003-2007,57.47142857142852
Iceland,Engineering and Technology,2008-2012,142.43174603174575
Iceland,Engineering and Technology,2013-2017,237.328293438587
Iceland,Health,1978-1982,0.5
Iceland,Health,1983-1987,5.0
Iceland,Health,1988-1992,6.222222222222221
Iceland,Health,1993-1997,12.92857142857142
Iceland,Health,1998-2002,27.759523809523788
Iceland,Health,2003-2007,46.89803113553109
Iceland,Health,2008-2012,110.52273282273264
Iceland,Health,2013-2017,155.78102520035813
Iceland,Humanities,1973-1977,1.0
Iceland,Humanities,1978-1982,3.333333333333333
Iceland,Humanities,1983-1987,7.0
Iceland,Humanities,1988-1992,6.66666666666666
Iceland,Humanities,1993-1997,18.0
Iceland,Humanities,1998-2002,26.0
Iceland,Humanities,2003-2007,24.75
Iceland,Humanities,2008-2012,72.89999999999999
Iceland,Humanities,2013-2017,83.72619047619045
Iceland,Mathematics,1973-1977,6.5
Iceland,Mathematics,1978-1982,17.0
Iceland,Mathematics,1983-1987,11.166666666666666
Iceland,Mathematics,1988-1992,10.749999999999993
Iceland,Mathematics,1993-1997,20.999999999999993
Iceland,Mathematics,1998-2002,16.666666666666664
Iceland,Mathematics,2003-2007,28.309523809523792
Iceland,Mathematics,2008-2012,68.81148459383748
Iceland,Mathematics,2013-2017,30.45952380952374
Iceland,Physics,1973-1977,2.0
Iceland,Physics,1978-1982,5.333333333333333
Iceland,Physics,1983-1987,10.5
Iceland,Physics,1988-1992,21.649999999999988
Iceland,Physics,1993-1997,40.27777777777773
Iceland,Physics,1998-2002,62.43333333333327
Iceland,Physics,2003-2007,61.728571428571335
Iceland,Physics,2008-2012,131.24375358500703
Iceland,Physics,2013-2017,141.7961132509207
Iceland,Professional Fields,1978-1982,2.0
Iceland,Professional Fields,1983-1987,3.333333333333326
Iceland,Professional Fields,1988-1992,6.25
Iceland,Professional Fields,1993-1997,8.333333333333332
Iceland,Professional Fields,1998-2002,12.5
Iceland,Professional Fields,2003-2007,21.69999999999998
Iceland,Professional Fields,2008-2012,85.24980158730149
Iceland,Professional Fields,2013-2017,99.5075757575757
Iceland,Psychology,1973-1977,4.0
Iceland,Psychology,1978-1982,7.533333333333333
Iceland,Psychology,1983-1987,7.0
Iceland,Psychology,1988-1992,14.642857142857142
Iceland,Psychology,1993-1997,24.866666666666667
Iceland,Psychology,1998-2002,23.560256410256407
Iceland,Psychology,2003-2007,39.21428571428569
Iceland,Psychology,2008-2012,70.46230091425981
Iceland,Psychology,2013-2017,72.41360931391475
Iceland,Social Sciences,1973-1977,3.0
Iceland,Social Sciences,1978-1982,7.0
Iceland,Social Sciences,1983-1987,9.833333333333332
Iceland,Social Sciences,1988-1992,16.03333333333333
Iceland,Social Sciences,1993-1997,34.5
Iceland,Social Sciences,1998-2002,34.916666666666636
Iceland,Social Sciences,2003-2007,49.80140415140409
Iceland,Social Sciences,2008-2012,90.90049019607838
Iceland,Social Sciences,2013-2017,127.01190476190466
India,Arts,1973-1977,9.0
India,Arts,1978-1982,18.5
India,Arts,1983-1987,31.5
India,Arts,1988-1992,16.0
India,Arts,1993-1997,14.333333333333332
India,Arts,1998-2002,11.0
India,Arts,2003-2007,15.4
India,Arts,2008-2012,31.25
India,Arts,2013-2017,87.82023809523795
India,Biology,1973-1977,5543.483333333326
India,Biology,1978-1982,10260.108333333319
India,Biology,1983-1987,9265.011904761894
India,Biology,1988-1992,9530.394444444422
India,Biology,1993-1997,7675.529365079359
India,Biology,1998-2002,7617.976909201901
India,Biology,2003-2007,9614.083884497835
India,Biology,2008-2012,16536.00598519221
India,Biology,2013-2017,21726.50448620769
India,Biomedical Research,1973-1977,7492.811111111099
India,Biomedical Research,1978-1982,10738.124603174567
India,Biomedical Research,1983-1987,9798.883583959876
India,Biomedical Research,1988-1992,8675.711416361399
India,Biomedical Research,1993-1997,7707.806520234139
India,Biomedical Research,1998-2002,8303.864907048563
India,Biomedical Research,2003-2007,11802.664785585217
India,Biomedical Research,2008-2012,21532.002490440864
India,Biomedical Research,2013-2017,30726.54609632285
India,Chemistry,1973-1977,10582.23333333331
India,Chemistry,1978-1982,14496.818686868672
India,Chemistry,1983-1987,14294.233333333314
India,Chemistry,1988-1992,14128.866666666649
India,Chemistry,1993-1997,15511.980592991895
India,Chemistry,1998-2002,18226.488095238055
India,Chemistry,2003-2007,27807.835317460198
India,Chemistry,2008-2012,38414.53471603844
India,Chemistry,2013-2017,49800.658242126825
India,Clinical Medicine,1973-1977,5644.106349206345
India,Clinical Medicine,1978-1982,9651.584379509372
India,Clinical Medicine,1983-1987,9027.322161172147
India,Clinical Medicine,1988-1992,10651.671197266773
India,Clinical Medicine,1993-1997,11353.651054426513
India,Clinical Medicine,1998-2002,14329.906839734103
India,Clinical Medicine,2003-2007,20853.596610058536
India,Clinical Medicine,2008-2012,38710.79615006087
India,Clinical Medicine,2013-2017,42826.5118411905
India,Earth and Space,1973-1977,1332.6935897435885
India,Earth and Space,1978-1982,2519.7694444444382
India,Earth and Space,1983-1987,3744.4904761904663
India,Earth and Space,1988-1992,4187.051915159993
India,Earth and Space,1993-1997,4287.210573518541
India,Earth and Space,1998-2002,4514.820695485907
India,Earth and Space,2003-2007,6585.265407304864
India,Earth and Space,2008-2012,11597.857059696462
India,Earth and Space,2013-2017,16575.19538102823
India,Engineering and Technology,1973-1977,3833.249999999995
India,Engineering and Technology,1978-1982,6190.316666666656
India,Engineering and Technology,1983-1987,7578.183333333317
India,Engineering and Technology,1988-1992,8936.842099567079
India,Engineering and Technology,1993-1997,11758.751190476167
India,Engineering and Technology,1998-2002,12675.249404761878
India,Engineering and Technology,2003-2007,19698.108593700945
India,Engineering and Technology,2008-2012,33784.00892600881
India,Engineering and Technology,2013-2017,60957.659377022814
India,Health,1973-1977,29.33333333333333
India,Health,1978-1982,49.60952380952381
India,Health,1983-1987,45.0
India,Health,1988-1992,76.49999999999999
India,Health,1993-1997,72.24090909090907
India,Health,1998-2002,183.61621238238877
India,Health,2003-2007,353.95801371483424
India,Health,2008-2012,740.1862547444198
India,Health,2013-2017,1198.7806812580886
India,Humanities,1973-1977,299.3333333333333
India,Humanities,1978-1982,412.5
India,Humanities,1983-1987,422.49999999999994
India,Humanities,1988-1992,263.9166666666667
India,Humanities,1993-1997,250.33333333333331
India,Humanities,1998-2002,162.0
India,Humanities,2003-2007,174.125
India,Humanities,2008-2012,345.8955128205125
India,Humanities,2013-2017,492.65122279681026
India,Mathematics,1973-1977,878.8333333333329
India,Mathematics,1978-1982,1587.8499999999979
India,Mathematics,1983-1987,1925.1999999999946
India,Mathematics,1988-1992,1947.3999999999926
India,Mathematics,1993-1997,1883.0999999999958
India,Mathematics,1998-2002,1930.674999999994
India,Mathematics,2003-2007,2555.6095238095168
India,Mathematics,2008-2012,4841.3125882888935
India,Mathematics,2013-2017,6044.03697691197
India,Physics,1973-1977,7050.569934640513
India,Physics,1978-1982,8622.916666666652
India,Physics,1983-1987,8412.183585300043
India,Physics,1988-1992,9493.646715670704
India,Physics,1993-1997,10654.422307061934
India,Physics,1998-2002,11071.73366903941
India,Physics,2003-2007,15928.03511495996
India,Physics,2008-2012,22656.590809629037
India,Physics,2013-2017,30748.761559063107
India,Professional Fields,1973-1977,245.14090909090902
India,Professional Fields,1978-1982,317.8166666666665
India,Professional Fields,1983-1987,240.41666666666643
India,Professional Fields,1988-1992,308.24999999999966
India,Professional Fields,1993-1997,333.8958333333329
India,Professional Fields,1998-2002,358.7611111111107
India,Professional Fields,2003-2007,534.2547619047605
India,Professional Fields,2008-2012,1365.142685968999
India,Professional Fields,2013-2017,1718.8426870889634
India,Psychology,1973-1977,362.1666666666665
India,Psychology,1978-1982,195.1666666666666
India,Psychology,1983-1987,175.5833333333332
India,Psychology,1988-1992,200.78333333333325
India,Psychology,1993-1997,132.8277777777777
India,Psychology,1998-2002,101.91501831501826
India,Psychology,2003-2007,139.90275805974554
India,Psychology,2008-2012,214.93101997659585
India,Psychology,2013-2017,397.6958473690561
India,Social Sciences,1973-1977,862.883333333333
India,Social Sciences,1978-1982,1069.8111111111107
India,Social Sciences,1983-1987,1115.4166666666656
India,Social Sciences,1988-1992,1227.476190476189
India,Social Sciences,1993-1997,1027.4999999999982
India,Social Sciences,1998-2002,843.3242424242419
India,Social Sciences,2003-2007,970.8797619047607
India,Social Sciences,2008-2012,1736.3387193362162
India,Social Sciences,2013-2017,2087.8303381044434
Indonesia,Arts,1973-1977,1.0
Indonesia,Arts,1983-1987,4.0
Indonesia,Arts,1988-1992,5.0
Indonesia,Arts,1998-2002,5.0
Indonesia,Arts,2003-2007,8.5
Indonesia,Arts,2008-2012,4.6
Indonesia,Arts,2013-2017,10.249999999999993
Indonesia,Biology,1973-1977,25.999999999999986
Indonesia,Biology,1978-1982,71.8333333333333
Indonesia,Biology,1983-1987,123.61993464052263
Indonesia,Biology,1988-1992,125.35238095238084
Indonesia,Biology,1993-1997,200.56944444444386
Indonesia,Biology,1998-2002,271.4466020091014
Indonesia,Biology,2003-2007,341.8410464535455
Indonesia,Biology,2008-2012,497.76929023312584
Indonesia,Biology,2013-2017,971.0596301122388
Indonesia,Biomedical Research,1973-1977,12.627777777777762
Indonesia,Biomedical Research,1978-1982,18.233333333333317
Indonesia,Biomedical Research,1983-1987,27.180158730158716
Indonesia,Biomedical Research,1988-1992,37.095238095238045
Indonesia,Biomedical Research,1993-1997,74.84041514041499
Indonesia,Biomedical Research,1998-2002,140.19126984126956
Indonesia,Biomedical Research,2003-2007,152.17029850231032
Indonesia,Biomedical Research,2008-2012,261.44269848692716
Indonesia,Biomedical Research,2013-2017,511.28860134752466
Indonesia,Chemistry,1973-1977,2.0
Indonesia,Chemistry,1978-1982,10.25
Indonesia,Chemistry,1983-1987,16.416666666666664
Indonesia,Chemistry,1988-1992,19.61666666666665
Indonesia,Chemistry,1993-1997,44.03333333333329
Indonesia,Chemistry,1998-2002,66.38333333333324
Indonesia,Chemistry,2003-2007,102.8099206349204
Indonesia,Chemistry,2008-2012,165.38718487394917
Indonesia,Chemistry,2013-2017,277.79285714285623
Indonesia,Clinical Medicine,1973-1977,47.2678571428571
Indonesia,Clinical Medicine,1978-1982,113.59999999999991
Indonesia,Clinical Medicine,1983-1987,105.36984126984117
Indonesia,Clinical Medicine,1988-1992,125.36904761904749
Indonesia,Clinical Medicine,1993-1997,192.25149439622035
Indonesia,Clinical Medicine,1998-2002,236.24019888846743
Indonesia,Clinical Medicine,2003-2007,219.96552788743165
Indonesia,Clinical Medicine,2008-2012,454.80036921497515
Indonesia,Clinical Medicine,2013-2017,741.141795005968
Indonesia,Earth and Space,1973-1977,13.5
Indonesia,Earth and Space,1978-1982,21.626190476190438
Indonesia,Earth and Space,1983-1987,49.52202380952376
Indonesia,Earth and Space,1988-1992,88.36071428571407
Indonesia,Earth and Space,1993-1997,96.00876623376602
Indonesia,Earth and Space,1998-2002,115.87857142857118
Indonesia,Earth and Space,2003-2007,110.72196594255396
Indonesia,Earth and Space,2008-2012,243.25910229971288
Indonesia,Earth and Space,2013-2017,459.1625167817061
Indonesia,Engineering and Technology,1973-1977,5.25
Indonesia,Engineering and Technology,1978-1982,29.833333333333332
Indonesia,Engineering and Technology,1983-1987,40.666666666666664
Indonesia,Engineering and Technology,1988-1992,23.749999999999996
Indonesia,Engineering and Technology,1993-1997,72.82063492063487
Indonesia,Engineering and Technology,1998-2002,111.16666666666644
Indonesia,Engineering and Technology,2003-2007,155.9238095238092
Indonesia,Engineering and Technology,2008-2012,341.45079365079266
Indonesia,Engineering and Technology,2013-2017,796.6814324564308
Indonesia,Health,1973-1977,0.5
Indonesia,Health,1978-1982,1.5
Indonesia,Health,1983-1987,9.833333333333332
Indonesia,Health,1988-1992,4.999999999999999
Indonesia,Health,1993-1997,10.632539682539667
Indonesia,Health,1998-2002,15.801465201465174
Indonesia,Health,2003-2007,29.399786974255033
Indonesia,Health,2008-2012,49.547731435231334
Indonesia,Health,2013-2017,108.45077671481982
Indonesia,Humanities,1973-1977,3.0
Indonesia,Humanities,1978-1982,1.0
Indonesia,Humanities,1983-1987,3.5
Indonesia,Humanities,1988-1992,1.0
Indonesia,Humanities,1993-1997,0.5
Indonesia,Humanities,1998-2002,3.5
Indonesia,Humanities,2003-2007,9.5
Indonesia,Humanities,2008-2012,16.916666666666664
Indonesia,Humanities,2013-2017,47.91074660633482
Indonesia,Mathematics,1973-1977,1.0
Indonesia,Mathematics,1978-1982,3.833333333333333
Indonesia,Mathematics,1983-1987,2.0
Indonesia,Mathematics,1988-1992,2.5
Indonesia,Mathematics,1993-1997,7.499999999999993
Indonesia,Mathematics,1998-2002,11.199999999999989
Indonesia,Mathematics,2003-2007,24.333333333333304
Indonesia,Mathematics,2008-2012,47.258333333333255
Indonesia,Mathematics,2013-2017,81.45202020202012
Indonesia,Physics,1973-1977,0.833333333333333
Indonesia,Physics,1978-1982,7.416666666666666
Indonesia,Physics,1983-1987,9.749999999999996
Indonesia,Physics,1988-1992,17.149999999999995
Indonesia,Physics,1993-1997,27.316666666666627
Indonesia,Physics,1998-2002,64.57738095238078
Indonesia,Physics,2003-2007,106.09423833412953
Indonesia,Physics,2008-2012,172.9888167388163
Indonesia,Physics,2013-2017,291.53984885270285
Indonesia,Professional Fields,1973-1977,3.75
Indonesia,Professional Fields,1978-1982,6.333333333333333
Indonesia,Professional Fields,1983-1987,5.916666666666666
Indonesia,Professional Fields,1988-1992,13.666666666666663
Indonesia,Professional Fields,1993-1997,11.49999999999999
Indonesia,Professional Fields,1998-2002,13.0
Indonesia,Professional Fields,2003-2007,21.422222222222207
Indonesia,Professional Fields,2008-2012,62.62592309651124
Indonesia,Professional Fields,2013-2017,154.71626190424115
Indonesia,Psychology,1973-1977,1.5
Indonesia,Psychology,1978-1982,3.2
Indonesia,Psychology,1983-1987,1.4333333333333331
Indonesia,Psychology,1988-1992,4.699999999999999
Indonesia,Psychology,1993-1997,3.76111111111111
Indonesia,Psychology,1998-2002,4.366666666666665
Indonesia,Psychology,2003-2007,8.838775510204075
Indonesia,Psychology,2008-2012,19.386904761904734
Indonesia,Psychology,2013-2017,56.64099827200735
Indonesia,Social Sciences,1973-1977,24.66666666666666
Indonesia,Social Sciences,1978-1982,36.166666666666664
Indonesia,Social Sciences,1983-1987,43.49999999999998
Indonesia,Social Sciences,1988-1992,46.45952380952378
Indonesia,Social Sciences,1993-1997,55.233333333333285
Indonesia,Social Sciences,1998-2002,78.17857142857139
Indonesia,Social Sciences,2003-2007,92.72996031746024
Indonesia,Social Sciences,2008-2012,164.37784992784978
Indonesia,Social Sciences,2013-2017,306.2409223086848
Iran,Arts,1973-1977,1.0
Iran,Arts,1978-1982,5.0
Iran,Arts,2003-2007,4.6666666666666625
Iran,Arts,2008-2012,24.53333333333333
Iran,Arts,2013-2017,37.66666666666658
Iran,Biology,1973-1977,189.78333333333327
Iran,Biology,1978-1982,205.58333333333303
Iran,Biology,1983-1987,46.533333333333324
Iran,Biology,1988-1992,67.83333333333326
Iran,Biology,1993-1997,114.97777777777759
Iran,Biology,1998-2002,324.28333333333285
Iran,Biology,2003-2007,1440.1051948051916
Iran,Biology,2008-2012,6218.267127068818
Iran,Biology,2013-2017,9140.896332858094
Iran,Biomedical Research,1973-1977,79.94999999999997
Iran,Biomedical Research,1978-1982,84.24999999999996
Iran,Biomedical Research,1983-1987,35.876190476190466
Iran,Biomedical Research,1988-1992,28.366666666666667
Iran,Biomedical Research,1993-1997,112.61111111111103
Iran,Biomedical Research,1998-2002,370.9671568627447
Iran,Biomedical Research,2003-2007,1358.1772069433807
Iran,Biomedical Research,2008-2012,6300.5580005605025
Iran,Biomedical Research,2013-2017,9509.137039115878
Iran,Chemistry,1973-1977,139.33333333333331
Iran,Chemistry,1978-1982,160.5
Iran,Chemistry,1983-1987,95.66666666666664
Iran,Chemistry,1988-1992,118.36666666666665
Iran,Chemistry,1993-1997,458.78333333333285
Iran,Chemistry,1998-2002,2046.6428571428528
Iran,Chemistry,2003-2007,6430.717857142838
Iran,Chemistry,2008-2012,13811.968795093771
Iran,Chemistry,2013-2017,20482.289197730322
Iran,Clinical Medicine,1973-1977,552.0595238095235
Iran,Clinical Medicine,1978-1982,525.6444444444443
Iran,Clinical Medicine,1983-1987,150.11666666666665
Iran,Clinical Medicine,1988-1992,178.50555555555553
Iran,Clinical Medicine,1993-1997,461.79420024420006
Iran,Clinical Medicine,1998-2002,1109.2160914724864
Iran,Clinical Medicine,2003-2007,4652.686997561253
Iran,Clinical Medicine,2008-2012,16225.62155777235
Iran,Clinical Medicine,2013-2017,21519.79296104881
Iran,Earth and Space,1973-1977,67.04166666666666
Iran,Earth and Space,1978-1982,57.49999999999997
Iran,Earth and Space,1983-1987,27.36666666666665
Iran,Earth and Space,1988-1992,37.416666666666636
Iran,Earth and Space,1993-1997,62.0833333333333
Iran,Earth and Space,1998-2002,145.38809523809502
Iran,Earth and Space,2003-2007,745.686402280209
Iran,Earth and Space,2008-2012,3176.036910768833
Iran,Earth and Space,2013-2017,7072.561068348401
Iran,Engineering and Technology,1973-1977,170.41666666666663
Iran,Engineering and Technology,1978-1982,200.8333333333333
Iran,Engineering and Technology,1983-1987,56.499999999999986
Iran,Engineering and Technology,1988-1992,117.74999999999994
Iran,Engineering and Technology,1993-1997,373.8999999999993
Iran,Engineering and Technology,1998-2002,980.1833333333315
Iran,Engineering and Technology,2003-2007,4541.197691197677
Iran,Engineering and Technology,2008-2012,21699.05157427431
Iran,Engineering and Technology,2013-2017,43542.87374959265
Iran,Health,1973-1977,12.5
Iran,Health,1978-1982,5.333333333333333
Iran,Health,1988-1992,2.0
Iran,Health,1993-1997,3.0
Iran,Health,1998-2002,15.08333333333332
Iran,Health,2003-2007,219.5888888888887
Iran,Health,2008-2012,976.8247220100143
Iran,Health,2013-2017,2046.52616696232
Iran,Humanities,1973-1977,12.83333333333333
Iran,Humanities,1978-1982,6.5
Iran,Humanities,1983-1987,2.0
Iran,Humanities,1988-1992,2.5
Iran,Humanities,1993-1997,10.0
Iran,Humanities,1998-2002,9.0
Iran,Humanities,2003-2007,32.0
Iran,Humanities,2008-2012,137.03333333333316
Iran,Humanities,2013-2017,195.14444444444422
Iran,Mathematics,1973-1977,40.83333333333333
Iran,Mathematics,1978-1982,53.166666666666664
Iran,Mathematics,1983-1987,61.58333333333333
Iran,Mathematics,1988-1992,59.83333333333332
Iran,Mathematics,1993-1997,101.58333333333323
Iran,Mathematics,1998-2002,331.9999999999996
Iran,Mathematics,2003-2007,1489.666666666662
Iran,Mathematics,2008-2012,3835.9380952380884
Iran,Mathematics,2013-2017,5908.587337662329
Iran,Physics,1973-1977,72.94999999999996
Iran,Physics,1978-1982,79.41590909090908
Iran,Physics,1983-1987,32.33333333333333
Iran,Physics,1988-1992,65.19444444444441
Iran,Physics,1993-1997,221.81590909090872
Iran,Physics,1998-2002,690.5547612904801
Iran,Physics,2003-2007,2299.4843375430655
Iran,Physics,2008-2012,7090.189707730698
Iran,Physics,2013-2017,13172.861660004548
Iran,Professional Fields,1973-1977,29.33333333333333
Iran,Professional Fields,1978-1982,18.0
Iran,Professional Fields,1983-1987,2.5
Iran,Professional Fields,1988-1992,18.0
Iran,Professional Fields,1993-1997,13.33333333333333
Iran,Professional Fields,1998-2002,21.66666666666666
Iran,Professional Fields,2003-2007,114.69478844169237
Iran,Professional Fields,2008-2012,1113.5511904761868
Iran,Professional Fields,2013-2017,1124.1670634920595
Iran,Psychology,1973-1977,11.999999999999995
Iran,Psychology,1978-1982,14.5
Iran,Psychology,1983-1987,4.333333333333333
Iran,Psychology,1988-1992,10.333333333333332
Iran,Psychology,1993-1997,5.166666666666666
Iran,Psychology,1998-2002,29.13333333333332
Iran,Psychology,2003-2007,94.48592132505163
Iran,Psychology,2008-2012,175.08957154949778
Iran,Psychology,2013-2017,458.3465721571333
Iran,Social Sciences,1973-1977,45.99999999999999
Iran,Social Sciences,1978-1982,50.83333333333333
Iran,Social Sciences,1983-1987,17.166666666666664
Iran,Social Sciences,1988-1992,10.5
Iran,Social Sciences,1993-1997,14.033333333333333
Iran,Social Sciences,1998-2002,27.502777777777773
Iran,Social Sciences,2003-2007,98.48333333333329
Iran,Social Sciences,2008-2012,397.5234126984122
Iran,Social Sciences,2013-2017,698.0884920634909
Iraq,Arts,2008-2012,1.0
Iraq,Arts,2013-2017,1.166666666666666
Iraq,Biology,1973-1977,71.16666666666666
Iraq,Biology,1978-1982,154.91666666666654
Iraq,Biology,1983-1987,133.24999999999997
Iraq,Biology,1988-1992,156.16666666666657
Iraq,Biology,1993-1997,64.99999999999999
Iraq,Biology,1998-2002,23.866666666666656
Iraq,Biology,2003-2007,19.233333333333324
Iraq,Biology,2008-2012,62.98571428571423
Iraq,Biology,2013-2017,139.89079809079774
Iraq,Biomedical Research,1973-1977,28.583333333333332
Iraq,Biomedical Research,1978-1982,67.3095238095238
Iraq,Biomedical Research,1983-1987,85.72619047619047
Iraq,Biomedical Research,1988-1992,55.49999999999999
Iraq,Biomedical Research,1993-1997,18.16666666666665
Iraq,Biomedical Research,1998-2002,6.728927203065133
Iraq,Biomedical Research,2003-2007,26.4361111111111
Iraq,Biomedical Research,2008-2012,59.18591269841256
Iraq,Biomedical Research,2013-2017,189.0979503146439
Iraq,Chemistry,1973-1977,82.66666666666666
Iraq,Chemistry,1978-1982,191.8333333333333
Iraq,Chemistry,1983-1987,317.41666666666646
Iraq,Chemistry,1988-1992,307.49999999999994
Iraq,Chemistry,1993-1997,86.08333333333326
Iraq,Chemistry,1998-2002,43.78333333333332
Iraq,Chemistry,2003-2007,54.949999999999974
Iraq,Chemistry,2008-2012,167.4761904761901
Iraq,Chemistry,2013-2017,384.1723155929031
Iraq,Clinical Medicine,1973-1977,122.99999999999996
Iraq,Clinical Medicine,1978-1982,256.06666666666666
Iraq,Clinical Medicine,1983-1987,189.69999999999993
Iraq,Clinical Medicine,1988-1992,209.61666666666648
Iraq,Clinical Medicine,1993-1997,93.24999999999999
Iraq,Clinical Medicine,1998-2002,81.53333333333332
Iraq,Clinical Medicine,2003-2007,151.48412698412687
Iraq,Clinical Medicine,2008-2012,345.25308825187506
Iraq,Clinical Medicine,2013-2017,361.2584569887969
Iraq,Earth and Space,1973-1977,9.833333333333332
Iraq,Earth and Space,1978-1982,18.416666666666664
Iraq,Earth and Space,1983-1987,74.5833333333333
Iraq,Earth and Space,1988-1992,91.91666666666661
Iraq,Earth and Space,1993-1997,36.16666666666666
Iraq,Earth and Space,1998-2002,5.66666666666666
Iraq,Earth and Space,2003-2007,11.052631578947361
Iraq,Earth and Space,2008-2012,74.50476190476178
Iraq,Earth and Space,2013-2017,342.3744722668629
Iraq,Engineering and Technology,1973-1977,33.33333333333332
Iraq,Engineering and Technology,1978-1982,108.45833333333331
Iraq,Engineering and Technology,1983-1987,188.99999999999986
Iraq,Engineering and Technology,1988-1992,170.66666666666663
Iraq,Engineering and Technology,1993-1997,74.49999999999999
Iraq,Engineering and Technology,1998-2002,85.83333333333333
Iraq,Engineering and Technology,2003-2007,89.0833333333333
Iraq,Engineering and Technology,2008-2012,232.41666666666615
Iraq,Engineering and Technology,2013-2017,1084.2479548229524
Iraq,Health,1973-1977,2.0
Iraq,Health,1978-1982,2.5
Iraq,Health,1983-1987,3.0
Iraq,Health,1988-1992,0.25
Iraq,Health,1993-1997,2.0
Iraq,Health,1998-2002,0.333333333333333
Iraq,Health,2003-2007,7.066666666666663
Iraq,Health,2008-2012,7.577777777777774
Iraq,Health,2013-2017,32.36652598477322
Iraq,Humanities,1973-1977,2.25
Iraq,Humanities,1978-1982,4.0
Iraq,Humanities,1983-1987,3.0
Iraq,Humanities,1988-1992,5.0
Iraq,Humanities,1993-1997,2.0
Iraq,Humanities,2003-2007,1.0
Iraq,Humanities,2008-2012,2.0
Iraq,Humanities,2013-2017,8.5
Iraq,Mathematics,1973-1977,3.5
Iraq,Mathematics,1978-1982,11.33333333333333
Iraq,Mathematics,1983-1987,7.5
Iraq,Mathematics,1988-1992,9.83333333333333
Iraq,Mathematics,1993-1997,8.5
Iraq,Mathematics,1998-2002,5.33333333333333
Iraq,Mathematics,2003-2007,5.75
Iraq,Mathematics,2008-2012,31.38333333333332
Iraq,Mathematics,2013-2017,64.59999999999992
Iraq,Physics,1973-1977,33.66666666666665
Iraq,Physics,1978-1982,105.19999999999999
Iraq,Physics,1983-1987,67.91666666666666
Iraq,Physics,1988-1992,58.249999999999986
Iraq,Physics,1993-1997,24.916666666666664
Iraq,Physics,1998-2002,12.166666666666666
Iraq,Physics,2003-2007,54.89285714285713
Iraq,Physics,2008-2012,146.9174783549781
Iraq,Physics,2013-2017,414.2028499278489
Iraq,Professional Fields,1973-1977,1.0
Iraq,Professional Fields,1978-1982,4.5
Iraq,Professional Fields,1983-1987,6.333333333333333
Iraq,Professional Fields,1988-1992,5.5
Iraq,Professional Fields,1993-1997,2.0
Iraq,Professional Fields,2003-2007,4.0
Iraq,Professional Fields,2008-2012,6.941666666666659
Iraq,Professional Fields,2013-2017,15.459523809523784
Iraq,Psychology,1978-1982,1.0
Iraq,Psychology,1983-1987,0.75
Iraq,Psychology,1988-1992,1.0
Iraq,Psychology,1993-1997,2.0
Iraq,Psychology,2003-2007,2.333333333333333
Iraq,Psychology,2008-2012,1.1499999999999995
Iraq,Psychology,2013-2017,7.5145833333333325
Iraq,Social Sciences,1973-1977,2.0
Iraq,Social Sciences,1978-1982,5.0
Iraq,Social Sciences,1983-1987,3.333333333333333
Iraq,Social Sciences,1988-1992,2.0
Iraq,Social Sciences,1993-1997,2.0
Iraq,Social Sciences,1998-2002,1.0
Iraq,Social Sciences,2003-2007,1.416666666666666
Iraq,Social Sciences,2008-2012,12.16666666666666
Iraq,Social Sciences,2013-2017,30.415079365079333
Ireland,Arts,1973-1977,6.0
Ireland,Arts,1978-1982,52.5
Ireland,Arts,1983-1987,72.0
Ireland,Arts,1988-1992,24.5
Ireland,Arts,1993-1997,35.83333333333333
Ireland,Arts,1998-2002,60.5
Ireland,Arts,2003-2007,52.0
Ireland,Arts,2008-2012,85.61111111111109
Ireland,Arts,2013-2017,88.94444444444423
Ireland,Biology,1973-1977,416.3333333333332
Ireland,Biology,1978-1982,491.7666666666663
Ireland,Biology,1983-1987,588.470512820512
Ireland,Biology,1988-1992,556.1301587301577
Ireland,Biology,1993-1997,672.6837301587288
Ireland,Biology,1998-2002,1251.9592723942692
Ireland,Biology,2003-2007,1402.5828212836068
Ireland,Biology,2008-2012,1934.2620621283033
Ireland,Biology,2013-2017,2071.2245462509895
Ireland,Biomedical Research,1973-1977,344.31666666666626
Ireland,Biomedical Research,1978-1982,400.28333333333296
Ireland,Biomedical Research,1983-1987,441.38888888888823
Ireland,Biomedical Research,1988-1992,575.3462378886281
Ireland,Biomedical Research,1993-1997,1009.4602619442728
Ireland,Biomedical Research,1998-2002,1290.5680450644975
Ireland,Biomedical Research,2003-2007,1752.4249323007916
Ireland,Biomedical Research,2008-2012,2946.033249543205
Ireland,Biomedical Research,2013-2017,3173.4351180897334
Ireland,Chemistry,1973-1977,296.1666666666666
Ireland,Chemistry,1978-1982,381.1166666666661
Ireland,Chemistry,1983-1987,380.3666666666658
Ireland,Chemistry,1988-1992,511.6769230769217
Ireland,Chemistry,1993-1997,608.9103535353521
Ireland,Chemistry,1998-2002,742.0714285714271
Ireland,Chemistry,2003-2007,1090.625836550835
Ireland,Chemistry,2008-2012,1735.8961029710986
Ireland,Chemistry,2013-2017,1646.4465999278477
Ireland,Clinical Medicine,1973-1977,1155.45952380952
Ireland,Clinical Medicine,1978-1982,1648.0740601503726
Ireland,Clinical Medicine,1983-1987,2079.2715219421048
Ireland,Clinical Medicine,1988-1992,2271.6110628633683
Ireland,Clinical Medicine,1993-1997,3103.8003009637064
Ireland,Clinical Medicine,1998-2002,3328.754901387157
Ireland,Clinical Medicine,2003-2007,4274.417393471241
Ireland,Clinical Medicine,2008-2012,6350.092416871357
Ireland,Clinical Medicine,2013-2017,7070.506769162983
Ireland,Earth and Space,1973-1977,52.68333333333332
Ireland,Earth and Space,1978-1982,100.2833333333333
Ireland,Earth and Space,1983-1987,191.64999999999958
Ireland,Earth and Space,1988-1992,232.13694083694043
Ireland,Earth and Space,1993-1997,261.0592282717278
Ireland,Earth and Space,1998-2002,310.60940289680696
Ireland,Earth and Space,2003-2007,559.8257729493122
Ireland,Earth and Space,2008-2012,881.3944547769134
Ireland,Earth and Space,2013-2017,972.355235656262
Ireland,Engineering and Technology,1973-1977,87.83333333333331
Ireland,Engineering and Technology,1978-1982,137.08333333333331
Ireland,Engineering and Technology,1983-1987,199.33333333333314
Ireland,Engineering and Technology,1988-1992,342.39285714285654
Ireland,Engineering and Technology,1993-1997,672.22817714042
Ireland,Engineering and Technology,1998-2002,1057.4200757575748
Ireland,Engineering and Technology,2003-2007,2099.7277869045774
Ireland,Engineering and Technology,2008-2012,2286.8453644444203
Ireland,Engineering and Technology,2013-2017,2983.724665107167
Ireland,Health,1973-1977,11.0
Ireland,Health,1978-1982,14.5
Ireland,Health,1983-1987,32.58333333333333
Ireland,Health,1988-1992,26.25
Ireland,Health,1993-1997,68.70238095238093
Ireland,Health,1998-2002,139.8729548229546
Ireland,Health,2003-2007,305.7501646014798
Ireland,Health,2008-2012,795.02119310428
Ireland,Health,2013-2017,1100.3426119041333
Ireland,Humanities,1973-1977,105.66666666666667
Ireland,Humanities,1978-1982,256.66666666666663
Ireland,Humanities,1983-1987,330.5833333333333
Ireland,Humanities,1988-1992,302.3333333333333
Ireland,Humanities,1993-1997,290.3333333333333
Ireland,Humanities,1998-2002,306.83333333333326
Ireland,Humanities,2003-2007,342.8928571428569
Ireland,Humanities,2008-2012,618.477594627594
Ireland,Humanities,2013-2017,793.8938375350127
Ireland,Mathematics,1973-1977,110.83333333333323
Ireland,Mathematics,1978-1982,102.66666666666663
Ireland,Mathematics,1983-1987,160.3333333333331
Ireland,Mathematics,1988-1992,190.66666666666634
Ireland,Mathematics,1993-1997,208.78333333333293
Ireland,Mathematics,1998-2002,311.7833333333328
Ireland,Mathematics,2003-2007,402.7619047619041
Ireland,Mathematics,2008-2012,578.2150183150175
Ireland,Mathematics,2013-2017,489.1314688235733
Ireland,Physics,1973-1977,251.19325396825377
Ireland,Physics,1978-1982,291.4666666666662
Ireland,Physics,1983-1987,372.47748538011643
Ireland,Physics,1988-1992,468.00566188197666
Ireland,Physics,1993-1997,645.232201057679
Ireland,Physics,1998-2002,820.9283331837437
Ireland,Physics,2003-2007,1337.5557926521258
Ireland,Physics,2008-2012,1797.6174774602587
Ireland,Physics,2013-2017,1374.0245539663747
Ireland,Professional Fields,1973-1977,28.666666666666664
Ireland,Professional Fields,1978-1982,44.83333333333333
Ireland,Professional Fields,1983-1987,78.5
Ireland,Professional Fields,1988-1992,74.11666666666666
Ireland,Professional Fields,1993-1997,117.66666666666654
Ireland,Professional Fields,1998-2002,191.3366758241757
Ireland,Professional Fields,2003-2007,298.3666666666662
Ireland,Professional Fields,2008-2012,851.1618057381205
Ireland,Professional Fields,2013-2017,1157.4207393913264
Ireland,Psychology,1973-1977,23.99999999999999
Ireland,Psychology,1978-1982,47.83333333333333
Ireland,Psychology,1983-1987,76.7595238095238
Ireland,Psychology,1988-1992,112.08333333333326
Ireland,Psychology,1993-1997,143.455357142857
Ireland,Psychology,1998-2002,170.8666666666665
Ireland,Psychology,2003-2007,185.6553657694959
Ireland,Psychology,2008-2012,374.5468072167797
Ireland,Psychology,2013-2017,589.3185845759806
Ireland,Social Sciences,1973-1977,161.0
Ireland,Social Sciences,1978-1982,194.83333333333331
Ireland,Social Sciences,1983-1987,259.2916666666665
Ireland,Social Sciences,1988-1992,226.642857142857
Ireland,Social Sciences,1993-1997,276.0845238095237
Ireland,Social Sciences,1998-2002,370.3138888888883
Ireland,Social Sciences,2003-2007,528.7471939895845
Ireland,Social Sciences,2008-2012,1238.3557720057697
Ireland,Social Sciences,2013-2017,1351.2642001278068
Israel,Arts,1973-1977,19.5
Israel,Arts,1978-1982,52.0
Israel,Arts,1983-1987,75.0
Israel,Arts,1988-1992,96.3333333333333
Israel,Arts,1993-1997,110.33333333333326
Israel,Arts,1998-2002,101.5
Israel,Arts,2003-2007,85.66666666666663
Israel,Arts,2008-2012,96.24999999999994
Israel,Arts,2013-2017,120.1261904761904
Israel,Biology,1973-1977,1491.8499999999956
Israel,Biology,1978-1982,1969.5166666666616
Israel,Biology,1983-1987,2417.802380952375
Israel,Biology,1988-1992,2454.855891330886
Israel,Biology,1993-1997,2475.684920634915
Israel,Biology,1998-2002,2466.886142210274
Israel,Biology,2003-2007,2446.3844849594802
Israel,Biology,2008-2012,2348.404143123977
Israel,Biology,2013-2017,2195.971307663019
Israel,Biomedical Research,1973-1977,2698.9956349206295
Israel,Biomedical Research,1978-1982,3130.1916666666602
Israel,Biomedical Research,1983-1987,3542.873944987754
Israel,Biomedical Research,1988-1992,3587.2535811858334
Israel,Biomedical Research,1993-1997,4031.9549361915397
Israel,Biomedical Research,1998-2002,4369.840884832826
Israel,Biomedical Research,2003-2007,4922.954683970184
Israel,Biomedical Research,2008-2012,5444.077955725245
Israel,Biomedical Research,2013-2017,6049.459420075104
Israel,Chemistry,1973-1977,1657.6999999999978
Israel,Chemistry,1978-1982,1567.4333333333318
Israel,Chemistry,1983-1987,1735.4999999999957
Israel,Chemistry,1988-1992,1619.2473257679092
Israel,Chemistry,1993-1997,1998.4867250673797
Israel,Chemistry,1998-2002,2457.153174603167
Israel,Chemistry,2003-2007,2678.8451520701433
Israel,Chemistry,2008-2012,2626.2408480408403
Israel,Chemistry,2013-2017,2739.4696234768758
Israel,Clinical Medicine,1973-1977,5029.017460317455
Israel,Clinical Medicine,1978-1982,7165.209595959586
Israel,Clinical Medicine,1983-1987,9057.553556574128
Israel,Clinical Medicine,1988-1992,9629.05531933411
Israel,Clinical Medicine,1993-1997,10983.756478216099
Israel,Clinical Medicine,1998-2002,12498.198991283025
Israel,Clinical Medicine,2003-2007,13875.723874753276
Israel,Clinical Medicine,2008-2012,13249.447358205549
Israel,Clinical Medicine,2013-2017,14006.618442473127
Israel,Earth and Space,1973-1977,581.2277777777767
Israel,Earth and Space,1978-1982,713.6301587301576
Israel,Earth and Space,1983-1987,804.0448773448757
Israel,Earth and Space,1988-1992,916.9761569699634
Israel,Earth and Space,1993-1997,1080.3524355606046
Israel,Earth and Space,1998-2002,1200.0240346657101
Israel,Earth and Space,2003-2007,1342.0349708948904
Israel,Earth and Space,2008-2012,1627.9042306523825
Israel,Earth and Space,2013-2017,1916.8083947081393
Israel,Engineering and Technology,1973-1977,1119.9499999999991
Israel,Engineering and Technology,1978-1982,1582.819047619046
Israel,Engineering and Technology,1983-1987,2068.177777777775
Israel,Engineering and Technology,1988-1992,2225.2825147075105
Israel,Engineering and Technology,1993-1997,3099.333730158722
Israel,Engineering and Technology,1998-2002,3838.2309274059166
Israel,Engineering and Technology,2003-2007,4858.272385578499
Israel,Engineering and Technology,2008-2012,4552.307424933765
Israel,Engineering and Technology,2013-2017,5065.444310466256
Israel,Health,1973-1977,58.749999999999986
Israel,Health,1978-1982,119.05952380952378
Israel,Health,1983-1987,164.5190476190475
Israel,Health,1988-1992,194.38151260504182
Israel,Health,1993-1997,306.67702020201966
Israel,Health,1998-2002,479.7658701864576
Israel,Health,2003-2007,656.3472598230421
Israel,Health,2008-2012,988.6206292675317
Israel,Health,2013-2017,1385.2687622858593
Israel,Humanities,1973-1977,331.74999999999983
Israel,Humanities,1978-1982,776.5333333333333
Israel,Humanities,1983-1987,967.1666666666663
Israel,Humanities,1988-1992,992.6666666666665
Israel,Humanities,1993-1997,951.0499999999997
Israel,Humanities,1998-2002,836.3333333333333
Israel,Humanities,2003-2007,859.7023809523805
Israel,Humanities,2008-2012,1388.3886904761898
Israel,Humanities,2013-2017,1704.658416977122
Israel,Mathematics,1973-1977,722.7833333333308
Israel,Mathematics,1978-1982,816.1166666666644
Israel,Mathematics,1983-1987,1008.9333333333304
Israel,Mathematics,1988-1992,1092.3511904761872
Israel,Mathematics,1993-1997,1639.2833333333292
Israel,Mathematics,1998-2002,1853.9380952380902
Israel,Mathematics,2003-2007,2058.6452380952337
Israel,Mathematics,2008-2012,2568.0936507936453
Israel,Mathematics,2013-2017,2486.1871794871727
Israel,Physics,1973-1977,2246.526190476186
Israel,Physics,1978-1982,2546.4169324827153
Israel,Physics,1983-1987,2859.0941454958784
Israel,Physics,1988-1992,3354.7054157523585
Israel,Physics,1993-1997,4870.982221450193
Israel,Physics,1998-2002,5063.874983087635
Israel,Physics,2003-2007,5144.496386298599
Israel,Physics,2008-2012,4814.055851015874
Israel,Physics,2013-2017,4416.800601627982
Israel,Professional Fields,1973-1977,418.92424242424204
Israel,Professional Fields,1978-1982,592.4595238095233
Israel,Professional Fields,1983-1987,746.1999999999995
Israel,Professional Fields,1988-1992,752.6999999999994
Israel,Professional Fields,1993-1997,764.5095238095229
Israel,Professional Fields,1998-2002,868.4626984126974
Israel,Professional Fields,2003-2007,1122.9702380952365
Israel,Professional Fields,2008-2012,1698.5915804002698
Israel,Professional Fields,2013-2017,2106.2279262404195
Israel,Psychology,1973-1977,406.7166666666663
Israel,Psychology,1978-1982,583.4166666666661
Israel,Psychology,1983-1987,734.4142857142846
Israel,Psychology,1988-1992,787.0428571428555
Israel,Psychology,1993-1997,911.1380341880322
Israel,Psychology,1998-2002,1001.6337412587394
Israel,Psychology,2003-2007,1104.34003467202
Israel,Psychology,2008-2012,1651.197699799517
Israel,Psychology,2013-2017,2158.8434637435194
Israel,Social Sciences,1973-1977,788.0333333333326
Israel,Social Sciences,1978-1982,1107.7749999999994
Israel,Social Sciences,1983-1987,1276.8619047619034
Israel,Social Sciences,1988-1992,1215.016137566136
Israel,Social Sciences,1993-1997,1260.910256410255
Israel,Social Sciences,1998-2002,1341.6595238095217
Israel,Social Sciences,2003-2007,1399.837878787877
Israel,Social Sciences,2008-2012,2008.4833333333288
Israel,Social Sciences,2013-2017,2557.1114550764173
Italy,Arts,1973-1977,39.547619047619
Italy,Arts,1978-1982,89.3333333333333
Italy,Arts,1983-1987,160.36666666666662
Italy,Arts,1988-1992,128.33333333333331
Italy,Arts,1993-1997,190.6666666666666
Italy,Arts,1998-2002,290.46666666666647
Italy,Arts,2003-2007,295.94999999999965
Italy,Arts,2008-2012,492.0880952380949
Italy,Arts,2013-2017,840.5015873015857
Italy,Biology,1973-1977,1033.866666666665
Italy,Biology,1978-1982,2437.3178571428534
Italy,Biology,1983-1987,2722.93812755871
Italy,Biology,1988-1992,3748.902615440104
Italy,Biology,1993-1997,5395.051695526684
Italy,Biology,1998-2002,6680.517402473101
Italy,Biology,2003-2007,9147.207015751957
Italy,Biology,2008-2012,12630.766739318407
Italy,Biology,2013-2017,15579.613382611667
Italy,Biomedical Research,1973-1977,4860.26233766233
Italy,Biomedical Research,1978-1982,5126.406434556425
Italy,Biomedical Research,1983-1987,7352.740812890797
Italy,Biomedical Research,1988-1992,9664.335805454484
Italy,Biomedical Research,1993-1997,13640.860866239094
Italy,Biomedical Research,1998-2002,15151.28107055455
Italy,Biomedical Research,2003-2007,17532.49026726646
Italy,Biomedical Research,2008-2012,21660.41231250189
Italy,Biomedical Research,2013-2017,26849.774322283956
Italy,Chemistry,1973-1977,6195.638095238081
Italy,Chemistry,1978-1982,7173.583333333317
Italy,Chemistry,1983-1987,8419.072817460301
Italy,Chemistry,1988-1992,9487.971154730916
Italy,Chemistry,1993-1997,11874.88890970139
Italy,Chemistry,1998-2002,13241.519786667563
Italy,Chemistry,2003-2007,15078.577744891545
Italy,Chemistry,2008-2012,15448.91586203755
Italy,Chemistry,2013-2017,16041.888566311804
Italy,Clinical Medicine,1973-1977,10634.34307995924
Italy,Clinical Medicine,1978-1982,17207.402096819555
Italy,Clinical Medicine,1983-1987,22642.07911730564
Italy,Clinical Medicine,1988-1992,30916.068310393894
Italy,Clinical Medicine,1993-1997,40488.00998786171
Italy,Clinical Medicine,1998-2002,46019.729645602994
Italy,Clinical Medicine,2003-2007,56617.93041370895
Italy,Clinical Medicine,2008-2012,71322.1961158122
Italy,Clinical Medicine,2013-2017,79677.25533905147
Italy,Earth and Space,1973-1977,1076.293589743587
Italy,Earth and Space,1978-1982,1578.7337273837252
Italy,Earth and Space,1983-1987,2287.4677530802483
Italy,Earth and Space,1988-1992,3424.487752818063
Italy,Earth and Space,1993-1997,5131.145793995962
Italy,Earth and Space,1998-2002,7505.920198485016
Italy,Earth and Space,2003-2007,10556.713269520502
Italy,Earth and Space,2008-2012,13530.530611248472
Italy,Earth and Space,2013-2017,16130.974989535862
Italy,Engineering and Technology,1973-1977,1927.2499999999982
Italy,Engineering and Technology,1978-1982,2648.5928571428544
Italy,Engineering and Technology,1983-1987,3647.4357142857043
Italy,Engineering and Technology,1988-1992,5884.091185611764
Italy,Engineering and Technology,1993-1997,9472.800858224597
Italy,Engineering and Technology,1998-2002,13595.94613923787
Italy,Engineering and Technology,2003-2007,19217.838947356253
Italy,Engineering and Technology,2008-2012,23209.648773220775
Italy,Engineering and Technology,2013-2017,32754.467468356605
Italy,Health,1973-1977,22.25
Italy,Health,1978-1982,23.0
Italy,Health,1983-1987,43.99999999999999
Italy,Health,1988-1992,100.15119047619044
Italy,Health,1993-1997,281.8828504828501
Italy,Health,1998-2002,392.23560262836486
Italy,Health,2003-2007,834.3113066330981
Italy,Health,2008-2012,2361.964999163344
Italy,Health,2013-2017,3390.5776861769596
Italy,Humanities,1973-1977,229.5
Italy,Humanities,1978-1982,495.3333333333333
Italy,Humanities,1983-1987,1048.0
Italy,Humanities,1988-1992,906.4166666666665
Italy,Humanities,1993-1997,1004.3809523809523
Italy,Humanities,1998-2002,1141.2928571428567
Italy,Humanities,2003-2007,1278.6999999999998
Italy,Humanities,2008-2012,3238.27142857142
Italy,Humanities,2013-2017,4634.326467887551
Italy,Mathematics,1973-1977,273.9611111111106
Italy,Mathematics,1978-1982,805.183333333332
Italy,Mathematics,1983-1987,2305.8166666666625
Italy,Mathematics,1988-1992,2607.876190476183
Italy,Mathematics,1993-1997,3459.2249999999926
Italy,Mathematics,1998-2002,5025.938095238088
Italy,Mathematics,2003-2007,6583.961904761897
Italy,Mathematics,2008-2012,8623.509423426807
Italy,Mathematics,2013-2017,9028.057562466765
Italy,Physics,1973-1977,4195.024651981996
Italy,Physics,1978-1982,5742.796243453816
Italy,Physics,1983-1987,8019.067718643551
Italy,Physics,1988-1992,10755.311902352189
Italy,Physics,1993-1997,15461.86163768658
Italy,Physics,1998-2002,18622.848225308197
Italy,Physics,2003-2007,21651.90894687097
Italy,Physics,2008-2012,19196.045255816607
Italy,Physics,2013-2017,17522.819955876017
Italy,Professional Fields,1973-1977,136.9166666666666
Italy,Professional Fields,1978-1982,146.99999999999986
Italy,Professional Fields,1983-1987,214.9166666666665
Italy,Professional Fields,1988-1992,321.98809523809496
Italy,Professional Fields,1993-1997,479.9833333333329
Italy,Professional Fields,1998-2002,618.6255647130641
Italy,Professional Fields,2003-2007,917.3992063492027
Italy,Professional Fields,2008-2012,2218.5654875388855
Italy,Professional Fields,2013-2017,3672.8668801603876
Italy,Psychology,1973-1977,59.44999999999999
Italy,Psychology,1978-1982,160.3333333333333
Italy,Psychology,1983-1987,355.0909090909085
Italy,Psychology,1988-1992,478.58333333333246
Italy,Psychology,1993-1997,719.6861111111099
Italy,Psychology,1998-2002,823.8181818181799
Italy,Psychology,2003-2007,1280.7094354896408
Italy,Psychology,2008-2012,2484.1004349874006
Italy,Psychology,2013-2017,3668.6003806528124
Italy,Social Sciences,1973-1977,537.1833333333333
Italy,Social Sciences,1978-1982,885.8249999999996
Italy,Social Sciences,1983-1987,718.1011904761899
Italy,Social Sciences,1988-1992,660.3556216931211
Italy,Social Sciences,1993-1997,935.5833333333325
Italy,Social Sciences,1998-2002,1376.1193833943787
Italy,Social Sciences,2003-2007,2111.797792485288
Italy,Social Sciences,2008-2012,4602.883850544872
Italy,Social Sciences,2013-2017,6855.877037133413
Ivory Coast,Arts,1983-1987,1.0
Ivory Coast,Arts,2013-2017,0.5
Ivory Coast,Biology,1973-1977,88.49999999999999
Ivory Coast,Biology,1978-1982,241.74999999999986
Ivory Coast,Biology,1983-1987,161.4499999999999
Ivory Coast,Biology,1988-1992,125.9499999999999
Ivory Coast,Biology,1993-1997,87.0791666666666
Ivory Coast,Biology,1998-2002,89.29999999999988
Ivory Coast,Biology,2003-2007,73.8404761904761
Ivory Coast,Biology,2008-2012,136.932789104563
Ivory Coast,Biology,2013-2017,114.86912794486591
Ivory Coast,Biomedical Research,1973-1977,26.311111111111092
Ivory Coast,Biomedical Research,1978-1982,24.20833333333333
Ivory Coast,Biomedical Research,1983-1987,23.16666666666665
Ivory Coast,Biomedical Research,1988-1992,20.352777777777764
Ivory Coast,Biomedical Research,1993-1997,25.759523809523763
Ivory Coast,Biomedical Research,1998-2002,32.262301587301536
Ivory Coast,Biomedical Research,2003-2007,40.69285714285708
Ivory Coast,Biomedical Research,2008-2012,74.53678476236514
Ivory Coast,Biomedical Research,2013-2017,74.16614373687808
Ivory Coast,Chemistry,1973-1977,23.66666666666666
Ivory Coast,Chemistry,1978-1982,31.199999999999946
Ivory Coast,Chemistry,1983-1987,26.0833333333333
Ivory Coast,Chemistry,1988-1992,14.333333333333318
Ivory Coast,Chemistry,1993-1997,8.416666666666641
Ivory Coast,Chemistry,1998-2002,18.199999999999964
Ivory Coast,Chemistry,2003-2007,29.842857142857106
Ivory Coast,Chemistry,2008-2012,40.466666666666605
Ivory Coast,Chemistry,2013-2017,33.28095238095232
Ivory Coast,Clinical Medicine,1973-1977,53.91666666666665
Ivory Coast,Clinical Medicine,1978-1982,132.6111111111111
Ivory Coast,Clinical Medicine,1983-1987,138.93253968253967
Ivory Coast,Clinical Medicine,1988-1992,100.32420634920616
Ivory Coast,Clinical Medicine,1993-1997,137.5809523809522
Ivory Coast,Clinical Medicine,1998-2002,180.99330808080762
Ivory Coast,Clinical Medicine,2003-2007,134.55916860916838
Ivory Coast,Clinical Medicine,2008-2012,229.33175442931648
Ivory Coast,Clinical Medicine,2013-2017,206.06258969889234
Ivory Coast,Earth and Space,1973-1977,38.5
Ivory Coast,Earth and Space,1978-1982,22.476190476190464
Ivory Coast,Earth and Space,1983-1987,14.166666666666659
Ivory Coast,Earth and Space,1988-1992,16.58333333333333
Ivory Coast,Earth and Space,1993-1997,17.861111111111107
Ivory Coast,Earth and Space,1998-2002,11.709523809523796
Ivory Coast,Earth and Space,2003-2007,12.892796092796084
Ivory Coast,Earth and Space,2008-2012,36.26753246753241
Ivory Coast,Earth and Space,2013-2017,32.232365673542084
Ivory Coast,Engineering and Technology,1973-1977,0.333333333333333
Ivory Coast,Engineering and Technology,1978-1982,4.0
Ivory Coast,Engineering and Technology,1983-1987,2.0
Ivory Coast,Engineering and Technology,1988-1992,1.5
Ivory Coast,Engineering and Technology,1993-1997,7.666666666666666
Ivory Coast,Engineering and Technology,1998-2002,5.9761904761904745
Ivory Coast,Engineering and Technology,2003-2007,14.199999999999996
Ivory Coast,Engineering and Technology,2008-2012,22.349999999999994
Ivory Coast,Engineering and Technology,2013-2017,18.12619047619045
Ivory Coast,Health,1983-1987,0.666666666666666
Ivory Coast,Health,1993-1997,3.816666666666666
Ivory Coast,Health,1998-2002,1.444444444444443
Ivory Coast,Health,2003-2007,5.401388888888888
Ivory Coast,Health,2008-2012,14.972619047619046
Ivory Coast,Health,2013-2017,31.05069316871781
Ivory Coast,Humanities,1973-1977,2.0
Ivory Coast,Humanities,1978-1982,7.0
Ivory Coast,Humanities,1983-1987,10.0
Ivory Coast,Humanities,1988-1992,1.5
Ivory Coast,Humanities,1993-1997,3.0
Ivory Coast,Humanities,1998-2002,4.0
Ivory Coast,Humanities,2003-2007,6.0
Ivory Coast,Humanities,2008-2012,10.666666666666663
Ivory Coast,Humanities,2013-2017,7.16666666666666
Ivory Coast,Mathematics,1973-1977,3.0
Ivory Coast,Mathematics,1983-1987,1.0
Ivory Coast,Mathematics,1988-1992,6.833333333333333
Ivory Coast,Mathematics,1993-1997,5.99999999999999
Ivory Coast,Mathematics,1998-2002,9.333333333333332
Ivory Coast,Mathematics,2003-2007,9.083333333333332
Ivory Coast,Mathematics,2008-2012,37.749999999999986
Ivory Coast,Mathematics,2013-2017,15.033333333333323
Ivory Coast,Physics,1973-1977,4.0
Ivory Coast,Physics,1978-1982,8.833333333333325
Ivory Coast,Physics,1983-1987,7.166666666666666
Ivory Coast,Physics,1988-1992,2.333333333333333
Ivory Coast,Physics,1993-1997,1.866666666666666
Ivory Coast,Physics,1998-2002,0.916666666666666
Ivory Coast,Physics,2003-2007,4.516666666666665
Ivory Coast,Physics,2008-2012,6.5928571428571345
Ivory Coast,Physics,2013-2017,4.519047619047618
Ivory Coast,Professional Fields,1973-1977,1.0
Ivory Coast,Professional Fields,1978-1982,2.0
Ivory Coast,Professional Fields,1983-1987,3.0
Ivory Coast,Professional Fields,1988-1992,1.0
Ivory Coast,Professional Fields,1993-1997,6.0
Ivory Coast,Professional Fields,1998-2002,1.0
Ivory Coast,Professional Fields,2003-2007,2.0
Ivory Coast,Professional Fields,2008-2012,3.333333333333326
Ivory Coast,Professional Fields,2013-2017,3.338932806324105
Ivory Coast,Psychology,1973-1977,1.0
Ivory Coast,Psychology,1978-1982,5.0
Ivory Coast,Psychology,1983-1987,2.0
Ivory Coast,Psychology,1988-1992,3.0
Ivory Coast,Psychology,1993-1997,3.833333333333333
Ivory Coast,Psychology,1998-2002,3.083333333333333
Ivory Coast,Psychology,2003-2007,3.9833333333333263
Ivory Coast,Psychology,2008-2012,2.68333333333333
Ivory Coast,Psychology,2013-2017,4.869047619047615
Ivory Coast,Social Sciences,1973-1977,9.0
Ivory Coast,Social Sciences,1978-1982,11.833333333333332
Ivory Coast,Social Sciences,1983-1987,4.833333333333333
Ivory Coast,Social Sciences,1988-1992,7.5
Ivory Coast,Social Sciences,1993-1997,13.499999999999991
Ivory Coast,Social Sciences,1998-2002,17.566666666666652
Ivory Coast,Social Sciences,2003-2007,8.116666666666665
Ivory Coast,Social Sciences,2008-2012,8.5
Ivory Coast,Social Sciences,2013-2017,30.661111111111044
Jamaica,Arts,1983-1987,1.0
Jamaica,Arts,1988-1992,2.0
Jamaica,Arts,2003-2007,1.0
Jamaica,Arts,2008-2012,1.0
Jamaica,Arts,2013-2017,1.0
Jamaica,Biology,1973-1977,88.25
Jamaica,Biology,1978-1982,89.99999999999999
Jamaica,Biology,1983-1987,62.69999999999998
Jamaica,Biology,1988-1992,35.99999999999997
Jamaica,Biology,1993-1997,66.92424242424238
Jamaica,Biology,1998-2002,45.6242424242424
Jamaica,Biology,2003-2007,62.699999999999946
Jamaica,Biology,2008-2012,51.40238095238091
Jamaica,Biology,2013-2017,39.22008803761137
Jamaica,Biomedical Research,1973-1977,51.49999999999998
Jamaica,Biomedical Research,1978-1982,55.88095238095237
Jamaica,Biomedical Research,1983-1987,52.64444444444444
Jamaica,Biomedical Research,1988-1992,46.78333333333331
Jamaica,Biomedical Research,1993-1997,49.84444444444442
Jamaica,Biomedical Research,1998-2002,35.021428571428544
Jamaica,Biomedical Research,2003-2007,36.16150793650789
Jamaica,Biomedical Research,2008-2012,32.13384045436196
Jamaica,Biomedical Research,2013-2017,43.817288265686294
Jamaica,Chemistry,1973-1977,22.75
Jamaica,Chemistry,1978-1982,24.66666666666666
Jamaica,Chemistry,1983-1987,32.83333333333332
Jamaica,Chemistry,1988-1992,18.699999999999978
Jamaica,Chemistry,1993-1997,42.70833333333329
Jamaica,Chemistry,1998-2002,50.699999999999974
Jamaica,Chemistry,2003-2007,47.41666666666665
Jamaica,Chemistry,2008-2012,37.404761904761884
Jamaica,Chemistry,2013-2017,23.930158730158716
Jamaica,Clinical Medicine,1973-1977,153.64999999999995
Jamaica,Clinical Medicine,1978-1982,297.3499999999998
Jamaica,Clinical Medicine,1983-1987,256.4706349206347
Jamaica,Clinical Medicine,1988-1992,272.7472222222219
Jamaica,Clinical Medicine,1993-1997,218.06004793418555
Jamaica,Clinical Medicine,1998-2002,279.67287506400373
Jamaica,Clinical Medicine,2003-2007,283.32070707070676
Jamaica,Clinical Medicine,2008-2012,408.20585649730356
Jamaica,Clinical Medicine,2013-2017,245.3879591138341
Jamaica,Earth and Space,1973-1977,18.076923076923062
Jamaica,Earth and Space,1978-1982,11.25
Jamaica,Earth and Space,1983-1987,9.36666666666666
Jamaica,Earth and Space,1988-1992,31.83333333333332
Jamaica,Earth and Space,1993-1997,37.86666666666665
Jamaica,Earth and Space,1998-2002,30.69285714285711
Jamaica,Earth and Space,2003-2007,27.40098039215683
Jamaica,Earth and Space,2008-2012,31.976190476190443
Jamaica,Earth and Space,2013-2017,32.818986568986524
Jamaica,Engineering and Technology,1973-1977,2.0
Jamaica,Engineering and Technology,1978-1982,7.833333333333333
Jamaica,Engineering and Technology,1983-1987,6.666666666666666
Jamaica,Engineering and Technology,1988-1992,6.5
Jamaica,Engineering and Technology,1993-1997,6.666666666666666
Jamaica,Engineering and Technology,1998-2002,7.83333333333333
Jamaica,Engineering and Technology,2003-2007,9.833333333333332
Jamaica,Engineering and Technology,2008-2012,15.916666666666663
Jamaica,Engineering and Technology,2013-2017,16.159523809523805
Jamaica,Health,1973-1977,4.0
Jamaica,Health,1978-1982,2.5
Jamaica,Health,1983-1987,3.0
Jamaica,Health,1988-1992,9.233333333333333
Jamaica,Health,1993-1997,7.783333333333326
Jamaica,Health,1998-2002,13.283333333333324
Jamaica,Health,2003-2007,12.133333333333326
Jamaica,Health,2008-2012,37.35714285714281
Jamaica,Health,2013-2017,44.18247354497349
Jamaica,Humanities,1973-1977,9.0
Jamaica,Humanities,1978-1982,19.333333333333332
Jamaica,Humanities,1983-1987,20.5
Jamaica,Humanities,1988-1992,13.5
Jamaica,Humanities,1993-1997,16.5
Jamaica,Humanities,1998-2002,9.0
Jamaica,Humanities,2003-2007,7.0
Jamaica,Humanities,2008-2012,26.0
Jamaica,Humanities,2013-2017,19.58333333333333
Jamaica,Mathematics,1973-1977,5.0
Jamaica,Mathematics,1978-1982,13.5
Jamaica,Mathematics,1983-1987,6.5
Jamaica,Mathematics,1988-1992,6.5
Jamaica,Mathematics,1993-1997,4.5
Jamaica,Mathematics,1998-2002,4.999999999999996
Jamaica,Mathematics,2003-2007,6.833333333333326
Jamaica,Mathematics,2008-2012,7.11666666666666
Jamaica,Mathematics,2013-2017,7.833333333333333
Jamaica,Physics,1973-1977,6.0
Jamaica,Physics,1978-1982,8.9
Jamaica,Physics,1983-1987,16.499999999999993
Jamaica,Physics,1988-1992,9.833333333333332
Jamaica,Physics,1993-1997,13.58333333333333
Jamaica,Physics,1998-2002,1.666666666666666
Jamaica,Physics,2003-2007,3.66666666666666
Jamaica,Physics,2008-2012,8.944444444444436
Jamaica,Physics,2013-2017,6.899999999999999
Jamaica,Professional Fields,1973-1977,9.0
Jamaica,Professional Fields,1978-1982,19.0
Jamaica,Professional Fields,1983-1987,19.0
Jamaica,Professional Fields,1988-1992,18.666666666666664
Jamaica,Professional Fields,1993-1997,11.666666666666666
Jamaica,Professional Fields,1998-2002,5.999999999999999
Jamaica,Professional Fields,2003-2007,4.09090909090909
Jamaica,Professional Fields,2008-2012,18.883333333333315
Jamaica,Professional Fields,2013-2017,29.669047619047607
Jamaica,Psychology,1973-1977,3.5
Jamaica,Psychology,1978-1982,5.0
Jamaica,Psychology,1983-1987,5.0
Jamaica,Psychology,1988-1992,0.916666666666666
Jamaica,Psychology,1993-1997,5.183333333333334
Jamaica,Psychology,1998-2002,5.583333333333332
Jamaica,Psychology,2003-2007,4.916666666666665
Jamaica,Psychology,2008-2012,5.525432900432899
Jamaica,Psychology,2013-2017,10.035714285714283
Jamaica,Social Sciences,1973-1977,49.5
Jamaica,Social Sciences,1978-1982,60.041666666666664
Jamaica,Social Sciences,1983-1987,75.08333333333333
Jamaica,Social Sciences,1988-1992,41.9
Jamaica,Social Sciences,1993-1997,31.566666666666663
Jamaica,Social Sciences,1998-2002,16.699999999999996
Jamaica,Social Sciences,2003-2007,21.702380952380935
Jamaica,Social Sciences,2008-2012,23.676190476190467
Jamaica,Social Sciences,2013-2017,19.29215686274508
Japan,Arts,1973-1977,28.8333333333333
Japan,Arts,1978-1982,242.89999999999998
Japan,Arts,1983-1987,118.83333333333333
Japan,Arts,1988-1992,43.0
Japan,Arts,1993-1997,55.58333333333333
Japan,Arts,1998-2002,65.47619047619047
Japan,Arts,2003-2007,108.27142857142852
Japan,Arts,2008-2012,225.48333333333292
Japan,Arts,2013-2017,193.30995115995083
Japan,Biology,1973-1977,6730.226190476181
Japan,Biology,1978-1982,11509.074999999953
Japan,Biology,1983-1987,14415.765079365032
Japan,Biology,1988-1992,16379.545634920583
Japan,Biology,1993-1997,18459.80450937945
Japan,Biology,1998-2002,20337.21829556059
Japan,Biology,2003-2007,21885.673319964586
Japan,Biology,2008-2012,22959.839624331198
Japan,Biology,2013-2017,20465.56339447156
Japan,Biomedical Research,1973-1977,10293.948297943849
Japan,Biomedical Research,1978-1982,16876.452417027365
Japan,Biomedical Research,1983-1987,22905.892406569983
Japan,Biomedical Research,1988-1992,30981.594523969314
Japan,Biomedical Research,1993-1997,37439.851296841414
Japan,Biomedical Research,1998-2002,42480.22983997872
Japan,Biomedical Research,2003-2007,42124.40745563146
Japan,Biomedical Research,2008-2012,41750.371716502814
Japan,Biomedical Research,2013-2017,46241.24854821389
Japan,Chemistry,1973-1977,20825.483333333286
Japan,Chemistry,1978-1982,26144.02302697298
Japan,Chemistry,1983-1987,30149.513095238002
Japan,Chemistry,1988-1992,35695.866757195996
Japan,Chemistry,1993-1997,41523.13214285701
Japan,Chemistry,1998-2002,46234.84346476526
Japan,Chemistry,2003-2007,47081.31202374443
Japan,Chemistry,2008-2012,43425.585438211485
Japan,Chemistry,2013-2017,40863.88452470194
Japan,Clinical Medicine,1973-1977,17544.465043290013
Japan,Clinical Medicine,1978-1982,31927.532081807032
Japan,Clinical Medicine,1983-1987,43545.090177306265
Japan,Clinical Medicine,1988-1992,61163.366409070346
Japan,Clinical Medicine,1993-1997,83142.1569695897
Japan,Clinical Medicine,1998-2002,100193.78389107304
Japan,Clinical Medicine,2003-2007,96748.03574267232
Japan,Clinical Medicine,2008-2012,100592.77177366249
Japan,Clinical Medicine,2013-2017,102268.70878470708
Japan,Earth and Space,1973-1977,1379.9861111111095
Japan,Earth and Space,1978-1982,2245.694780219775
Japan,Earth and Space,1983-1987,3821.938941124226
Japan,Earth and Space,1988-1992,4597.004036649617
Japan,Earth and Space,1993-1997,5896.965459375235
Japan,Earth and Space,1998-2002,8615.5830753581
Japan,Earth and Space,2003-2007,11411.007689347478
Japan,Earth and Space,2008-2012,13110.381966259063
Japan,Earth and Space,2013-2017,13790.039215446757
Japan,Engineering and Technology,1973-1977,8759.694444444434
Japan,Engineering and Technology,1978-1982,14581.397222222204
Japan,Engineering and Technology,1983-1987,21652.116269841248
Japan,Engineering and Technology,1988-1992,26898.84743589736
Japan,Engineering and Technology,1993-1997,38278.93632478623
Japan,Engineering and Technology,1998-2002,46462.45836075678
Japan,Engineering and Technology,2003-2007,52535.75747048989
Japan,Engineering and Technology,2008-2012,44251.27139322442
Japan,Engineering and Technology,2013-2017,43498.90074888297
Japan,Health,1973-1977,29.33333333333332
Japan,Health,1978-1982,84.79999999999993
Japan,Health,1983-1987,80.03333333333333
Japan,Health,1988-1992,85.10714285714283
Japan,Health,1993-1997,191.99444444444416
Japan,Health,1998-2002,370.68276532835256
Japan,Health,2003-2007,764.4159812409797
Japan,Health,2008-2012,1819.8609661966827
Japan,Health,2013-2017,2935.627806575028
Japan,Humanities,1973-1977,77.08333333333333
Japan,Humanities,1978-1982,204.2
Japan,Humanities,1983-1987,300.6428571428571
Japan,Humanities,1988-1992,240.1666666666666
Japan,Humanities,1993-1997,304.83333333333326
Japan,Humanities,1998-2002,357.0833333333333
Japan,Humanities,2003-2007,342.6035714285712
Japan,Humanities,2008-2012,727.8738095238087
Japan,Humanities,2013-2017,808.8022230822145
Japan,Mathematics,1973-1977,1914.8333333333296
Japan,Mathematics,1978-1982,2425.1666666666633
Japan,Mathematics,1983-1987,3880.116666666662
Japan,Mathematics,1988-1992,4020.8833333333264
Japan,Mathematics,1993-1997,4317.349999999992
Japan,Mathematics,1998-2002,5389.216666666658
Japan,Mathematics,2003-2007,6280.752380952374
Japan,Mathematics,2008-2012,7779.1531135530995
Japan,Mathematics,2013-2017,7942.9160806427735
Japan,Physics,1973-1977,13035.083333333294
Japan,Physics,1978-1982,18616.600330949183
Japan,Physics,1983-1987,25353.658785326472
Japan,Physics,1988-1992,35853.444452809024
Japan,Physics,1993-1997,47907.574802233874
Japan,Physics,1998-2002,55664.75887943734
Japan,Physics,2003-2007,57515.78401300223
Japan,Physics,2008-2012,47220.26846618835
Japan,Physics,2013-2017,38771.91816157265
Japan,Professional Fields,1973-1977,418.8499999999999
Japan,Professional Fields,1978-1982,365.3666666666665
Japan,Professional Fields,1983-1987,273.44999999999976
Japan,Professional Fields,1988-1992,390.883333333333
Japan,Professional Fields,1993-1997,446.8867424242416
Japan,Professional Fields,1998-2002,526.7904761904756
Japan,Professional Fields,2003-2007,685.6400265369298
Japan,Professional Fields,2008-2012,1206.7873618848714
Japan,Professional Fields,2013-2017,1360.1379097917666
Japan,Psychology,1973-1977,557.9166666666665
Japan,Psychology,1978-1982,736.4499999999998
Japan,Psychology,1983-1987,862.7575757575748
Japan,Psychology,1988-1992,954.1504329004318
Japan,Psychology,1993-1997,1351.5996031745992
Japan,Psychology,1998-2002,1401.7701298701277
Japan,Psychology,2003-2007,1575.1907002762568
Japan,Psychology,2008-2012,1900.704369655945
Japan,Psychology,2013-2017,2075.118161272899
Japan,Social Sciences,1973-1977,558.4333333333329
Japan,Social Sciences,1978-1982,848.4833333333329
Japan,Social Sciences,1983-1987,983.316666666666
Japan,Social Sciences,1988-1992,1083.3736263736248
Japan,Social Sciences,1993-1997,1281.4527777777737
Japan,Social Sciences,1998-2002,1584.4766233766188
Japan,Social Sciences,2003-2007,1987.0600198412644
Japan,Social Sciences,2008-2012,3046.2339111612973
Japan,Social Sciences,2013-2017,3182.5978014909565
Jordan,Arts,1978-1982,1.0
Jordan,Arts,2003-2007,1.0
Jordan,Arts,2008-2012,13.99999999999999
Jordan,Arts,2013-2017,11.30952380952379
Jordan,Biology,1973-1977,9.666666666666663
Jordan,Biology,1978-1982,31.5
Jordan,Biology,1983-1987,68.66666666666666
Jordan,Biology,1988-1992,81.19999999999997
Jordan,Biology,1993-1997,117.69999999999995
Jordan,Biology,1998-2002,200.7261904761901
Jordan,Biology,2003-2007,253.76071428571385
Jordan,Biology,2008-2012,329.72023809523745
Jordan,Biology,2013-2017,312.41627311689166
Jordan,Biomedical Research,1973-1977,6.0
Jordan,Biomedical Research,1978-1982,7.833333333333333
Jordan,Biomedical Research,1983-1987,32.24999999999999
Jordan,Biomedical Research,1988-1992,58.41666666666666
Jordan,Biomedical Research,1993-1997,67.7333333333333
Jordan,Biomedical Research,1998-2002,130.0598039215685
Jordan,Biomedical Research,2003-2007,113.93693708252515
Jordan,Biomedical Research,2008-2012,219.94614437681406
Jordan,Biomedical Research,2013-2017,253.05226773099105
Jordan,Chemistry,1973-1977,28.5
Jordan,Chemistry,1978-1982,21.333333333333332
Jordan,Chemistry,1983-1987,94.74999999999999
Jordan,Chemistry,1988-1992,182.6499999999998
Jordan,Chemistry,1993-1997,129.79166666666652
Jordan,Chemistry,1998-2002,181.3999999999997
Jordan,Chemistry,2003-2007,294.70833333333275
Jordan,Chemistry,2008-2012,407.9428571428559
Jordan,Chemistry,2013-2017,343.11277056277
Jordan,Clinical Medicine,1973-1977,7.4999999999999964
Jordan,Clinical Medicine,1978-1982,82.33333333333333
Jordan,Clinical Medicine,1983-1987,124.2833333333333
Jordan,Clinical Medicine,1988-1992,247.51111111111098
Jordan,Clinical Medicine,1993-1997,304.2709706959705
Jordan,Clinical Medicine,1998-2002,493.9058159232067
Jordan,Clinical Medicine,2003-2007,654.1103035853023
Jordan,Clinical Medicine,2008-2012,944.655600105822
Jordan,Clinical Medicine,2013-2017,1067.282652837872
Jordan,Earth and Space,1978-1982,8.66666666666666
Jordan,Earth and Space,1983-1987,28.833333333333325
Jordan,Earth and Space,1988-1992,47.12499999999998
Jordan,Earth and Space,1993-1997,72.82424242424241
Jordan,Earth and Space,1998-2002,152.09999999999985
Jordan,Earth and Space,2003-2007,208.22806447937984
Jordan,Earth and Space,2008-2012,222.48530817009043
Jordan,Earth and Space,2013-2017,310.44501468740543
Jordan,Engineering and Technology,1973-1977,7.0
Jordan,Engineering and Technology,1978-1982,29.0
Jordan,Engineering and Technology,1983-1987,71.16666666666666
Jordan,Engineering and Technology,1988-1992,175.97619047619045
Jordan,Engineering and Technology,1993-1997,248.49999999999986
Jordan,Engineering and Technology,1998-2002,486.18333333333254
Jordan,Engineering and Technology,2003-2007,621.7666666666653
Jordan,Engineering and Technology,2008-2012,848.2920634920622
Jordan,Engineering and Technology,2013-2017,1017.4613455988433
Jordan,Health,1978-1982,2.0
Jordan,Health,1983-1987,11.5
Jordan,Health,1988-1992,4.0
Jordan,Health,1993-1997,4.611111111111111
Jordan,Health,1998-2002,20.241666666666653
Jordan,Health,2003-2007,38.11666666666665
Jordan,Health,2008-2012,146.1338023088019
Jordan,Health,2013-2017,315.42446179459535
Jordan,Humanities,1973-1977,5.0
Jordan,Humanities,1978-1982,13.5
Jordan,Humanities,1983-1987,37.5
Jordan,Humanities,1988-1992,13.5
Jordan,Humanities,1993-1997,14.5
Jordan,Humanities,1998-2002,12.0
Jordan,Humanities,2003-2007,14.25
Jordan,Humanities,2008-2012,52.03333333333333
Jordan,Humanities,2013-2017,55.64285714285714
Jordan,Mathematics,1973-1977,1.0
Jordan,Mathematics,1978-1982,7.0
Jordan,Mathematics,1983-1987,26.5
Jordan,Mathematics,1988-1992,38.0
Jordan,Mathematics,1993-1997,37.61666666666666
Jordan,Mathematics,1998-2002,45.74999999999999
Jordan,Mathematics,2003-2007,162.16666666666637
Jordan,Mathematics,2008-2012,258.13333333333264
Jordan,Mathematics,2013-2017,262.33333333333263
Jordan,Physics,1973-1977,2.166666666666666
Jordan,Physics,1978-1982,14.166666666666666
Jordan,Physics,1983-1987,59.16666666666665
Jordan,Physics,1988-1992,105.99999999999989
Jordan,Physics,1993-1997,136.0166666666666
Jordan,Physics,1998-2002,165.7833333333332
Jordan,Physics,2003-2007,208.2119047619043
Jordan,Physics,2008-2012,272.9232559634451
Jordan,Physics,2013-2017,232.1159776266797
Jordan,Professional Fields,1973-1977,6.0
Jordan,Professional Fields,1978-1982,4.0
Jordan,Professional Fields,1983-1987,13.5
Jordan,Professional Fields,1988-1992,17.5
Jordan,Professional Fields,1993-1997,9.5
Jordan,Professional Fields,1998-2002,17.5
Jordan,Professional Fields,2003-2007,22.33333333333333
Jordan,Professional Fields,2008-2012,89.86111111111107
Jordan,Professional Fields,2013-2017,117.97991718426492
Jordan,Psychology,1973-1977,1.0
Jordan,Psychology,1978-1982,2.5
Jordan,Psychology,1983-1987,4.0
Jordan,Psychology,1988-1992,7.5
Jordan,Psychology,1993-1997,5.166666666666666
Jordan,Psychology,1998-2002,15.0
Jordan,Psychology,2003-2007,7.091363501922505
Jordan,Psychology,2008-2012,13.336353944562893
Jordan,Psychology,2013-2017,43.3128680959563
Jordan,Social Sciences,1973-1977,3.0
Jordan,Social Sciences,1978-1982,9.5
Jordan,Social Sciences,1983-1987,39.0
Jordan,Social Sciences,1988-1992,32.199999999999996
Jordan,Social Sciences,1993-1997,33.833333333333336
Jordan,Social Sciences,1998-2002,31.29166666666666
Jordan,Social Sciences,2003-2007,46.9361111111111
Jordan,Social Sciences,2008-2012,91.61193708252524
Jordan,Social Sciences,2013-2017,142.86584804084777
Kazakhstan,Arts,1993-1997,1.0
Kazakhstan,Arts,2013-2017,2.0
Kazakhstan,Biology,1988-1992,3.5
Kazakhstan,Biology,1993-1997,57.999999999999986
Kazakhstan,Biology,1998-2002,27.233333333333306
Kazakhstan,Biology,2003-2007,31.411904761904694
Kazakhstan,Biology,2008-2012,44.817460317460245
Kazakhstan,Biology,2013-2017,94.43918303918286
Kazakhstan,Biomedical Research,1988-1992,8.83333333333332
Kazakhstan,Biomedical Research,1993-1997,40.49444444444444
Kazakhstan,Biomedical Research,1998-2002,26.661111111111108
Kazakhstan,Biomedical Research,2003-2007,28.560317460317428
Kazakhstan,Biomedical Research,2008-2012,37.81865079365073
Kazakhstan,Biomedical Research,2013-2017,110.30756799036371
Kazakhstan,Chemistry,1988-1992,102.66666666666663
Kazakhstan,Chemistry,1993-1997,345.83333333333303
Kazakhstan,Chemistry,1998-2002,272.23333333333306
Kazakhstan,Chemistry,2003-2007,286.7666666666662
Kazakhstan,Chemistry,2008-2012,209.37063492063444
Kazakhstan,Chemistry,2013-2017,359.378708791208
Kazakhstan,Clinical Medicine,1988-1992,28.0
Kazakhstan,Clinical Medicine,1993-1997,36.10119047619046
Kazakhstan,Clinical Medicine,1998-2002,23.99567099567097
Kazakhstan,Clinical Medicine,2003-2007,34.72491397491396
Kazakhstan,Clinical Medicine,2008-2012,43.68876932886971
Kazakhstan,Clinical Medicine,2013-2017,221.04644102901278
Kazakhstan,Earth and Space,1988-1992,12.083333333333332
Kazakhstan,Earth and Space,1993-1997,68.33333333333331
Kazakhstan,Earth and Space,1998-2002,67.0718975468975
Kazakhstan,Earth and Space,2003-2007,50.00253635253629
Kazakhstan,Earth and Space,2008-2012,61.844765855059876
Kazakhstan,Earth and Space,2013-2017,164.60280920060274
Kazakhstan,Engineering and Technology,1988-1992,24.66666666666663
Kazakhstan,Engineering and Technology,1993-1997,83.24999999999999
Kazakhstan,Engineering and Technology,1998-2002,85.45833333333333
Kazakhstan,Engineering and Technology,2003-2007,80.71313131313126
Kazakhstan,Engineering and Technology,2008-2012,126.2689111613024
Kazakhstan,Engineering and Technology,2013-2017,456.08181818181674
Kazakhstan,Health,1993-1997,0.5
Kazakhstan,Health,1998-2002,0.5555555555555549
Kazakhstan,Health,2003-2007,2.588888888888887
Kazakhstan,Health,2008-2012,6.445238095238086
Kazakhstan,Health,2013-2017,30.053968253968225
Kazakhstan,Humanities,1993-1997,1.0
Kazakhstan,Humanities,1998-2002,4.0
Kazakhstan,Humanities,2003-2007,2.0
Kazakhstan,Humanities,2008-2012,13.333333333333332
Kazakhstan,Humanities,2013-2017,46.2
Kazakhstan,Mathematics,1988-1992,9.0
Kazakhstan,Mathematics,1993-1997,54.666666666666664
Kazakhstan,Mathematics,1998-2002,48.91666666666663
Kazakhstan,Mathematics,2003-2007,88.41666666666659
Kazakhstan,Mathematics,2008-2012,128.93333333333308
Kazakhstan,Mathematics,2013-2017,258.6833333333329
Kazakhstan,Physics,1988-1992,20.202631578947365
Kazakhstan,Physics,1993-1997,242.5933890226221
Kazakhstan,Physics,1998-2002,159.0304415016131
Kazakhstan,Physics,2003-2007,121.8444192819361
Kazakhstan,Physics,2008-2012,195.71242148589945
Kazakhstan,Physics,2013-2017,445.8982895434928
Kazakhstan,Professional Fields,1988-1992,1.0
Kazakhstan,Professional Fields,1993-1997,2.0
Kazakhstan,Professional Fields,1998-2002,2.0
Kazakhstan,Professional Fields,2003-2007,2.283333333333333
Kazakhstan,Professional Fields,2008-2012,12.708333333333325
Kazakhstan,Professional Fields,2013-2017,42.21086956521736
Kazakhstan,Psychology,1993-1997,0.666666666666666
Kazakhstan,Psychology,1998-2002,3.0
Kazakhstan,Psychology,2003-2007,1.5
Kazakhstan,Psychology,2008-2012,2.2
Kazakhstan,Psychology,2013-2017,10.142156862745093
Kazakhstan,Social Sciences,1993-1997,6.0
Kazakhstan,Social Sciences,1998-2002,19.03333333333333
Kazakhstan,Social Sciences,2003-2007,12.35
Kazakhstan,Social Sciences,2008-2012,79.49090909090901
Kazakhstan,Social Sciences,2013-2017,110.24841269841262
Kenya,Arts,1978-1982,5.0
Kenya,Arts,1983-1987,2.0
Kenya,Arts,1988-1992,2.0
Kenya,Arts,1998-2002,5.0
Kenya,Arts,2003-2007,2.0
Kenya,Arts,2008-2012,2.0
Kenya,Arts,2013-2017,4.166666666666666
Kenya,Biology,1973-1977,195.06666666666652
Kenya,Biology,1978-1982,353.5833333333329
Kenya,Biology,1983-1987,418.56666666666615
Kenya,Biology,1988-1992,541.3619047619039
Kenya,Biology,1993-1997,572.7480158730149
Kenya,Biology,1998-2002,546.1916666666652
Kenya,Biology,2003-2007,609.2522907647893
Kenya,Biology,2008-2012,716.3174215937307
Kenya,Biology,2013-2017,740.0055805213469
Kenya,Biomedical Research,1973-1977,121.89285714285694
Kenya,Biomedical Research,1978-1982,143.87499999999994
Kenya,Biomedical Research,1983-1987,173.76428571428548
Kenya,Biomedical Research,1988-1992,191.11904761904734
Kenya,Biomedical Research,1993-1997,184.58791486291443
Kenya,Biomedical Research,1998-2002,142.5687830687828
Kenya,Biomedical Research,2003-2007,164.80167588187356
Kenya,Biomedical Research,2008-2012,396.0432785819845
Kenya,Biomedical Research,2013-2017,553.8489630814302
Kenya,Chemistry,1973-1977,8.75
Kenya,Chemistry,1978-1982,16.416666666666664
Kenya,Chemistry,1983-1987,12.016666666666662
Kenya,Chemistry,1988-1992,9.7
Kenya,Chemistry,1993-1997,22.366666666666656
Kenya,Chemistry,1998-2002,31.883333333333315
Kenya,Chemistry,2003-2007,38.95476190476188
Kenya,Chemistry,2008-2012,48.52821067821061
Kenya,Chemistry,2013-2017,38.71495726495722
Kenya,Clinical Medicine,1973-1977,424.2452380952376
Kenya,Clinical Medicine,1978-1982,656.4535714285705
Kenya,Clinical Medicine,1983-1987,741.9523559773548
Kenya,Clinical Medicine,1988-1992,772.0857503607491
Kenya,Clinical Medicine,1993-1997,808.1263778461029
Kenya,Clinical Medicine,1998-2002,584.9991434404545
Kenya,Clinical Medicine,2003-2007,524.2748337109738
Kenya,Clinical Medicine,2008-2012,833.5232068821101
Kenya,Clinical Medicine,2013-2017,1037.0793404535234
Kenya,Earth and Space,1973-1977,20.916666666666664
Kenya,Earth and Space,1978-1982,21.86666666666666
Kenya,Earth and Space,1983-1987,31.66666666666665
Kenya,Earth and Space,1988-1992,63.52882205513782
Kenya,Earth and Space,1993-1997,70.47896825396812
Kenya,Earth and Space,1998-2002,81.58809523809501
Kenya,Earth and Space,2003-2007,92.22097069597058
Kenya,Earth and Space,2008-2012,121.61964789596342
Kenya,Earth and Space,2013-2017,236.87506869117084
Kenya,Engineering and Technology,1973-1977,11.666666666666663
Kenya,Engineering and Technology,1978-1982,19.75
Kenya,Engineering and Technology,1983-1987,13.0
Kenya,Engineering and Technology,1988-1992,32.119047619047606
Kenya,Engineering and Technology,1993-1997,42.33333333333333
Kenya,Engineering and Technology,1998-2002,26.176190476190467
Kenya,Engineering and Technology,2003-2007,28.166666666666654
Kenya,Engineering and Technology,2008-2012,35.175396825396774
Kenya,Engineering and Technology,2013-2017,94.1008870214751
Kenya,Health,1973-1977,2.333333333333333
Kenya,Health,1978-1982,8.333333333333332
Kenya,Health,1983-1987,29.16666666666666
Kenya,Health,1988-1992,15.208333333333309
Kenya,Health,1993-1997,12.983333333333324
Kenya,Health,1998-2002,24.02222222222219
Kenya,Health,2003-2007,41.996212121212054
Kenya,Health,2008-2012,155.3860292485289
Kenya,Health,2013-2017,279.13535178620896
Kenya,Humanities,1973-1977,15.083333333333334
Kenya,Humanities,1978-1982,25.0
Kenya,Humanities,1983-1987,22.09090909090909
Kenya,Humanities,1988-1992,1.5
Kenya,Humanities,1993-1997,5.833333333333333
Kenya,Humanities,1998-2002,10.0
Kenya,Humanities,2003-2007,8.7
Kenya,Humanities,2008-2012,36.44999999999999
Kenya,Humanities,2013-2017,36.70238095238093
Kenya,Mathematics,1973-1977,3.5
Kenya,Mathematics,1978-1982,16.0
Kenya,Mathematics,1983-1987,20.0
Kenya,Mathematics,1988-1992,17.75
Kenya,Mathematics,1993-1997,6.25
Kenya,Mathematics,1998-2002,4.066666666666666
Kenya,Mathematics,2003-2007,1.75
Kenya,Mathematics,2008-2012,4.56666666666666
Kenya,Mathematics,2013-2017,16.973015873015846
Kenya,Physics,1973-1977,8.5
Kenya,Physics,1978-1982,13.0
Kenya,Physics,1983-1987,7.83333333333333
Kenya,Physics,1988-1992,13.916666666666666
Kenya,Physics,1993-1997,12.61666666666666
Kenya,Physics,1998-2002,16.91666666666665
Kenya,Physics,2003-2007,16.366666666666653
Kenya,Physics,2008-2012,30.55952380952376
Kenya,Physics,2013-2017,27.502813852813816
Kenya,Professional Fields,1973-1977,12.0
Kenya,Professional Fields,1978-1982,19.0
Kenya,Professional Fields,1983-1987,18.83333333333333
Kenya,Professional Fields,1988-1992,18.5
Kenya,Professional Fields,1993-1997,14.5
Kenya,Professional Fields,1998-2002,14.2
Kenya,Professional Fields,2003-2007,29.05873015873015
Kenya,Professional Fields,2008-2012,66.52738095238092
Kenya,Professional Fields,2013-2017,84.90582010581996
Kenya,Psychology,1973-1977,4.5
Kenya,Psychology,1978-1982,5.0
Kenya,Psychology,1983-1987,14.166666666666643
Kenya,Psychology,1988-1992,13.616666666666646
Kenya,Psychology,1993-1997,12.916666666666659
Kenya,Psychology,1998-2002,10.345238095238086
Kenya,Psychology,2003-2007,15.996428571428547
Kenya,Psychology,2008-2012,16.652380952380916
Kenya,Psychology,2013-2017,31.670883100885238
Kenya,Social Sciences,1973-1977,38.916666666666664
Kenya,Social Sciences,1978-1982,65.69444444444443
Kenya,Social Sciences,1983-1987,54.499999999999986
Kenya,Social Sciences,1988-1992,59.73333333333331
Kenya,Social Sciences,1993-1997,75.44999999999996
Kenya,Social Sciences,1998-2002,104.85833333333316
Kenya,Social Sciences,2003-2007,89.0047619047618
Kenya,Social Sciences,2008-2012,174.50168067226846
Kenya,Social Sciences,2013-2017,240.49239232989166
Kiribati,Biology,2013-2017,1.1999999999999988
Kiribati,Biomedical Research,2008-2012,0.0833333333333333
Kiribati,Biomedical Research,2013-2017,0.188034188034188
Kiribati,Clinical Medicine,1983-1987,0.333333333333333
Kiribati,Clinical Medicine,2013-2017,2.583333333333332
Kiribati,Earth and Space,1983-1987,0.5
Kiribati,Earth and Space,2003-2007,0.6959706959706958
Kiribati,Earth and Space,2013-2017,0.6768115942028982
Kiribati,Engineering and Technology,2013-2017,0.666666666666666
Kiribati,Health,2003-2007,0.25
Kiribati,Health,2013-2017,0.285714285714285
Kiribati,Professional Fields,1983-1987,1.0
Kiribati,Professional Fields,1988-1992,0.5
Kiribati,Social Sciences,1993-1997,0.333333333333333
Kiribati,Social Sciences,2013-2017,0.521825396825395
Kuwait,Arts,2003-2007,1.0
Kuwait,Arts,2008-2012,3.833333333333333
Kuwait,Arts,2013-2017,3.333333333333333
Kuwait,Biology,1973-1977,13.83333333333333
Kuwait,Biology,1978-1982,32.08333333333333
Kuwait,Biology,1983-1987,42.749999999999986
Kuwait,Biology,1988-1992,84.24999999999999
Kuwait,Biology,1993-1997,65.41666666666666
Kuwait,Biology,1998-2002,84.73333333333332
Kuwait,Biology,2003-2007,68.01666666666662
Kuwait,Biology,2008-2012,78.38452380952376
Kuwait,Biology,2013-2017,100.47898890325348
Kuwait,Biomedical Research,1973-1977,5.833333333333333
Kuwait,Biomedical Research,1978-1982,55.499999999999986
Kuwait,Biomedical Research,1983-1987,137.76666666666662
Kuwait,Biomedical Research,1988-1992,179.92499999999987
Kuwait,Biomedical Research,1993-1997,129.12681159420265
Kuwait,Biomedical Research,1998-2002,247.20579004328974
Kuwait,Biomedical Research,2003-2007,232.1949364361124
Kuwait,Biomedical Research,2008-2012,259.3157761421931
Kuwait,Biomedical Research,2013-2017,249.50264227525656
Kuwait,Chemistry,1973-1977,61.66666666666666
Kuwait,Chemistry,1978-1982,105.66666666666666
Kuwait,Chemistry,1983-1987,121.83333333333331
Kuwait,Chemistry,1988-1992,115.99999999999999
Kuwait,Chemistry,1993-1997,132.33333333333312
Kuwait,Chemistry,1998-2002,145.98333333333318
Kuwait,Chemistry,2003-2007,170.34444444444426
Kuwait,Chemistry,2008-2012,178.07619047619
Kuwait,Chemistry,2013-2017,142.04054834054807
Kuwait,Clinical Medicine,1973-1977,74.99999999999997
Kuwait,Clinical Medicine,1978-1982,184.49999999999997
Kuwait,Clinical Medicine,1983-1987,472.1520202020199
Kuwait,Clinical Medicine,1988-1992,589.9587301587296
Kuwait,Clinical Medicine,1993-1997,339.7650849150848
Kuwait,Clinical Medicine,1998-2002,732.814285714285
Kuwait,Clinical Medicine,2003-2007,817.3629545892694
Kuwait,Clinical Medicine,2008-2012,925.2349220370261
Kuwait,Clinical Medicine,2013-2017,729.3699916511747
Kuwait,Earth and Space,1973-1977,0.5
Kuwait,Earth and Space,1978-1982,25.5
Kuwait,Earth and Space,1983-1987,113.99999999999993
Kuwait,Earth and Space,1988-1992,140.99999999999994
Kuwait,Earth and Space,1993-1997,159.23333333333312
Kuwait,Earth and Space,1998-2002,115.44999999999979
Kuwait,Earth and Space,2003-2007,92.73596491228051
Kuwait,Earth and Space,2008-2012,102.57983405483367
Kuwait,Earth and Space,2013-2017,128.08936293175395
Kuwait,Engineering and Technology,1973-1977,15.833333333333332
Kuwait,Engineering and Technology,1978-1982,78.24999999999999
Kuwait,Engineering and Technology,1983-1987,213.15476190476184
Kuwait,Engineering and Technology,1988-1992,317.7499999999998
Kuwait,Engineering and Technology,1993-1997,457.5833333333328
Kuwait,Engineering and Technology,1998-2002,545.8333333333325
Kuwait,Engineering and Technology,2003-2007,458.66666666666566
Kuwait,Engineering and Technology,2008-2012,530.1527777777765
Kuwait,Engineering and Technology,2013-2017,564.0718253968238
Kuwait,Health,1973-1977,1.0
Kuwait,Health,1978-1982,0.833333333333333
Kuwait,Health,1983-1987,2.5
Kuwait,Health,1988-1992,9.16666666666666
Kuwait,Health,1993-1997,8.16666666666666
Kuwait,Health,1998-2002,18.199999999999996
Kuwait,Health,2003-2007,29.60833333333331
Kuwait,Health,2008-2012,39.3333333333333
Kuwait,Health,2013-2017,42.60596087843584
Kuwait,Humanities,1978-1982,3.5
Kuwait,Humanities,1983-1987,6.0
Kuwait,Humanities,1988-1992,12.0
Kuwait,Humanities,1993-1997,14.0
Kuwait,Humanities,1998-2002,11.0
Kuwait,Humanities,2003-2007,9.0
Kuwait,Humanities,2008-2012,27.166666666666664
Kuwait,Humanities,2013-2017,25.5
Kuwait,Mathematics,1973-1977,5.5
Kuwait,Mathematics,1978-1982,28.333333333333332
Kuwait,Mathematics,1983-1987,76.91666666666666
Kuwait,Mathematics,1988-1992,83.16666666666659
Kuwait,Mathematics,1993-1997,60.83333333333327
Kuwait,Mathematics,1998-2002,109.7499999999999
Kuwait,Mathematics,2003-2007,83.66666666666661
Kuwait,Mathematics,2008-2012,105.36666666666642
Kuwait,Mathematics,2013-2017,131.38333333333304
Kuwait,Physics,1973-1977,10.03333333333333
Kuwait,Physics,1978-1982,29.58333333333331
Kuwait,Physics,1983-1987,52.999999999999964
Kuwait,Physics,1988-1992,56.16666666666666
Kuwait,Physics,1993-1997,59.74999999999997
Kuwait,Physics,1998-2002,74.0833333333333
Kuwait,Physics,2003-2007,56.409523809523776
Kuwait,Physics,2008-2012,76.89999999999993
Kuwait,Physics,2013-2017,100.9992063492062
Kuwait,Professional Fields,1973-1977,4.5
Kuwait,Professional Fields,1978-1982,26.5
Kuwait,Professional Fields,1983-1987,21.0
Kuwait,Professional Fields,1988-1992,20.53333333333333
Kuwait,Professional Fields,1993-1997,15.74999999999999
Kuwait,Professional Fields,1998-2002,42.249999999999986
Kuwait,Professional Fields,2003-2007,39.33333333333332
Kuwait,Professional Fields,2008-2012,65.86666666666662
Kuwait,Professional Fields,2013-2017,105.71532887402435
Kuwait,Psychology,1973-1977,1.0
Kuwait,Psychology,1978-1982,6.333333333333333
Kuwait,Psychology,1983-1987,6.75
Kuwait,Psychology,1988-1992,13.33333333333333
Kuwait,Psychology,1993-1997,19.08333333333333
Kuwait,Psychology,1998-2002,29.58333333333333
Kuwait,Psychology,2003-2007,66.18115942028975
Kuwait,Psychology,2008-2012,26.04166666666665
Kuwait,Psychology,2013-2017,14.798779461279459
Kuwait,Social Sciences,1973-1977,8.333333333333332
Kuwait,Social Sciences,1978-1982,12.833333333333332
Kuwait,Social Sciences,1983-1987,13.5
Kuwait,Social Sciences,1988-1992,24.83333333333333
Kuwait,Social Sciences,1993-1997,27.166666666666664
Kuwait,Social Sciences,1998-2002,18.7
Kuwait,Social Sciences,2003-2007,28.66666666666666
Kuwait,Social Sciences,2008-2012,36.007575757575744
Kuwait,Social Sciences,2013-2017,61.03333333333324
Kyrgyzstan,Biology,1993-1997,4.333333333333333
Kyrgyzstan,Biology,1998-2002,1.5
Kyrgyzstan,Biology,2003-2007,3.166666666666666
Kyrgyzstan,Biology,2008-2012,8.439682539682536
Kyrgyzstan,Biology,2013-2017,25.102380952380887
Kyrgyzstan,Biomedical Research,1988-1992,0.333333333333333
Kyrgyzstan,Biomedical Research,1993-1997,17.98333333333333
Kyrgyzstan,Biomedical Research,1998-2002,4.083333333333333
Kyrgyzstan,Biomedical Research,2003-2007,3.199999999999998
Kyrgyzstan,Biomedical Research,2008-2012,10.183333333333325
Kyrgyzstan,Biomedical Research,2013-2017,12.285492457210339
Kyrgyzstan,Chemistry,1988-1992,6.0
Kyrgyzstan,Chemistry,1993-1997,15.666666666666654
Kyrgyzstan,Chemistry,1998-2002,11.166666666666666
Kyrgyzstan,Chemistry,2003-2007,8.149999999999999
Kyrgyzstan,Chemistry,2008-2012,11.909523809523797
Kyrgyzstan,Chemistry,2013-2017,9.79682539682538
Kyrgyzstan,Clinical Medicine,1988-1992,5.0
Kyrgyzstan,Clinical Medicine,1993-1997,23.89285714285714
Kyrgyzstan,Clinical Medicine,1998-2002,7.714285714285706
Kyrgyzstan,Clinical Medicine,2003-2007,18.079304029304023
Kyrgyzstan,Clinical Medicine,2008-2012,35.05442288864145
Kyrgyzstan,Clinical Medicine,2013-2017,49.30537985756208
Kyrgyzstan,Earth and Space,1988-1992,1.0
Kyrgyzstan,Earth and Space,1993-1997,12.74999999999999
Kyrgyzstan,Earth and Space,1998-2002,32.70555555555543
Kyrgyzstan,Earth and Space,2003-2007,29.5706349206349
Kyrgyzstan,Earth and Space,2008-2012,30.791941391941332
Kyrgyzstan,Earth and Space,2013-2017,50.60327450327443
Kyrgyzstan,Engineering and Technology,1988-1992,3.0
Kyrgyzstan,Engineering and Technology,1993-1997,9.291666666666666
Kyrgyzstan,Engineering and Technology,1998-2002,8.95
Kyrgyzstan,Engineering and Technology,2003-2007,14.116666666666665
Kyrgyzstan,Engineering and Technology,2008-2012,19.467857142857127
Kyrgyzstan,Engineering and Technology,2013-2017,15.109523809523804
Kyrgyzstan,Health,1998-2002,1.0
Kyrgyzstan,Health,2003-2007,0.5555555555555545
Kyrgyzstan,Health,2008-2012,3.130158730158728
Kyrgyzstan,Health,2013-2017,2.754761904761902
Kyrgyzstan,Humanities,1993-1997,3.0
Kyrgyzstan,Humanities,2008-2012,2.0
Kyrgyzstan,Humanities,2013-2017,5.0
Kyrgyzstan,Mathematics,1993-1997,3.0
Kyrgyzstan,Mathematics,1998-2002,2.0
Kyrgyzstan,Mathematics,2003-2007,6.0
Kyrgyzstan,Mathematics,2008-2012,6.392857142857142
Kyrgyzstan,Mathematics,2013-2017,13.083333333333325
Kyrgyzstan,Physics,1988-1992,1.0
Kyrgyzstan,Physics,1993-1997,24.25
Kyrgyzstan,Physics,1998-2002,52.3428571428571
Kyrgyzstan,Physics,2003-2007,35.2333333333333
Kyrgyzstan,Physics,2008-2012,27.60952380952377
Kyrgyzstan,Physics,2013-2017,20.749999999999968
Kyrgyzstan,Professional Fields,2003-2007,2.5
Kyrgyzstan,Professional Fields,2008-2012,2.766666666666665
Kyrgyzstan,Professional Fields,2013-2017,2.5
Kyrgyzstan,Psychology,1988-1992,1.0
Kyrgyzstan,Psychology,1993-1997,1.0
Kyrgyzstan,Psychology,2008-2012,1.166666666666666
Kyrgyzstan,Psychology,2013-2017,4.726190476190471
Kyrgyzstan,Social Sciences,1993-1997,2.0
Kyrgyzstan,Social Sciences,1998-2002,8.949999999999998
Kyrgyzstan,Social Sciences,2003-2007,8.666666666666666
Kyrgyzstan,Social Sciences,2008-2012,7.866666666666665
Kyrgyzstan,Social Sciences,2013-2017,18.200457071815112
Laos,Arts,2008-2012,0.5
Laos,Arts,2013-2017,0.333333333333333
Laos,Biology,1983-1987,1.0
Laos,Biology,1988-1992,2.33333333333333
Laos,Biology,1993-1997,2.833333333333333
Laos,Biology,1998-2002,11.588888888888876
Laos,Biology,2003-2007,21.733669108669087
Laos,Biology,2008-2012,43.36188034188027
Laos,Biology,2013-2017,51.74753165741061
Laos,Biomedical Research,1993-1997,0.5
Laos,Biomedical Research,1998-2002,1.559523809523808
Laos,Biomedical Research,2003-2007,4.81336996336996
Laos,Biomedical Research,2008-2012,19.9290188855978
Laos,Biomedical Research,2013-2017,37.694298475494236
Laos,Chemistry,1988-1992,0.45
Laos,Chemistry,1993-1997,0.4
Laos,Chemistry,2003-2007,1.0
Laos,Chemistry,2008-2012,1.6999999999999988
Laos,Chemistry,2013-2017,1.066666666666666
Laos,Clinical Medicine,1973-1977,1.0
Laos,Clinical Medicine,1978-1982,2.333333333333333
Laos,Clinical Medicine,1988-1992,0.833333333333333
Laos,Clinical Medicine,1993-1997,1.25
Laos,Clinical Medicine,1998-2002,8.149999999999993
Laos,Clinical Medicine,2003-2007,32.68066378066373
Laos,Clinical Medicine,2008-2012,67.09915223665216
Laos,Clinical Medicine,2013-2017,87.47382133030501
Laos,Earth and Space,1983-1987,0.5
Laos,Earth and Space,1993-1997,0.666666666666666
Laos,Earth and Space,1998-2002,1.5
Laos,Earth and Space,2003-2007,9.977777777777758
Laos,Earth and Space,2008-2012,13.056746031746009
Laos,Earth and Space,2013-2017,34.11601731601726
Laos,Engineering and Technology,1988-1992,0.5
Laos,Engineering and Technology,2008-2012,3.583333333333331
Laos,Engineering and Technology,2013-2017,5.128571428571426
Laos,Health,1998-2002,3.333333333333333
Laos,Health,2003-2007,4.316666666666666
Laos,Health,2008-2012,11.969047619047606
Laos,Health,2013-2017,21.085736975442835
Laos,Mathematics,2008-2012,0.2
Laos,Mathematics,2013-2017,0.111111111111111
Laos,Physics,1998-2002,0.25
Laos,Physics,2003-2007,0.333333333333332
Laos,Physics,2008-2012,1.166666666666666
Laos,Physics,2013-2017,0.333333333333333
Laos,Professional Fields,2008-2012,2.666666666666666
Laos,Professional Fields,2013-2017,4.333333333333332
Laos,Psychology,1993-1997,0.4
Laos,Psychology,1998-2002,1.0
Laos,Psychology,2013-2017,0.952380952380951
Laos,Social Sciences,1988-1992,0.25
Laos,Social Sciences,2003-2007,1.642857142857142
Laos,Social Sciences,2008-2012,12.599999999999982
Laos,Social Sciences,2013-2017,21.861706349206322
Latvia,Arts,1993-1997,0.5
Latvia,Arts,1998-2002,2.0
Latvia,Arts,2008-2012,7.5
Latvia,Arts,2013-2017,7.333333333333333
Latvia,Biology,1988-1992,1.0
Latvia,Biology,1993-1997,24.5
Latvia,Biology,1998-2002,54.85952380952379
Latvia,Biology,2003-2007,43.77247474747469
Latvia,Biology,2008-2012,89.65624284320285
Latvia,Biology,2013-2017,223.61313231160608
Latvia,Biomedical Research,1988-1992,5.5
Latvia,Biomedical Research,1993-1997,92.36666666666659
Latvia,Biomedical Research,1998-2002,102.92515793385341
Latvia,Biomedical Research,2003-2007,97.60418267369472
Latvia,Biomedical Research,2008-2012,103.3520224462797
Latvia,Biomedical Research,2013-2017,178.75873711652363
Latvia,Chemistry,1988-1992,119.49999999999993
Latvia,Chemistry,1993-1997,378.4999999999994
Latvia,Chemistry,1998-2002,346.24999999999943
Latvia,Chemistry,2003-2007,280.0261904761899
Latvia,Chemistry,2008-2012,259.2499999999994
Latvia,Chemistry,2013-2017,381.2309523809515
Latvia,Clinical Medicine,1988-1992,29.78333333333333
Latvia,Clinical Medicine,1993-1997,54.84700271479928
Latvia,Clinical Medicine,1998-2002,90.94542581601397
Latvia,Clinical Medicine,2003-2007,94.18940401703544
Latvia,Clinical Medicine,2008-2012,189.86046694945406
Latvia,Clinical Medicine,2013-2017,266.2663170177004
Latvia,Earth and Space,1988-1992,1.833333333333333
Latvia,Earth and Space,1993-1997,40.23333333333332
Latvia,Earth and Space,1998-2002,41.61515151515148
Latvia,Earth and Space,2003-2007,32.507532467532414
Latvia,Earth and Space,2008-2012,71.13755223534622
Latvia,Earth and Space,2013-2017,115.25732344413102
Latvia,Engineering and Technology,1988-1992,14.49999999999999
Latvia,Engineering and Technology,1993-1997,174.23333333333312
Latvia,Engineering and Technology,1998-2002,238.24999999999955
Latvia,Engineering and Technology,2003-2007,182.10476190476152
Latvia,Engineering and Technology,2008-2012,471.9265873015865
Latvia,Engineering and Technology,2013-2017,403.04065030854747
Latvia,Health,1993-1997,2.0
Latvia,Health,1998-2002,1.1666666666666639
Latvia,Health,2003-2007,8.549999999999999
Latvia,Health,2008-2012,5.346464646464644
Latvia,Health,2013-2017,15.4303011316169
Latvia,Humanities,1993-1997,5.0
Latvia,Humanities,1998-2002,4.0
Latvia,Humanities,2003-2007,3.0
Latvia,Humanities,2008-2012,11.833333333333332
Latvia,Humanities,2013-2017,21.91666666666666
Latvia,Mathematics,1988-1992,3.0
Latvia,Mathematics,1993-1997,20.33333333333333
Latvia,Mathematics,1998-2002,28.333333333333332
Latvia,Mathematics,2003-2007,34.66666666666666
Latvia,Mathematics,2008-2012,75.41666666666666
Latvia,Mathematics,2013-2017,69.72619047619035
Latvia,Physics,1988-1992,24.33333333333323
Latvia,Physics,1993-1997,262.982514707514
Latvia,Physics,1998-2002,257.77342379842304
Latvia,Physics,2003-2007,224.2610250860246
Latvia,Physics,2008-2012,309.69768744327473
Latvia,Physics,2013-2017,283.00561057470486
Latvia,Professional Fields,1993-1997,5.1666666666666625
Latvia,Professional Fields,1998-2002,1.166666666666666
Latvia,Professional Fields,2003-2007,5.666666666666665
Latvia,Professional Fields,2008-2012,22.181901431901412
Latvia,Professional Fields,2013-2017,33.6322370865849
Latvia,Psychology,1993-1997,4.5
Latvia,Psychology,1998-2002,4.0
Latvia,Psychology,2003-2007,2.211394557823129
Latvia,Psychology,2008-2012,4.607782515991464
Latvia,Psychology,2013-2017,10.293048128342244
Latvia,Social Sciences,1988-1992,4.0
Latvia,Social Sciences,1993-1997,13.99999999999999
Latvia,Social Sciences,1998-2002,10.666666666666655
Latvia,Social Sciences,2003-2007,27.53333333333333
Latvia,Social Sciences,2008-2012,80.74999999999993
Latvia,Social Sciences,2013-2017,81.40762244291652
Lesotho,Biology,1978-1982,3.0
Lesotho,Biology,1983-1987,7.0
Lesotho,Biology,1988-1992,4.611111111111111
Lesotho,Biology,1993-1997,5.666666666666666
Lesotho,Biology,1998-2002,8.2
Lesotho,Biology,2003-2007,0.333333333333333
Lesotho,Biology,2008-2012,6.133333333333329
Lesotho,Biology,2013-2017,4.776923076923073
Lesotho,Biomedical Research,1973-1977,4.833333333333333
Lesotho,Biomedical Research,1978-1982,0.333333333333333
Lesotho,Biomedical Research,1988-1992,0.5
Lesotho,Biomedical Research,1998-2002,1.5
Lesotho,Biomedical Research,2003-2007,0.583333333333333
Lesotho,Biomedical Research,2008-2012,5.483333333333326
Lesotho,Biomedical Research,2013-2017,3.8666666666666663
Lesotho,Chemistry,1973-1977,3.0
Lesotho,Chemistry,1978-1982,5.0
Lesotho,Chemistry,1983-1987,2.0
Lesotho,Chemistry,1988-1992,1.0
Lesotho,Chemistry,1993-1997,2.833333333333333
Lesotho,Chemistry,1998-2002,1.0
Lesotho,Chemistry,2003-2007,2.5
Lesotho,Chemistry,2008-2012,3.416666666666666
Lesotho,Chemistry,2013-2017,6.499999999999996
Lesotho,Clinical Medicine,1973-1977,4.5
Lesotho,Clinical Medicine,1978-1982,3.166666666666663
Lesotho,Clinical Medicine,1983-1987,8.866666666666665
Lesotho,Clinical Medicine,1988-1992,4.966666666666666
Lesotho,Clinical Medicine,1993-1997,5.199999999999998
Lesotho,Clinical Medicine,1998-2002,1.5352564102564088
Lesotho,Clinical Medicine,2003-2007,2.226190476190475
Lesotho,Clinical Medicine,2008-2012,7.691269841269834
Lesotho,Clinical Medicine,2013-2017,12.678318034040906
Lesotho,Earth and Space,1973-1977,2.0
Lesotho,Earth and Space,1978-1982,0.333333333333333
Lesotho,Earth and Space,1983-1987,4.0
Lesotho,Earth and Space,1988-1992,1.5
Lesotho,Earth and Space,1998-2002,0.75
Lesotho,Earth and Space,2003-2007,1.6916666666666658
Lesotho,Earth and Space,2008-2012,2.083333333333333
Lesotho,Earth and Space,2013-2017,2.999999999999993
Lesotho,Engineering and Technology,1983-1987,2.0
Lesotho,Engineering and Technology,1988-1992,10.0
Lesotho,Engineering and Technology,1993-1997,4.5
Lesotho,Engineering and Technology,1998-2002,2.333333333333333
Lesotho,Engineering and Technology,2003-2007,2.2
Lesotho,Engineering and Technology,2008-2012,5.499999999999986
Lesotho,Engineering and Technology,2013-2017,1.333333333333333
Lesotho,Health,1988-1992,0.2
Lesotho,Health,1993-1997,0.65
Lesotho,Health,2003-2007,1.278571428571426
Lesotho,Health,2008-2012,4.238095238095232
Lesotho,Health,2013-2017,6.628571428571421
Lesotho,Humanities,1978-1982,1.0
Lesotho,Humanities,1983-1987,3.0
Lesotho,Humanities,1988-1992,6.0
Lesotho,Humanities,1993-1997,1.0
Lesotho,Humanities,1998-2002,0.5
Lesotho,Humanities,2003-2007,3.5
Lesotho,Humanities,2008-2012,2.5
Lesotho,Humanities,2013-2017,10.0
Lesotho,Mathematics,1978-1982,0.333333333333333
Lesotho,Mathematics,1983-1987,5.0
Lesotho,Mathematics,1988-1992,3.0
Lesotho,Mathematics,1993-1997,3.0
Lesotho,Mathematics,2003-2007,0.5
Lesotho,Mathematics,2008-2012,2.75
Lesotho,Mathematics,2013-2017,1.5
Lesotho,Physics,1973-1977,1.0
Lesotho,Physics,1983-1987,3.0
Lesotho,Physics,1988-1992,0.5
Lesotho,Physics,1998-2002,0.25
Lesotho,Physics,2003-2007,3.499999999999996
Lesotho,Physics,2008-2012,1.476190476190475
Lesotho,Physics,2013-2017,2.3333333333333317
Lesotho,Professional Fields,1973-1977,1.0
Lesotho,Professional Fields,1978-1982,2.5
Lesotho,Professional Fields,1983-1987,2.0
Lesotho,Professional Fields,1988-1992,1.0
Lesotho,Professional Fields,1993-1997,1.5
Lesotho,Professional Fields,1998-2002,2.0
Lesotho,Professional Fields,2003-2007,0.75
Lesotho,Professional Fields,2008-2012,4.666666666666666
Lesotho,Professional Fields,2013-2017,5.833333333333333
Lesotho,Psychology,1993-1997,1.5
Lesotho,Psychology,2008-2012,0.5
Lesotho,Social Sciences,1973-1977,4.0
Lesotho,Social Sciences,1978-1982,4.0
Lesotho,Social Sciences,1983-1987,8.5
Lesotho,Social Sciences,1988-1992,4.5
Lesotho,Social Sciences,1993-1997,4.333333333333333
Lesotho,Social Sciences,1998-2002,4.5
Lesotho,Social Sciences,2003-2007,5.142857142857142
Lesotho,Social Sciences,2008-2012,7.0
Lesotho,Social Sciences,2013-2017,9.499999999999998
Libya,Arts,1973-1977,1.0
Libya,Arts,2013-2017,0.25
Libya,Biology,1973-1977,10.25
Libya,Biology,1978-1982,27.0
Libya,Biology,1983-1987,27.24999999999999
Libya,Biology,1988-1992,11.833333333333323
Libya,Biology,1993-1997,12.5
Libya,Biology,1998-2002,8.583333333333332
Libya,Biology,2003-2007,11.583333333333332
Libya,Biology,2008-2012,22.65162337662336
Libya,Biology,2013-2017,35.6806354213174
Libya,Biomedical Research,1973-1977,3.0
Libya,Biomedical Research,1978-1982,12.666666666666659
Libya,Biomedical Research,1983-1987,17.833333333333332
Libya,Biomedical Research,1988-1992,9.0
Libya,Biomedical Research,1993-1997,7.5
Libya,Biomedical Research,1998-2002,11.565476190476188
Libya,Biomedical Research,2003-2007,16.033333333333324
Libya,Biomedical Research,2008-2012,28.34957819957815
Libya,Biomedical Research,2013-2017,35.209160822073564
Libya,Chemistry,1973-1977,11.5
Libya,Chemistry,1978-1982,23.166666666666664
Libya,Chemistry,1983-1987,33.83333333333333
Libya,Chemistry,1988-1992,44.16666666666664
Libya,Chemistry,1993-1997,22.166666666666657
Libya,Chemistry,1998-2002,15.083333333333332
Libya,Chemistry,2003-2007,42.30952380952378
Libya,Chemistry,2008-2012,66.81666666666653
Libya,Chemistry,2013-2017,44.22023809523801
Libya,Clinical Medicine,1973-1977,13.0
Libya,Clinical Medicine,1978-1982,48.166666666666664
Libya,Clinical Medicine,1983-1987,86.33333333333333
Libya,Clinical Medicine,1988-1992,107.41666666666666
Libya,Clinical Medicine,1993-1997,64.87619047619046
Libya,Clinical Medicine,1998-2002,71.23452380952378
Libya,Clinical Medicine,2003-2007,51.444047619047595
Libya,Clinical Medicine,2008-2012,135.1577390001301
Libya,Clinical Medicine,2013-2017,115.65867401715117
Libya,Earth and Space,1973-1977,1.333333333333333
Libya,Earth and Space,1978-1982,9.333333333333332
Libya,Earth and Space,1983-1987,15.666666666666666
Libya,Earth and Space,1988-1992,9.2
Libya,Earth and Space,1993-1997,7.533333333333332
Libya,Earth and Space,1998-2002,14.416666666666663
Libya,Earth and Space,2003-2007,14.211904761904751
Libya,Earth and Space,2008-2012,22.275793650793595
Libya,Earth and Space,2013-2017,42.73956416421346
Libya,Engineering and Technology,1973-1977,18.166666666666664
Libya,Engineering and Technology,1978-1982,58.83333333333333
Libya,Engineering and Technology,1983-1987,42.83333333333333
Libya,Engineering and Technology,1988-1992,29.666666666666664
Libya,Engineering and Technology,1993-1997,23.33333333333332
Libya,Engineering and Technology,1998-2002,40.99999999999999
Libya,Engineering and Technology,2003-2007,94.61666666666655
Libya,Engineering and Technology,2008-2012,61.49285714285706
Libya,Engineering and Technology,2013-2017,93.78333333333316
Libya,Health,1983-1987,1.5
Libya,Health,1993-1997,3.0
Libya,Health,1998-2002,0.2
Libya,Health,2003-2007,1.0
Libya,Health,2008-2012,2.2
Libya,Health,2013-2017,8.549146451033224
Libya,Humanities,1973-1977,1.0
Libya,Humanities,1978-1982,1.0
Libya,Humanities,1983-1987,1.0
Libya,Humanities,1988-1992,2.0
Libya,Humanities,2008-2012,0.5
Libya,Humanities,2013-2017,0.25
Libya,Mathematics,1973-1977,4.5
Libya,Mathematics,1978-1982,18.0
Libya,Mathematics,1983-1987,16.83333333333333
Libya,Mathematics,1988-1992,7.666666666666666
Libya,Mathematics,1993-1997,6.0
Libya,Mathematics,2003-2007,4.583333333333333
Libya,Mathematics,2008-2012,12.666666666666666
Libya,Mathematics,2013-2017,8.58333333333333
Libya,Physics,1973-1977,14.49999999999999
Libya,Physics,1978-1982,34.66666666666666
Libya,Physics,1983-1987,21.916666666666654
Libya,Physics,1988-1992,26.83333333333332
Libya,Physics,1993-1997,16.233333333333313
Libya,Physics,1998-2002,6.792857142857141
Libya,Physics,2003-2007,7.833333333333325
Libya,Physics,2008-2012,12.949999999999992
Libya,Physics,2013-2017,19.899999999999974
Libya,Professional Fields,1973-1977,1.0
Libya,Professional Fields,1978-1982,3.5
Libya,Professional Fields,1983-1987,4.5
Libya,Professional Fields,1988-1992,3.333333333333333
Libya,Professional Fields,1993-1997,1.5
Libya,Professional Fields,1998-2002,0.666666666666666
Libya,Professional Fields,2003-2007,1.166666666666666
Libya,Professional Fields,2008-2012,1.0
Libya,Professional Fields,2013-2017,4.010869565217391
Libya,Psychology,1983-1987,2.0
Libya,Psychology,2003-2007,1.2
Libya,Psychology,2008-2012,5.833333333333333
Libya,Psychology,2013-2017,2.266666666666666
Libya,Social Sciences,1973-1977,3.5
Libya,Social Sciences,1978-1982,3.5
Libya,Social Sciences,1983-1987,4.833333333333333
Libya,Social Sciences,1993-1997,2.5
Libya,Social Sciences,2003-2007,1.83333333333333
Libya,Social Sciences,2008-2012,4.276923076923076
Libya,Social Sciences,2013-2017,6.866666666666666
Liechtenstein,Arts,2008-2012,1.0
Liechtenstein,Arts,2013-2017,7.0
Liechtenstein,Biology,1988-1992,0.47619047619047494
Liechtenstein,Biology,1993-1997,1.0
Liechtenstein,Biology,1998-2002,1.0
Liechtenstein,Biology,2003-2007,0.333333333333333
Liechtenstein,Biology,2008-2012,3.940909090909084
Liechtenstein,Biology,2013-2017,4.833333333333333
Liechtenstein,Biomedical Research,1973-1977,1.0
Liechtenstein,Biomedical Research,1983-1987,0.5
Liechtenstein,Biomedical Research,1988-1992,2.999999999999999
Liechtenstein,Biomedical Research,1993-1997,0.5
Liechtenstein,Biomedical Research,1998-2002,1.5
Liechtenstein,Biomedical Research,2003-2007,2.866666666666665
Liechtenstein,Biomedical Research,2008-2012,3.392857142857142
Liechtenstein,Biomedical Research,2013-2017,6.341319759052315
Liechtenstein,Chemistry,1973-1977,3.0
Liechtenstein,Chemistry,1988-1992,1.0
Liechtenstein,Chemistry,1993-1997,16.666666666666664
Liechtenstein,Chemistry,1998-2002,18.0
Liechtenstein,Chemistry,2003-2007,12.249999999999993
Liechtenstein,Chemistry,2008-2012,14.566666666666649
Liechtenstein,Chemistry,2013-2017,22.049999999999983
Liechtenstein,Clinical Medicine,1988-1992,2.0
Liechtenstein,Clinical Medicine,1993-1997,3.166666666666666
Liechtenstein,Clinical Medicine,1998-2002,3.433333333333333
Liechtenstein,Clinical Medicine,2003-2007,22.361111111111093
Liechtenstein,Clinical Medicine,2008-2012,33.72212301587299
Liechtenstein,Clinical Medicine,2013-2017,28.125676628522886
Liechtenstein,Earth and Space,1988-1992,1.0
Liechtenstein,Earth and Space,1993-1997,0.7
Liechtenstein,Earth and Space,2003-2007,0.666666666666666
Liechtenstein,Earth and Space,2008-2012,2.876190476190476
Liechtenstein,Earth and Space,2013-2017,1.1
Liechtenstein,Engineering and Technology,1973-1977,4.25
Liechtenstein,Engineering and Technology,1978-1982,4.0
Liechtenstein,Engineering and Technology,1983-1987,7.0
Liechtenstein,Engineering and Technology,1988-1992,14.833333333333332
Liechtenstein,Engineering and Technology,1993-1997,27.499999999999986
Liechtenstein,Engineering and Technology,1998-2002,24.666666666666657
Liechtenstein,Engineering and Technology,2003-2007,33.87619047619046
Liechtenstein,Engineering and Technology,2008-2012,23.745238095238054
Liechtenstein,Engineering and Technology,2013-2017,32.61071428571424
Liechtenstein,Health,1993-1997,1.0
Liechtenstein,Health,1998-2002,1.0
Liechtenstein,Health,2013-2017,1.119047619047618
Liechtenstein,Humanities,1988-1992,2.5
Liechtenstein,Humanities,1993-1997,2.5
Liechtenstein,Humanities,2003-2007,1.0
Liechtenstein,Humanities,2013-2017,1.333333333333333
Liechtenstein,Mathematics,2013-2017,1.0
Liechtenstein,Physics,1973-1977,16.5
Liechtenstein,Physics,1978-1982,29.0
Liechtenstein,Physics,1983-1987,37.544444444444444
Liechtenstein,Physics,1988-1992,22.94999999999998
Liechtenstein,Physics,1993-1997,10.333333333333323
Liechtenstein,Physics,1998-2002,6.149999999999995
Liechtenstein,Physics,2003-2007,11.83333333333332
Liechtenstein,Physics,2008-2012,7.895833333333315
Liechtenstein,Physics,2013-2017,9.835714285714255
Liechtenstein,Professional Fields,1998-2002,1.0
Liechtenstein,Professional Fields,2008-2012,6.17186147186146
Liechtenstein,Professional Fields,2013-2017,29.849999999999955
Liechtenstein,Psychology,1993-1997,0.5
Liechtenstein,Psychology,1998-2002,0.5
Liechtenstein,Psychology,2003-2007,1.0
Liechtenstein,Psychology,2013-2017,0.666666666666666
Liechtenstein,Social Sciences,1998-2002,2.0
Liechtenstein,Social Sciences,2008-2012,1.833333333333333
Liechtenstein,Social Sciences,2013-2017,2.066666666666666
Lithuania,Arts,1998-2002,1.0
Lithuania,Arts,2003-2007,9.5
Lithuania,Arts,2008-2012,12.333333333333332
Lithuania,Arts,2013-2017,10.5
Lithuania,Biology,1988-1992,1.75
Lithuania,Biology,1993-1997,31.95
Lithuania,Biology,1998-2002,100.10757575757567
Lithuania,Biology,2003-2007,263.3869074882228
Lithuania,Biology,2008-2012,587.5501681843056
Lithuania,Biology,2013-2017,702.6544045053353
Lithuania,Biomedical Research,1988-1992,4.5
Lithuania,Biomedical Research,1993-1997,126.2742424242422
Lithuania,Biomedical Research,1998-2002,169.1049559136511
Lithuania,Biomedical Research,2003-2007,262.6354871435747
Lithuania,Biomedical Research,2008-2012,352.91941365424645
Lithuania,Biomedical Research,2013-2017,572.3014496200881
Lithuania,Chemistry,1988-1992,17.166666666666664
Lithuania,Chemistry,1993-1997,211.51666666666634
Lithuania,Chemistry,1998-2002,339.0833333333327
Lithuania,Chemistry,2003-2007,440.1999999999988
Lithuania,Chemistry,2008-2012,526.0063492063481
Lithuania,Chemistry,2013-2017,657.9256528417807
Lithuania,Clinical Medicine,1988-1992,18.58333333333333
Lithuania,Clinical Medicine,1993-1997,75.0193268084572
Lithuania,Clinical Medicine,1998-2002,162.10019882078686
Lithuania,Clinical Medicine,2003-2007,595.8970088033153
Lithuania,Clinical Medicine,2008-2012,1218.6515232516535
Lithuania,Clinical Medicine,2013-2017,1101.0950423996655
Lithuania,Earth and Space,1988-1992,1.91025641025641
Lithuania,Earth and Space,1993-1997,31.712742330133615
Lithuania,Earth and Space,1998-2002,71.14287136289411
Lithuania,Earth and Space,2003-2007,225.54262246209663
Lithuania,Earth and Space,2008-2012,400.4015931341946
Lithuania,Earth and Space,2013-2017,489.728044614375
Lithuania,Engineering and Technology,1973-1977,2.0
Lithuania,Engineering and Technology,1978-1982,1.0
Lithuania,Engineering and Technology,1988-1992,14.5
Lithuania,Engineering and Technology,1993-1997,140.1333333333333
Lithuania,Engineering and Technology,1998-2002,297.9999999999996
Lithuania,Engineering and Technology,2003-2007,1049.7968253968224
Lithuania,Engineering and Technology,2008-2012,2362.5016856313905
Lithuania,Engineering and Technology,2013-2017,1824.705638094421
Lithuania,Health,1993-1997,0.333333333333333
Lithuania,Health,1998-2002,11.333333333333318
Lithuania,Health,2003-2007,35.535964912280676
Lithuania,Health,2008-2012,32.61329365079362
Lithuania,Health,2013-2017,62.39812399502794
Lithuania,Humanities,1988-1992,1.0
Lithuania,Humanities,1993-1997,6.5
Lithuania,Humanities,1998-2002,4.5
Lithuania,Humanities,2003-2007,157.66666666666666
Lithuania,Humanities,2008-2012,635.1444444444444
Lithuania,Humanities,2013-2017,673.2954887218044
Lithuania,Mathematics,1988-1992,3.5
Lithuania,Mathematics,1993-1997,48.99999999999998
Lithuania,Mathematics,1998-2002,109.3666666666665
Lithuania,Mathematics,2003-2007,244.56666666666618
Lithuania,Mathematics,2008-2012,403.0833333333327
Lithuania,Mathematics,2013-2017,346.4452380952375
Lithuania,Physics,1988-1992,12.0
Lithuania,Physics,1993-1997,393.2333333333319
Lithuania,Physics,1998-2002,437.6999999999988
Lithuania,Physics,2003-2007,789.0271926449764
Lithuania,Physics,2008-2012,912.8177269116096
Lithuania,Physics,2013-2017,865.3579252369423
Lithuania,Professional Fields,1993-1997,3.333333333333333
Lithuania,Professional Fields,1998-2002,3.5333333333333297
Lithuania,Professional Fields,2003-2007,20.04166666666666
Lithuania,Professional Fields,2008-2012,85.1696287408242
Lithuania,Professional Fields,2013-2017,119.012868095956
Lithuania,Psychology,1993-1997,1.166666666666666
Lithuania,Psychology,1998-2002,2.733333333333333
Lithuania,Psychology,2003-2007,13.515173025732022
Lithuania,Psychology,2008-2012,16.16977954673848
Lithuania,Psychology,2013-2017,47.77080798587375
Lithuania,Social Sciences,1993-1997,14.83333333333333
Lithuania,Social Sciences,1998-2002,39.0
Lithuania,Social Sciences,2003-2007,198.39444444444442
Lithuania,Social Sciences,2008-2012,543.560634920634
Lithuania,Social Sciences,2013-2017,517.0535570638509
Luxembourg,Arts,2008-2012,1.0
Luxembourg,Arts,2013-2017,1.5
Luxembourg,Biology,1978-1982,3.333333333333333
Luxembourg,Biology,1983-1987,2.5
Luxembourg,Biology,1988-1992,6.0
Luxembourg,Biology,1993-1997,15.499999999999993
Luxembourg,Biology,1998-2002,25.636507936507915
Luxembourg,Biology,2003-2007,46.06215538847114
Luxembourg,Biology,2008-2012,102.63263305322114
Luxembourg,Biology,2013-2017,128.19374976764598
Luxembourg,Biomedical Research,1973-1977,1.333333333333333
Luxembourg,Biomedical Research,1978-1982,1.0
Luxembourg,Biomedical Research,1983-1987,3.83333333333333
Luxembourg,Biomedical Research,1988-1992,3.312499999999996
Luxembourg,Biomedical Research,1993-1997,17.860238095238085
Luxembourg,Biomedical Research,1998-2002,42.36107313738885
Luxembourg,Biomedical Research,2003-2007,57.18063597611249
Luxembourg,Biomedical Research,2008-2012,166.00944384081092
Luxembourg,Biomedical Research,2013-2017,312.6538796120476
Luxembourg,Chemistry,1973-1977,1.0
Luxembourg,Chemistry,1978-1982,1.0
Luxembourg,Chemistry,1983-1987,1.0
Luxembourg,Chemistry,1988-1992,6.666666666666662
Luxembourg,Chemistry,1993-1997,11.416666666666663
Luxembourg,Chemistry,1998-2002,8.25
Luxembourg,Chemistry,2003-2007,20.299999999999958
Luxembourg,Chemistry,2008-2012,91.05003607503595
Luxembourg,Chemistry,2013-2017,120.49309671809654
Luxembourg,Clinical Medicine,1973-1977,19.76666666666665
Luxembourg,Clinical Medicine,1978-1982,43.79444444444444
Luxembourg,Clinical Medicine,1983-1987,55.53333333333333
Luxembourg,Clinical Medicine,1988-1992,50.77777777777777
Luxembourg,Clinical Medicine,1993-1997,66.12515443735658
Luxembourg,Clinical Medicine,1998-2002,95.27757611897133
Luxembourg,Clinical Medicine,2003-2007,141.1953076692386
Luxembourg,Clinical Medicine,2008-2012,252.89844331394139
Luxembourg,Clinical Medicine,2013-2017,319.4621269878672
Luxembourg,Earth and Space,1978-1982,0.2
Luxembourg,Earth and Space,1983-1987,0.5
Luxembourg,Earth and Space,1988-1992,0.25
Luxembourg,Earth and Space,1993-1997,7.083333333333329
Luxembourg,Earth and Space,1998-2002,10.25555555555555
Luxembourg,Earth and Space,2003-2007,31.66349206349202
Luxembourg,Earth and Space,2008-2012,70.75598714663163
Luxembourg,Earth and Space,2013-2017,144.6979399685279
Luxembourg,Engineering and Technology,1973-1977,5.5
Luxembourg,Engineering and Technology,1978-1982,11.666666666666652
Luxembourg,Engineering and Technology,1983-1987,15.03333333333333
Luxembourg,Engineering and Technology,1988-1992,15.757478632478632
Luxembourg,Engineering and Technology,1993-1997,19.483333333333324
Luxembourg,Engineering and Technology,1998-2002,31.229166666666657
Luxembourg,Engineering and Technology,2003-2007,73.81904761904755
Luxembourg,Engineering and Technology,2008-2012,194.0450067905947
Luxembourg,Engineering and Technology,2013-2017,436.9809884559874
Luxembourg,Health,1988-1992,0.5
Luxembourg,Health,1998-2002,0.926190476190474
Luxembourg,Health,2003-2007,3.826578465394247
Luxembourg,Health,2008-2012,12.676984126984099
Luxembourg,Health,2013-2017,37.40340383236618
Luxembourg,Humanities,1978-1982,1.0
Luxembourg,Humanities,1983-1987,8.0
Luxembourg,Humanities,1988-1992,5.0
Luxembourg,Humanities,1993-1997,5.0
Luxembourg,Humanities,1998-2002,7.5
Luxembourg,Humanities,2003-2007,10.5
Luxembourg,Humanities,2008-2012,22.58333333333332
Luxembourg,Humanities,2013-2017,47.027777777777764
Luxembourg,Mathematics,1988-1992,4.83333333333333
Luxembourg,Mathematics,1993-1997,3.2
Luxembourg,Mathematics,1998-2002,8.0
Luxembourg,Mathematics,2003-2007,17.291666666666654
Luxembourg,Mathematics,2008-2012,86.553968253968
Luxembourg,Mathematics,2013-2017,182.3063492063487
Luxembourg,Physics,1978-1982,0.5
Luxembourg,Physics,1983-1987,1.0
Luxembourg,Physics,1988-1992,2.7833333333333323
Luxembourg,Physics,1993-1997,5.833333333333332
Luxembourg,Physics,1998-2002,5.873333333333322
Luxembourg,Physics,2003-2007,20.78333333333331
Luxembourg,Physics,2008-2012,90.26260643233249
Luxembourg,Physics,2013-2017,191.5095112252084
Luxembourg,Professional Fields,1973-1977,6.0
Luxembourg,Professional Fields,1978-1982,15.5
Luxembourg,Professional Fields,1983-1987,7.833333333333333
Luxembourg,Professional Fields,1988-1992,10.404761904761905
Luxembourg,Professional Fields,1993-1997,14.583333333333332
Luxembourg,Professional Fields,1998-2002,10.33333333333333
Luxembourg,Professional Fields,2003-2007,10.366666666666664
Luxembourg,Professional Fields,2008-2012,54.175490196078385
Luxembourg,Professional Fields,2013-2017,150.9277777777774
Luxembourg,Psychology,1973-1977,3.666666666666666
Luxembourg,Psychology,1978-1982,1.0
Luxembourg,Psychology,1983-1987,2.0
Luxembourg,Psychology,1993-1997,1.0
Luxembourg,Psychology,1998-2002,2.833333333333333
Luxembourg,Psychology,2003-2007,4.5
Luxembourg,Psychology,2008-2012,34.42499999999997
Luxembourg,Psychology,2013-2017,84.73998015873005
Luxembourg,Social Sciences,1973-1977,2.0
Luxembourg,Social Sciences,1978-1982,3.0
Luxembourg,Social Sciences,1983-1987,3.666666666666666
Luxembourg,Social Sciences,1988-1992,15.73333333333333
Luxembourg,Social Sciences,1993-1997,11.934523809523808
Luxembourg,Social Sciences,1998-2002,14.33333333333333
Luxembourg,Social Sciences,2003-2007,27.300694444444407
Luxembourg,Social Sciences,2008-2012,101.85952380952345
Luxembourg,Social Sciences,2013-2017,236.9274276377215
Macau,Arts,1978-1982,2.0
Macau,Biology,1988-1992,2.0
Macau,Biology,1993-1997,1.2
Macau,Biology,1998-2002,6.16666666666666
Macau,Biomedical Research,1993-1997,0.5317460317460304
Macau,Biomedical Research,1998-2002,0.5
Macau,Chemistry,1993-1997,0.5
Macau,Chemistry,1998-2002,0.5
Macau,Chemistry,2003-2007,2.0
Macau,Clinical Medicine,1988-1992,0.7
Macau,Clinical Medicine,1993-1997,1.0
Macau,Clinical Medicine,1998-2002,1.0
Macau,Clinical Medicine,2003-2007,0.333333333333333
Macau,Clinical Medicine,2013-2017,1.0
Macau,Earth and Space,1988-1992,1.0
Macau,Earth and Space,1998-2002,2.749999999999993
Macau,Earth and Space,2003-2007,0.583333333333333
Macau,Engineering and Technology,1988-1992,1.83333333333333
Macau,Engineering and Technology,1993-1997,8.833333333333332
Macau,Engineering and Technology,1998-2002,23.999999999999993
Macau,Engineering and Technology,2003-2007,9.333333333333316
Macau,Engineering and Technology,2013-2017,0.699999999999999
Macau,Humanities,1983-1987,1.0
Macau,Humanities,1998-2002,1.0
Macau,Mathematics,1988-1992,0.5
Macau,Mathematics,1993-1997,4.0
Macau,Mathematics,1998-2002,4.833333333333333
Macau,Mathematics,2003-2007,1.5
Macau,Physics,1993-1997,0.25
Macau,Physics,1998-2002,1.5
Macau,Physics,2003-2007,0.5
Macau,Professional Fields,1988-1992,2.0
Macau,Professional Fields,1993-1997,0.2
Macau,Professional Fields,1998-2002,1.0
Macau,Professional Fields,2003-2007,1.83333333333333
Macau,Psychology,1983-1987,2.0
Macau,Psychology,1988-1992,1.0
Macau,Psychology,1993-1997,1.5
Macau,Psychology,1998-2002,0.5
Macau,Psychology,2003-2007,0.361904761904761
Macau,Psychology,2013-2017,0.5
Macau,Social Sciences,1988-1992,3.166666666666666
Macau,Social Sciences,1993-1997,1.5
Macau,Social Sciences,1998-2002,0.5
Macau,Social Sciences,2003-2007,2.999999999999999
Macedonia,Arts,2003-2007,1.0
Macedonia,Arts,2008-2012,1.5
Macedonia,Arts,2013-2017,6.86666666666666
Macedonia,Biology,1993-1997,5.7
Macedonia,Biology,1998-2002,10.833333333333327
Macedonia,Biology,2003-2007,20.98333333333331
Macedonia,Biology,2008-2012,59.05981355808933
Macedonia,Biology,2013-2017,118.06928210527359
Macedonia,Biomedical Research,1993-1997,10.333333333333332
Macedonia,Biomedical Research,1998-2002,27.08126293995859
Macedonia,Biomedical Research,2003-2007,26.044444444444427
Macedonia,Biomedical Research,2008-2012,76.38632068677424
Macedonia,Biomedical Research,2013-2017,97.53944182202721
Macedonia,Chemistry,1988-1992,0.5
Macedonia,Chemistry,1993-1997,82.39999999999989
Macedonia,Chemistry,1998-2002,151.46666666666638
Macedonia,Chemistry,2003-2007,127.26190476190445
Macedonia,Chemistry,2008-2012,120.62619047619016
Macedonia,Chemistry,2013-2017,124.25238095238059
Macedonia,Clinical Medicine,1988-1992,3.5
Macedonia,Clinical Medicine,1993-1997,37.54999999999997
Macedonia,Clinical Medicine,1998-2002,60.463311688311656
Macedonia,Clinical Medicine,2003-2007,82.57997925987053
Macedonia,Clinical Medicine,2008-2012,175.41850612426074
Macedonia,Clinical Medicine,2013-2017,201.3681638479594
Macedonia,Earth and Space,1993-1997,8.999999999999998
Macedonia,Earth and Space,1998-2002,6.4999999999999964
Macedonia,Earth and Space,2003-2007,18.97499999999997
Macedonia,Earth and Space,2008-2012,46.39967892295253
Macedonia,Earth and Space,2013-2017,93.88619504023013
Macedonia,Engineering and Technology,1993-1997,44.08333333333332
Macedonia,Engineering and Technology,1998-2002,52.48333333333332
Macedonia,Engineering and Technology,2003-2007,58.03333333333331
Macedonia,Engineering and Technology,2008-2012,130.4821428571426
Macedonia,Engineering and Technology,2013-2017,218.36654456654415
Macedonia,Health,1998-2002,1.0
Macedonia,Health,2003-2007,0.999999999999998
Macedonia,Health,2008-2012,2.551587301587301
Macedonia,Health,2013-2017,6.3608465608465465
Macedonia,Humanities,1988-1992,2.0
Macedonia,Humanities,1993-1997,2.0
Macedonia,Humanities,1998-2002,1.0
Macedonia,Humanities,2003-2007,3.0
Macedonia,Humanities,2008-2012,14.5
Macedonia,Humanities,2013-2017,18.25
Macedonia,Mathematics,1993-1997,15.96666666666666
Macedonia,Mathematics,1998-2002,20.91666666666666
Macedonia,Mathematics,2003-2007,17.449999999999985
Macedonia,Mathematics,2008-2012,42.14999999999995
Macedonia,Mathematics,2013-2017,55.898015873015815
Macedonia,Physics,1988-1992,0.333333333333333
Macedonia,Physics,1993-1997,31.666666666666643
Macedonia,Physics,1998-2002,45.22630825057292
Macedonia,Physics,2003-2007,60.17132352941173
Macedonia,Physics,2008-2012,68.82896825396818
Macedonia,Physics,2013-2017,78.68412698412686
Macedonia,Professional Fields,1993-1997,0.5
Macedonia,Professional Fields,1998-2002,1.0
Macedonia,Professional Fields,2003-2007,0.166666666666666
Macedonia,Professional Fields,2008-2012,3.749999999999999
Macedonia,Professional Fields,2013-2017,28.732434640522854
Macedonia,Psychology,2003-2007,0.916666666666666
Macedonia,Psychology,2008-2012,5.991341991341982
Macedonia,Psychology,2013-2017,8.313725490196076
Macedonia,Social Sciences,1993-1997,6.0
Macedonia,Social Sciences,1998-2002,3.5
Macedonia,Social Sciences,2003-2007,6.149999999999996
Macedonia,Social Sciences,2008-2012,18.283333333333314
Macedonia,Social Sciences,2013-2017,72.43803418803412
Madagascar,Biology,1973-1977,15.166666666666666
Madagascar,Biology,1978-1982,14.666666666666666
Madagascar,Biology,1983-1987,16.559523809523807
Madagascar,Biology,1988-1992,24.066666666666645
Madagascar,Biology,1993-1997,40.79999999999995
Madagascar,Biology,1998-2002,65.85833333333325
Madagascar,Biology,2003-2007,118.67781385281367
Madagascar,Biology,2008-2012,135.3412907240527
Madagascar,Biology,2013-2017,166.2076308638405
Madagascar,Biomedical Research,1973-1977,16.166666666666664
Madagascar,Biomedical Research,1978-1982,5.916666666666666
Madagascar,Biomedical Research,1983-1987,3.999999999999996
Madagascar,Biomedical Research,1988-1992,10.18333333333333
Madagascar,Biomedical Research,1993-1997,5.233333333333327
Madagascar,Biomedical Research,1998-2002,19.863888888888855
Madagascar,Biomedical Research,2003-2007,25.940490810002974
Madagascar,Biomedical Research,2008-2012,48.46092736568134
Madagascar,Biomedical Research,2013-2017,69.32341954519501
Madagascar,Chemistry,1973-1977,2.0
Madagascar,Chemistry,1978-1982,5.666666666666659
Madagascar,Chemistry,1983-1987,2.416666666666666
Madagascar,Chemistry,1988-1992,2.583333333333332
Madagascar,Chemistry,1993-1997,7.583333333333329
Madagascar,Chemistry,1998-2002,4.516666666666659
Madagascar,Chemistry,2003-2007,11.366666666666664
Madagascar,Chemistry,2008-2012,8.766666666666655
Madagascar,Chemistry,2013-2017,14.37103174603172
Madagascar,Clinical Medicine,1973-1977,6.0
Madagascar,Clinical Medicine,1978-1982,13.16666666666666
Madagascar,Clinical Medicine,1983-1987,19.340909090909083
Madagascar,Clinical Medicine,1988-1992,37.49166666666664
Madagascar,Clinical Medicine,1993-1997,45.11666666666663
Madagascar,Clinical Medicine,1998-2002,70.94285714285702
Madagascar,Clinical Medicine,2003-2007,70.94365079365072
Madagascar,Clinical Medicine,2008-2012,97.83516367463281
Madagascar,Clinical Medicine,2013-2017,84.13287787066405
Madagascar,Earth and Space,1973-1977,14.0
Madagascar,Earth and Space,1978-1982,1.5
Madagascar,Earth and Space,1983-1987,3.9999999999999982
Madagascar,Earth and Space,1988-1992,5.0909090909090775
Madagascar,Earth and Space,1993-1997,11.116666666666665
Madagascar,Earth and Space,1998-2002,15.866666666666648
Madagascar,Earth and Space,2003-2007,12.919047619047593
Madagascar,Earth and Space,2008-2012,17.92429971988788
Madagascar,Earth and Space,2013-2017,23.835930735930674
Madagascar,Engineering and Technology,1973-1977,0.5
Madagascar,Engineering and Technology,1978-1982,1.0
Madagascar,Engineering and Technology,1983-1987,1.166666666666666
Madagascar,Engineering and Technology,1988-1992,1.0
Madagascar,Engineering and Technology,1993-1997,2.999999999999996
Madagascar,Engineering and Technology,1998-2002,0.333333333333333
Madagascar,Engineering and Technology,2003-2007,21.16666666666666
Madagascar,Engineering and Technology,2008-2012,6.699999999999999
Madagascar,Engineering and Technology,2013-2017,9.773109243697467
Madagascar,Health,1993-1997,0.666666666666666
Madagascar,Health,1998-2002,5.06363636363636
Madagascar,Health,2003-2007,2.8333333333333304
Madagascar,Health,2008-2012,6.764285714285686
Madagascar,Health,2013-2017,13.52997835497833
Madagascar,Humanities,1973-1977,2.0
Madagascar,Humanities,1978-1982,3.0
Madagascar,Humanities,1983-1987,11.5
Madagascar,Humanities,1993-1997,3.0
Madagascar,Humanities,1998-2002,2.0
Madagascar,Humanities,2003-2007,3.0
Madagascar,Humanities,2008-2012,1.0
Madagascar,Humanities,2013-2017,1.0
Madagascar,Mathematics,1978-1982,1.0
Madagascar,Mathematics,1983-1987,0.5
Madagascar,Mathematics,1988-1992,3.5
Madagascar,Mathematics,1993-1997,6.5
Madagascar,Mathematics,1998-2002,1.333333333333333
Madagascar,Mathematics,2003-2007,3.5
Madagascar,Mathematics,2008-2012,4.999999999999992
Madagascar,Mathematics,2013-2017,1.9999999999999991
Madagascar,Physics,1978-1982,0.5
Madagascar,Physics,1983-1987,2.666666666666666
Madagascar,Physics,1988-1992,1.833333333333332
Madagascar,Physics,1993-1997,3.749999999999996
Madagascar,Physics,1998-2002,2.083333333333333
Madagascar,Physics,2003-2007,6.666666666666665
Madagascar,Physics,2008-2012,5.033333333333331
Madagascar,Physics,2013-2017,6.5769327620334215
Madagascar,Professional Fields,1988-1992,0.5
Madagascar,Professional Fields,1993-1997,1.0
Madagascar,Professional Fields,1998-2002,1.0
Madagascar,Professional Fields,2008-2012,2.883333333333333
Madagascar,Professional Fields,2013-2017,2.333333333333332
Madagascar,Psychology,1983-1987,0.2
Madagascar,Psychology,1993-1997,0.583333333333333
Madagascar,Psychology,1998-2002,2.785714285714276
Madagascar,Psychology,2003-2007,4.637301587301576
Madagascar,Psychology,2008-2012,4.976190476190467
Madagascar,Psychology,2013-2017,7.817857142857127
Madagascar,Social Sciences,1973-1977,5.5
Madagascar,Social Sciences,1978-1982,2.0
Madagascar,Social Sciences,1983-1987,2.5
Madagascar,Social Sciences,1988-1992,1.333333333333333
Madagascar,Social Sciences,1998-2002,7.9999999999999964
Madagascar,Social Sciences,2003-2007,5.6440476190476145
Madagascar,Social Sciences,2008-2012,7.749999999999998
Madagascar,Social Sciences,2013-2017,8.660256410256398
Malawi,Arts,1978-1982,1.0
Malawi,Arts,1988-1992,1.0
Malawi,Biology,1973-1977,61.0
Malawi,Biology,1978-1982,62.08333333333333
Malawi,Biology,1983-1987,52.83333333333332
Malawi,Biology,1988-1992,49.44444444444443
Malawi,Biology,1993-1997,59.983333333333285
Malawi,Biology,1998-2002,52.33571428571424
Malawi,Biology,2003-2007,51.48333333333326
Malawi,Biology,2008-2012,68.42180042180034
Malawi,Biology,2013-2017,70.26942583560215
Malawi,Biomedical Research,1973-1977,4.0
Malawi,Biomedical Research,1978-1982,1.0
Malawi,Biomedical Research,1983-1987,2.75
Malawi,Biomedical Research,1988-1992,4.880158730158729
Malawi,Biomedical Research,1993-1997,12.305128205128195
Malawi,Biomedical Research,1998-2002,18.661904761904744
Malawi,Biomedical Research,2003-2007,25.53730158730155
Malawi,Biomedical Research,2008-2012,72.91687573114511
Malawi,Biomedical Research,2013-2017,106.6906141086199
Malawi,Chemistry,1978-1982,2.0
Malawi,Chemistry,1983-1987,4.149999999999996
Malawi,Chemistry,1988-1992,1.75
Malawi,Chemistry,2003-2007,1.0
Malawi,Chemistry,2008-2012,0.699999999999999
Malawi,Chemistry,2013-2017,1.2
Malawi,Clinical Medicine,1973-1977,20.833333333333332
Malawi,Clinical Medicine,1978-1982,26.699999999999996
Malawi,Clinical Medicine,1983-1987,26.51904761904759
Malawi,Clinical Medicine,1988-1992,53.94358974358967
Malawi,Clinical Medicine,1993-1997,125.39487734487717
Malawi,Clinical Medicine,1998-2002,170.3785995723063
Malawi,Clinical Medicine,2003-2007,199.14975857475815
Malawi,Clinical Medicine,2008-2012,228.53108790796588
Malawi,Clinical Medicine,2013-2017,328.1957220122911
Malawi,Earth and Space,1973-1977,4.0
Malawi,Earth and Space,1983-1987,6.333333333333333
Malawi,Earth and Space,1988-1992,9.0
Malawi,Earth and Space,1993-1997,6.0
Malawi,Earth and Space,1998-2002,5.642857142857141
Malawi,Earth and Space,2003-2007,13.133333333333319
Malawi,Earth and Space,2008-2012,34.73333333333328
Malawi,Earth and Space,2013-2017,41.57203907203902
Malawi,Engineering and Technology,1978-1982,1.0
Malawi,Engineering and Technology,1983-1987,0.5
Malawi,Engineering and Technology,1988-1992,3.5
Malawi,Engineering and Technology,1993-1997,4.0
Malawi,Engineering and Technology,1998-2002,5.0
Malawi,Engineering and Technology,2003-2007,4.5
Malawi,Engineering and Technology,2008-2012,8.810714285714283
Malawi,Engineering and Technology,2013-2017,15.316666666666661
Malawi,Health,1978-1982,1.0
Malawi,Health,1983-1987,3.0
Malawi,Health,1988-1992,0.7
Malawi,Health,1993-1997,10.58333333333333
Malawi,Health,1998-2002,3.9166666666666647
Malawi,Health,2003-2007,26.677777777777763
Malawi,Health,2008-2012,134.47155067155035
Malawi,Health,2013-2017,182.36811734689846
Malawi,Humanities,1973-1977,3.5
Malawi,Humanities,1978-1982,12.5
Malawi,Humanities,1983-1987,19.0
Malawi,Humanities,1988-1992,3.5
Malawi,Humanities,1993-1997,2.333333333333333
Malawi,Humanities,2003-2007,3.0
Malawi,Humanities,2008-2012,3.5
Malawi,Humanities,2013-2017,6.0
Malawi,Mathematics,1973-1977,1.0
Malawi,Mathematics,1978-1982,1.0
Malawi,Mathematics,1983-1987,0.5
Malawi,Mathematics,1993-1997,3.0
Malawi,Mathematics,1998-2002,2.0
Malawi,Mathematics,2003-2007,2.5
Malawi,Mathematics,2008-2012,1.0
Malawi,Mathematics,2013-2017,2.1818181818181808
Malawi,Physics,1973-1977,1.0
Malawi,Physics,1978-1982,1.5
Malawi,Physics,1983-1987,1.0
Malawi,Physics,1993-1997,0.333333333333333
Malawi,Physics,1998-2002,1.0
Malawi,Physics,2003-2007,0.0833333333333333
Malawi,Physics,2008-2012,1.566666666666666
Malawi,Physics,2013-2017,1.283333333333333
Malawi,Professional Fields,1973-1977,2.0
Malawi,Professional Fields,1978-1982,4.0
Malawi,Professional Fields,1983-1987,1.0
Malawi,Professional Fields,1988-1992,2.333333333333333
Malawi,Professional Fields,1993-1997,7.16666666666666
Malawi,Professional Fields,1998-2002,4.5
Malawi,Professional Fields,2003-2007,4.666666666666666
Malawi,Professional Fields,2008-2012,15.649999999999988
Malawi,Professional Fields,2013-2017,18.653846153846132
Malawi,Psychology,1978-1982,0.5
Malawi,Psychology,1983-1987,0.5
Malawi,Psychology,1988-1992,1.0
Malawi,Psychology,1993-1997,2.999999999999993
Malawi,Psychology,2008-2012,2.981592039800994
Malawi,Psychology,2013-2017,0.7435897435897428
Malawi,Social Sciences,1973-1977,2.5
Malawi,Social Sciences,1978-1982,10.5
Malawi,Social Sciences,1983-1987,17.166666666666664
Malawi,Social Sciences,1988-1992,21.24999999999999
Malawi,Social Sciences,1993-1997,16.416666666666664
Malawi,Social Sciences,1998-2002,14.166666666666663
Malawi,Social Sciences,2003-2007,15.749999999999993
Malawi,Social Sciences,2008-2012,41.519047619047576
Malawi,Social Sciences,2013-2017,47.71092796092791
Malaysia,Arts,1978-1982,10.0
Malaysia,Arts,1983-1987,3.0
Malaysia,Arts,1988-1992,3.5
Malaysia,Arts,1993-1997,2.0
Malaysia,Arts,1998-2002,4.0
Malaysia,Arts,2003-2007,5.33333333333333
Malaysia,Arts,2008-2012,28.509523809523802
Malaysia,Arts,2013-2017,32.22619047619046
Malaysia,Biology,1973-1977,141.11666666666656
Malaysia,Biology,1978-1982,302.3333333333331
Malaysia,Biology,1983-1987,251.08333333333297
Malaysia,Biology,1988-1992,275.02142857142786
Malaysia,Biology,1993-1997,388.7011904761895
Malaysia,Biology,1998-2002,481.7694805194794
Malaysia,Biology,2003-2007,706.5953504828494
Malaysia,Biology,2008-2012,2039.5438222454582
Malaysia,Biology,2013-2017,3528.1441322823102
Malaysia,Biomedical Research,1973-1977,79.36025641025635
Malaysia,Biomedical Research,1978-1982,119.11666666666659
Malaysia,Biomedical Research,1983-1987,105.73333333333328
Malaysia,Biomedical Research,1988-1992,156.8801587301585
Malaysia,Biomedical Research,1993-1997,252.5646214896212
Malaysia,Biomedical Research,1998-2002,275.1696581196576
Malaysia,Biomedical Research,2003-2007,477.5827124772237
Malaysia,Biomedical Research,2008-2012,3038.2731217064634
Malaysia,Biomedical Research,2013-2017,5037.170458329817
Malaysia,Chemistry,1973-1977,90.83333333333333
Malaysia,Chemistry,1978-1982,130.33333333333331
Malaysia,Chemistry,1983-1987,165.53333333333327
Malaysia,Chemistry,1988-1992,183.89999999999978
Malaysia,Chemistry,1993-1997,483.69999999999897
Malaysia,Chemistry,1998-2002,743.6190476190463
Malaysia,Chemistry,2003-2007,1224.9563492063453
Malaysia,Chemistry,2008-2012,4047.4365079365007
Malaysia,Chemistry,2013-2017,3975.028121759637
Malaysia,Clinical Medicine,1973-1977,297.242857142857
Malaysia,Clinical Medicine,1978-1982,285.01071428571413
Malaysia,Clinical Medicine,1983-1987,295.1658730158728
Malaysia,Clinical Medicine,1988-1992,422.84090909090867
Malaysia,Clinical Medicine,1993-1997,540.8545616035977
Malaysia,Clinical Medicine,1998-2002,664.6187444723726
Malaysia,Clinical Medicine,2003-2007,943.336302279752
Malaysia,Clinical Medicine,2008-2012,3853.795711439499
Malaysia,Clinical Medicine,2013-2017,5669.619601422198
Malaysia,Earth and Space,1973-1977,18.25
Malaysia,Earth and Space,1978-1982,29.999999999999996
Malaysia,Earth and Space,1983-1987,45.833333333333314
Malaysia,Earth and Space,1988-1992,48.47619047619046
Malaysia,Earth and Space,1993-1997,108.46666666666655
Malaysia,Earth and Space,1998-2002,123.25515873015841
Malaysia,Earth and Space,2003-2007,238.9579757660637
Malaysia,Earth and Space,2008-2012,988.0962770051561
Malaysia,Earth and Space,2013-2017,2303.9050345164387
Malaysia,Engineering and Technology,1973-1977,17.333333333333332
Malaysia,Engineering and Technology,1978-1982,40.33333333333333
Malaysia,Engineering and Technology,1983-1987,54.66666666666664
Malaysia,Engineering and Technology,1988-1992,95.49999999999999
Malaysia,Engineering and Technology,1993-1997,207.9916666666664
Malaysia,Engineering and Technology,1998-2002,561.9666666666653
Malaysia,Engineering and Technology,2003-2007,1587.8547619047588
Malaysia,Engineering and Technology,2008-2012,5451.131782106769
Malaysia,Engineering and Technology,2013-2017,11914.299962558614
Malaysia,Health,1973-1977,2.0
Malaysia,Health,1978-1982,6.83333333333333
Malaysia,Health,1983-1987,14.16666666666666
Malaysia,Health,1988-1992,7.33333333333333
Malaysia,Health,1993-1997,8.0
Malaysia,Health,1998-2002,13.111111111111109
Malaysia,Health,2003-2007,38.79523809523806
Malaysia,Health,2008-2012,235.54608953138336
Malaysia,Health,2013-2017,618.8238602517109
Malaysia,Humanities,1973-1977,14.58333333333333
Malaysia,Humanities,1978-1982,8.5
Malaysia,Humanities,1983-1987,8.59090909090909
Malaysia,Humanities,1988-1992,6.0
Malaysia,Humanities,1993-1997,8.0
Malaysia,Humanities,1998-2002,8.0
Malaysia,Humanities,2003-2007,19.0
Malaysia,Humanities,2008-2012,131.73571428571424
Malaysia,Humanities,2013-2017,259.0791467304622
Malaysia,Mathematics,1973-1977,44.0
Malaysia,Mathematics,1978-1982,36.0
Malaysia,Mathematics,1983-1987,36.08333333333333
Malaysia,Mathematics,1988-1992,45.24999999999999
Malaysia,Mathematics,1993-1997,51.7
Malaysia,Mathematics,1998-2002,58.06666666666664
Malaysia,Mathematics,2003-2007,107.2333333333331
Malaysia,Mathematics,2008-2012,499.69999999999897
Malaysia,Mathematics,2013-2017,740.2226190476179
Malaysia,Physics,1973-1977,44.666666666666664
Malaysia,Physics,1978-1982,52.666666666666664
Malaysia,Physics,1983-1987,42.33333333333333
Malaysia,Physics,1988-1992,83.86666666666665
Malaysia,Physics,1993-1997,105.39999999999995
Malaysia,Physics,1998-2002,207.633333333333
Malaysia,Physics,2003-2007,506.1301275098587
Malaysia,Physics,2008-2012,1545.1346076330815
Malaysia,Physics,2013-2017,2615.9207473960055
Malaysia,Professional Fields,1973-1977,12.0
Malaysia,Professional Fields,1978-1982,19.83333333333333
Malaysia,Professional Fields,1983-1987,27.16666666666666
Malaysia,Professional Fields,1988-1992,35.91666666666666
Malaysia,Professional Fields,1993-1997,40.166666666666664
Malaysia,Professional Fields,1998-2002,55.41666666666664
Malaysia,Professional Fields,2003-2007,92.53333333333316
Malaysia,Professional Fields,2008-2012,852.9394500744598
Malaysia,Professional Fields,2013-2017,1186.2963127168343
Malaysia,Psychology,1973-1977,6.0
Malaysia,Psychology,1978-1982,7.75
Malaysia,Psychology,1983-1987,8.2
Malaysia,Psychology,1988-1992,5.5
Malaysia,Psychology,1993-1997,11.033333333333333
Malaysia,Psychology,1998-2002,17.49358974358973
Malaysia,Psychology,2003-2007,23.029891640450636
Malaysia,Psychology,2008-2012,88.76810294457341
Malaysia,Psychology,2013-2017,247.5988747529379
Malaysia,Social Sciences,1973-1977,61.66666666666666
Malaysia,Social Sciences,1978-1982,78.61111111111111
Malaysia,Social Sciences,1983-1987,59.166666666666664
Malaysia,Social Sciences,1988-1992,63.66666666666666
Malaysia,Social Sciences,1993-1997,57.090909090909086
Malaysia,Social Sciences,1998-2002,61.199999999999996
Malaysia,Social Sciences,2003-2007,104.24347826086937
Malaysia,Social Sciences,2008-2012,477.75241702741647
Malaysia,Social Sciences,2013-2017,929.4770635796931
Maldives,Biology,1978-1982,1.0
Maldives,Biology,1988-1992,0.5
Maldives,Biology,1993-1997,3.0
Maldives,Biology,1998-2002,2.833333333333333
Maldives,Biology,2003-2007,1.142857142857142
Maldives,Biology,2008-2012,2.5
Maldives,Biology,2013-2017,9.054761904761897
Maldives,Biomedical Research,2003-2007,1.0
Maldives,Biomedical Research,2008-2012,0.7
Maldives,Biomedical Research,2013-2017,3.788888888888887
Maldives,Chemistry,2013-2017,0.2
Maldives,Clinical Medicine,1973-1977,1.0
Maldives,Clinical Medicine,1998-2002,0.333333333333333
Maldives,Clinical Medicine,2003-2007,2.333333333333333
Maldives,Clinical Medicine,2008-2012,2.2942982456140344
Maldives,Clinical Medicine,2013-2017,5.101659451659449
Maldives,Earth and Space,1993-1997,1.0
Maldives,Earth and Space,1998-2002,2.5
Maldives,Earth and Space,2003-2007,1.233333333333333
Maldives,Earth and Space,2008-2012,2.0392857142857124
Maldives,Earth and Space,2013-2017,4.701190476190471
Maldives,Engineering and Technology,2008-2012,0.833333333333333
Maldives,Engineering and Technology,2013-2017,0.2
Maldives,Health,1973-1977,1.0
Maldives,Health,1998-2002,0.5
Maldives,Health,2003-2007,1.666666666666666
Maldives,Health,2008-2012,1.25
Maldives,Humanities,1983-1987,0.5
Maldives,Physics,2008-2012,0.25
Maldives,Professional Fields,1998-2002,0.5
Maldives,Professional Fields,2003-2007,0.5
Maldives,Professional Fields,2008-2012,0.5
Maldives,Professional Fields,2013-2017,1.458333333333333
Maldives,Psychology,1988-1992,1.0
Maldives,Social Sciences,1998-2002,1.0
Mali,Arts,1978-1982,1.0
Mali,Arts,1983-1987,6.0
Mali,Arts,1993-1997,1.5
Mali,Arts,2003-2007,2.0
Mali,Arts,2013-2017,2.0
Mali,Biology,1973-1977,4.833333333333333
Mali,Biology,1978-1982,10.999999999999998
Mali,Biology,1983-1987,15.166666666666659
Mali,Biology,1988-1992,12.41666666666666
Mali,Biology,1993-1997,16.866666666666646
Mali,Biology,1998-2002,35.759523809523756
Mali,Biology,2003-2007,50.849999999999916
Mali,Biology,2008-2012,58.82259199134191
Mali,Biology,2013-2017,53.97252249666035
Mali,Biomedical Research,1973-1977,3.0
Mali,Biomedical Research,1978-1982,3.483333333333333
Mali,Biomedical Research,1983-1987,0.75
Mali,Biomedical Research,1988-1992,2.2
Mali,Biomedical Research,1993-1997,4.997222222222221
Mali,Biomedical Research,1998-2002,7.2928571428571365
Mali,Biomedical Research,2003-2007,13.075732600732566
Mali,Biomedical Research,2008-2012,30.88005762512333
Mali,Biomedical Research,2013-2017,34.61909254879451
Mali,Chemistry,1978-1982,0.5
Mali,Chemistry,1983-1987,0.333333333333333
Mali,Chemistry,1988-1992,1.533333333333333
Mali,Chemistry,1993-1997,1.0
Mali,Chemistry,2003-2007,1.458333333333333
Mali,Chemistry,2008-2012,1.266666666666665
Mali,Chemistry,2013-2017,1.7499999999999991
Mali,Clinical Medicine,1973-1977,3.916666666666666
Mali,Clinical Medicine,1978-1982,22.899999999999995
Mali,Clinical Medicine,1983-1987,29.033333333333324
Mali,Clinical Medicine,1988-1992,42.10952380952379
Mali,Clinical Medicine,1993-1997,63.72361111111106
Mali,Clinical Medicine,1998-2002,45.863095238095184
Mali,Clinical Medicine,2003-2007,72.08059718059708
Mali,Clinical Medicine,2008-2012,111.81925402688582
Mali,Clinical Medicine,2013-2017,106.57400552133342
Mali,Earth and Space,1983-1987,2.283333333333326
Mali,Earth and Space,1988-1992,3.2833333333333328
Mali,Earth and Space,1993-1997,1.083333333333333
Mali,Earth and Space,1998-2002,1.25
Mali,Earth and Space,2003-2007,2.966666666666666
Mali,Earth and Space,2008-2012,10.955708180708163
Mali,Earth and Space,2013-2017,15.073484848484824
Mali,Engineering and Technology,1988-1992,0.5
Mali,Engineering and Technology,1993-1997,0.5
Mali,Engineering and Technology,1998-2002,0.5
Mali,Engineering and Technology,2003-2007,1.666666666666666
Mali,Engineering and Technology,2008-2012,2.652380952380952
Mali,Engineering and Technology,2013-2017,5.4499999999999975
Mali,Health,1988-1992,0.666666666666666
Mali,Health,1993-1997,3.266666666666656
Mali,Health,1998-2002,1.9833333333333298
Mali,Health,2003-2007,5.628571428571423
Mali,Health,2008-2012,12.498809523809506
Mali,Health,2013-2017,17.94899406149404
Mali,Humanities,1983-1987,3.0
Mali,Humanities,1988-1992,0.5
Mali,Humanities,2003-2007,1.0
Mali,Humanities,2008-2012,3.0
Mali,Humanities,2013-2017,0.5
Mali,Mathematics,1983-1987,0.5
Mali,Mathematics,1993-1997,0.333333333333333
Mali,Mathematics,2003-2007,1.0
Mali,Mathematics,2008-2012,3.5
Mali,Mathematics,2013-2017,3.5
Mali,Physics,1973-1977,1.0
Mali,Physics,1983-1987,1.0
Mali,Physics,1988-1992,1.0
Mali,Physics,2003-2007,1.0
Mali,Physics,2008-2012,0.583333333333333
Mali,Physics,2013-2017,0.75
Mali,Professional Fields,1983-1987,1.5
Mali,Professional Fields,2008-2012,1.2
Mali,Professional Fields,2013-2017,4.116666666666666
Mali,Psychology,1983-1987,1.0
Mali,Psychology,1998-2002,0.333333333333333
Mali,Psychology,2008-2012,0.2267732267732259
Mali,Psychology,2013-2017,0.1
Mali,Social Sciences,1973-1977,1.0
Mali,Social Sciences,1978-1982,3.5
Mali,Social Sciences,1983-1987,3.0
Mali,Social Sciences,1988-1992,6.499999999999999
Mali,Social Sciences,1993-1997,2.999999999999996
Mali,Social Sciences,1998-2002,6.799999999999999
Mali,Social Sciences,2003-2007,1.991666666666666
Mali,Social Sciences,2008-2012,7.749999999999989
Mali,Social Sciences,2013-2017,11.768722943722938
Malta,Arts,1988-1992,1.0
Malta,Arts,1998-2002,2.33333333333333
Malta,Arts,2003-2007,2.0
Malta,Arts,2008-2012,4.66666666666666
Malta,Arts,2013-2017,10.299999999999994
Malta,Biology,1973-1977,16.833333333333332
Malta,Biology,1978-1982,12.5
Malta,Biology,1983-1987,2.0
Malta,Biology,1988-1992,2.833333333333332
Malta,Biology,1993-1997,2.75
Malta,Biology,1998-2002,7.08333333333333
Malta,Biology,2003-2007,14.225992063492049
Malta,Biology,2008-2012,38.953311965811935
Malta,Biology,2013-2017,62.36019086691469
Malta,Biomedical Research,1973-1977,22.13333333333331
Malta,Biomedical Research,1978-1982,5.749999999999989
Malta,Biomedical Research,1983-1987,0.666666666666666
Malta,Biomedical Research,1988-1992,6.021428571428567
Malta,Biomedical Research,1993-1997,12.414999999999988
Malta,Biomedical Research,1998-2002,24.75
Malta,Biomedical Research,2003-2007,27.23233155733153
Malta,Biomedical Research,2008-2012,17.716477060467916
Malta,Biomedical Research,2013-2017,49.615899496177036
Malta,Chemistry,1973-1977,1.0
Malta,Chemistry,1978-1982,4.166666666666666
Malta,Chemistry,1988-1992,2.25
Malta,Chemistry,1993-1997,6.999999999999999
Malta,Chemistry,1998-2002,6.75
Malta,Chemistry,2003-2007,5.166666666666666
Malta,Chemistry,2008-2012,2.166666666666666
Malta,Chemistry,2013-2017,30.31666666666664
Malta,Clinical Medicine,1973-1977,20.5
Malta,Clinical Medicine,1978-1982,3.499999999999999
Malta,Clinical Medicine,1983-1987,7.833333333333333
Malta,Clinical Medicine,1988-1992,21.449999999999996
Malta,Clinical Medicine,1993-1997,33.62568542568542
Malta,Clinical Medicine,1998-2002,77.03407415597816
Malta,Clinical Medicine,2003-2007,62.646765353669345
Malta,Clinical Medicine,2008-2012,131.29896647856773
Malta,Clinical Medicine,2013-2017,238.17731819033267
Malta,Earth and Space,1983-1987,0.5
Malta,Earth and Space,1988-1992,1.0
Malta,Earth and Space,1993-1997,8.776190476190463
Malta,Earth and Space,1998-2002,10.37878787878787
Malta,Earth and Space,2003-2007,15.09391116130245
Malta,Earth and Space,2008-2012,31.741927034318294
Malta,Earth and Space,2013-2017,42.58572174178941
Malta,Engineering and Technology,1978-1982,8.5
Malta,Engineering and Technology,1983-1987,1.5
Malta,Engineering and Technology,1988-1992,1.833333333333333
Malta,Engineering and Technology,1993-1997,9.833333333333332
Malta,Engineering and Technology,1998-2002,13.533333333333333
Malta,Engineering and Technology,2003-2007,22.916666666666654
Malta,Engineering and Technology,2008-2012,53.280952380952336
Malta,Engineering and Technology,2013-2017,114.41790382819785
Malta,Health,1973-1977,1.0
Malta,Health,1978-1982,2.0
Malta,Health,1988-1992,3.0
Malta,Health,1993-1997,6.166666666666666
Malta,Health,1998-2002,8.5
Malta,Health,2003-2007,6.9526315789473685
Malta,Health,2008-2012,18.69722777222777
Malta,Health,2013-2017,40.81501641633213
Malta,Humanities,1973-1977,2.0
Malta,Humanities,1978-1982,3.0
Malta,Humanities,1983-1987,3.0
Malta,Humanities,1988-1992,7.0
Malta,Humanities,1993-1997,18.0
Malta,Humanities,1998-2002,17.833333333333332
Malta,Humanities,2003-2007,18.0
Malta,Humanities,2008-2012,28.333333333333332
Malta,Humanities,2013-2017,40.252631578947344
Malta,Mathematics,1973-1977,2.0
Malta,Mathematics,1978-1982,2.0
Malta,Mathematics,1983-1987,1.5
Malta,Mathematics,1988-1992,0.5
Malta,Mathematics,1993-1997,6.0
Malta,Mathematics,1998-2002,3.5
Malta,Mathematics,2003-2007,9.75
Malta,Mathematics,2008-2012,19.166666666666654
Malta,Mathematics,2013-2017,38.83333333333332
Malta,Physics,1973-1977,2.0
Malta,Physics,1978-1982,1.0
Malta,Physics,1993-1997,1.4999999999999991
Malta,Physics,1998-2002,2.5
Malta,Physics,2003-2007,11.249999999999982
Malta,Physics,2008-2012,27.333333333333314
Malta,Physics,2013-2017,58.734205077912094
Malta,Professional Fields,1973-1977,1.0
Malta,Professional Fields,1978-1982,1.0
Malta,Professional Fields,1983-1987,4.0
Malta,Professional Fields,1988-1992,14.25
Malta,Professional Fields,1993-1997,12.066666666666663
Malta,Professional Fields,1998-2002,11.83333333333333
Malta,Professional Fields,2003-2007,8.166666666666663
Malta,Professional Fields,2008-2012,24.891287878787857
Malta,Professional Fields,2013-2017,38.250834193326355
Malta,Psychology,1998-2002,1.0
Malta,Psychology,2003-2007,3.1223158828748883
Malta,Psychology,2008-2012,9.474732620320845
Malta,Psychology,2013-2017,16.458600427350405
Malta,Social Sciences,1973-1977,0.833333333333333
Malta,Social Sciences,1978-1982,1.0
Malta,Social Sciences,1983-1987,2.0
Malta,Social Sciences,1988-1992,3.75
Malta,Social Sciences,1993-1997,14.0
Malta,Social Sciences,1998-2002,11.0
Malta,Social Sciences,2003-2007,14.861111111111104
Malta,Social Sciences,2008-2012,31.24999999999999
Malta,Social Sciences,2013-2017,39.92941176470587
Marshall Islands,Biology,1983-1987,1.0
Marshall Islands,Biology,1988-1992,2.833333333333333
Marshall Islands,Biology,1998-2002,0.5
Marshall Islands,Biology,2003-2007,1.166666666666666
Marshall Islands,Biology,2008-2012,1.185714285714285
Marshall Islands,Biology,2013-2017,0.5606060606060606
Marshall Islands,Biomedical Research,1983-1987,0.25
Marshall Islands,Biomedical Research,1993-1997,4.375
Marshall Islands,Biomedical Research,2003-2007,0.95
Marshall Islands,Biomedical Research,2008-2012,0.433333333333333
Marshall Islands,Biomedical Research,2013-2017,0.949999999999999
Marshall Islands,Chemistry,1993-1997,0.5
Marshall Islands,Clinical Medicine,1978-1982,0.25
Marshall Islands,Clinical Medicine,1988-1992,0.5
Marshall Islands,Clinical Medicine,1998-2002,0.166666666666666
Marshall Islands,Clinical Medicine,2003-2007,2.333333333333333
Marshall Islands,Clinical Medicine,2008-2012,1.749999999999999
Marshall Islands,Clinical Medicine,2013-2017,0.522222222222222
Marshall Islands,Earth and Space,1978-1982,1.0
Marshall Islands,Earth and Space,1993-1997,2.0
Marshall Islands,Earth and Space,1998-2002,1.25
Marshall Islands,Earth and Space,2003-2007,0.3626373626373619
Marshall Islands,Earth and Space,2008-2012,1.666666666666666
Marshall Islands,Earth and Space,2013-2017,0.0934782608695652
Marshall Islands,Engineering and Technology,1998-2002,0.333333333333333
Marshall Islands,Engineering and Technology,2008-2012,0.25
Marshall Islands,Engineering and Technology,2013-2017,0.2
Marshall Islands,Health,1998-2002,0.2
Marshall Islands,Health,2008-2012,0.125
Marshall Islands,Health,2013-2017,0.3088235294117647
Marshall Islands,Humanities,2008-2012,1.0
Marshall Islands,Mathematics,2013-2017,0.5
Marshall Islands,Physics,1973-1977,1.0
Marshall Islands,Professional Fields,2008-2012,0.5
Marshall Islands,Psychology,1973-1977,0.5
Marshall Islands,Psychology,2013-2017,0.166666666666666
Marshall Islands,Social Sciences,1988-1992,1.0
Marshall Islands,Social Sciences,1993-1997,1.0
Marshall Islands,Social Sciences,2013-2017,0.583333333333333
Mauritania,Biology,1973-1977,2.0
Mauritania,Biology,1978-1982,0.5
Mauritania,Biology,1983-1987,1.0
Mauritania,Biology,1988-1992,0.45
Mauritania,Biology,1993-1997,3.999999999999993
Mauritania,Biology,1998-2002,6.233333333333331
Mauritania,Biology,2003-2007,9.374999999999988
Mauritania,Biology,2008-2012,8.219022644022639
Mauritania,Biology,2013-2017,11.976190476190455
Mauritania,Biomedical Research,1978-1982,1.0
Mauritania,Biomedical Research,1983-1987,0.5
Mauritania,Biomedical Research,1988-1992,1.03333333333333
Mauritania,Biomedical Research,1993-1997,1.5666666666666655
Mauritania,Biomedical Research,1998-2002,3.616666666666659
Mauritania,Biomedical Research,2003-2007,1.4
Mauritania,Biomedical Research,2008-2012,4.157142857142848
Mauritania,Biomedical Research,2013-2017,5.17698412698412
Mauritania,Chemistry,1998-2002,1.166666666666666
Mauritania,Chemistry,2003-2007,5.249999999999996
Mauritania,Chemistry,2008-2012,7.666666666666645
Mauritania,Chemistry,2013-2017,3.999999999999998
Mauritania,Clinical Medicine,1978-1982,2.5
Mauritania,Clinical Medicine,1983-1987,2.916666666666666
Mauritania,Clinical Medicine,1988-1992,5.666666666666666
Mauritania,Clinical Medicine,1993-1997,9.75
Mauritania,Clinical Medicine,1998-2002,9.599999999999994
Mauritania,Clinical Medicine,2003-2007,7.555555555555555
Mauritania,Clinical Medicine,2008-2012,4.486245216136516
Mauritania,Clinical Medicine,2013-2017,12.740966386554613
Mauritania,Earth and Space,1983-1987,1.666666666666666
Mauritania,Earth and Space,1988-1992,0.833333333333333
Mauritania,Earth and Space,1993-1997,0.833333333333333
Mauritania,Earth and Space,1998-2002,2.6999999999999993
Mauritania,Earth and Space,2003-2007,3.7333333333333307
Mauritania,Earth and Space,2008-2012,2.199999999999998
Mauritania,Earth and Space,2013-2017,6.424033816425118
Mauritania,Engineering and Technology,1983-1987,1.0
Mauritania,Engineering and Technology,1998-2002,2.083333333333333
Mauritania,Engineering and Technology,2003-2007,1.999999999999999
Mauritania,Engineering and Technology,2008-2012,1.533333333333333
Mauritania,Engineering and Technology,2013-2017,2.733333333333332
Mauritania,Health,1998-2002,0.6
Mauritania,Health,2003-2007,1.416666666666666
Mauritania,Health,2008-2012,1.25
Mauritania,Health,2013-2017,1.5166666666666648
Mauritania,Humanities,1988-1992,1.0
Mauritania,Humanities,1993-1997,1.0
Mauritania,Humanities,2013-2017,1.0
Mauritania,Mathematics,1988-1992,0.5
Mauritania,Mathematics,1993-1997,3.0
Mauritania,Mathematics,1998-2002,2.499999999999999
Mauritania,Mathematics,2003-2007,11.866666666666639
Mauritania,Mathematics,2008-2012,2.0
Mauritania,Mathematics,2013-2017,3.75
Mauritania,Physics,2013-2017,1.166666666666666
Mauritania,Professional Fields,1993-1997,1.0
Mauritania,Professional Fields,1998-2002,0.5
Mauritania,Professional Fields,2008-2012,0.333333333333333
Mauritania,Professional Fields,2013-2017,1.0
Mauritania,Psychology,1973-1977,1.0
Mauritania,Social Sciences,1978-1982,1.333333333333333
Mauritania,Social Sciences,1983-1987,2.0
Mauritania,Social Sciences,1993-1997,1.0
Mauritania,Social Sciences,2003-2007,0.5
Mauritania,Social Sciences,2008-2012,1.625
Mauritania,Social Sciences,2013-2017,0.916666666666666
Mauritius,Biology,1973-1977,20.25
Mauritius,Biology,1978-1982,28.0
Mauritius,Biology,1983-1987,12.0
Mauritius,Biology,1988-1992,23.83333333333333
Mauritius,Biology,1993-1997,16.666666666666664
Mauritius,Biology,1998-2002,44.58333333333331
Mauritius,Biology,2003-2007,38.52857142857139
Mauritius,Biology,2008-2012,36.34954212454208
Mauritius,Biology,2013-2017,61.41665343255726
Mauritius,Biomedical Research,1973-1977,1.0
Mauritius,Biomedical Research,1978-1982,2.666666666666663
Mauritius,Biomedical Research,1983-1987,2.0
Mauritius,Biomedical Research,1988-1992,1.0
Mauritius,Biomedical Research,1993-1997,5.291666666666666
Mauritius,Biomedical Research,1998-2002,9.023809523809522
Mauritius,Biomedical Research,2003-2007,14.693589743589722
Mauritius,Biomedical Research,2008-2012,22.958766233766212
Mauritius,Biomedical Research,2013-2017,33.491543716567016
Mauritius,Chemistry,1973-1977,0.5
Mauritius,Chemistry,1978-1982,1.0
Mauritius,Chemistry,1988-1992,0.5
Mauritius,Chemistry,1993-1997,3.5
Mauritius,Chemistry,1998-2002,19.5
Mauritius,Chemistry,2003-2007,24.999999999999993
Mauritius,Chemistry,2008-2012,23.249999999999975
Mauritius,Chemistry,2013-2017,37.40595238095233
Mauritius,Clinical Medicine,1973-1977,2.5
Mauritius,Clinical Medicine,1978-1982,2.0
Mauritius,Clinical Medicine,1983-1987,2.0
Mauritius,Clinical Medicine,1988-1992,5.499999999999991
Mauritius,Clinical Medicine,1993-1997,13.383333333333333
Mauritius,Clinical Medicine,1998-2002,11.779761904761894
Mauritius,Clinical Medicine,2003-2007,18.966666666666654
Mauritius,Clinical Medicine,2008-2012,21.74603174603172
Mauritius,Clinical Medicine,2013-2017,53.652680502735016
Mauritius,Earth and Space,1983-1987,2.0
Mauritius,Earth and Space,1993-1997,1.333333333333333
Mauritius,Earth and Space,1998-2002,17.45
Mauritius,Earth and Space,2003-2007,10.495833333333334
Mauritius,Earth and Space,2008-2012,16.800935828876987
Mauritius,Earth and Space,2013-2017,21.968070818070796
Mauritius,Engineering and Technology,1973-1977,1.5
Mauritius,Engineering and Technology,1978-1982,2.0
Mauritius,Engineering and Technology,1983-1987,3.0
Mauritius,Engineering and Technology,1988-1992,2.0
Mauritius,Engineering and Technology,1993-1997,7.5
Mauritius,Engineering and Technology,1998-2002,21.33333333333333
Mauritius,Engineering and Technology,2003-2007,14.083333333333332
Mauritius,Engineering and Technology,2008-2012,21.616666666666664
Mauritius,Engineering and Technology,2013-2017,47.2190476190476
Mauritius,Health,1993-1997,3.5
Mauritius,Health,1998-2002,1.0
Mauritius,Health,2003-2007,3.36666666666666
Mauritius,Health,2008-2012,2.783333333333332
Mauritius,Health,2013-2017,7.06666666666666
Mauritius,Humanities,1993-1997,1.0
Mauritius,Humanities,2008-2012,2.0
Mauritius,Humanities,2013-2017,7.0
Mauritius,Mathematics,1993-1997,1.75
Mauritius,Mathematics,1998-2002,8.0
Mauritius,Mathematics,2003-2007,5.0
Mauritius,Mathematics,2008-2012,19.58333333333333
Mauritius,Mathematics,2013-2017,11.499999999999996
Mauritius,Physics,1993-1997,2.5
Mauritius,Physics,1998-2002,1.166666666666666
Mauritius,Physics,2003-2007,6.5
Mauritius,Physics,2008-2012,8.833333333333332
Mauritius,Physics,2013-2017,3.999999999999999
Mauritius,Professional Fields,1973-1977,1.0
Mauritius,Professional Fields,1978-1982,1.5
Mauritius,Professional Fields,1993-1997,0.5
Mauritius,Professional Fields,1998-2002,1.0
Mauritius,Professional Fields,2003-2007,7.533333333333333
Mauritius,Professional Fields,2008-2012,24.39285714285713
Mauritius,Professional Fields,2013-2017,20.4175724637681
Mauritius,Psychology,2003-2007,0.0144927536231884
Mauritius,Psychology,2008-2012,2.0146520146520133
Mauritius,Psychology,2013-2017,2.7666666666666657
Mauritius,Social Sciences,1973-1977,1.0
Mauritius,Social Sciences,1978-1982,1.0
Mauritius,Social Sciences,1983-1987,0.5
Mauritius,Social Sciences,1988-1992,0.958333333333333
Mauritius,Social Sciences,1993-1997,1.5
Mauritius,Social Sciences,1998-2002,4.0
Mauritius,Social Sciences,2003-2007,8.0
Mauritius,Social Sciences,2008-2012,22.333333333333332
Mauritius,Social Sciences,2013-2017,25.041666666666643
Mexico,Arts,1973-1977,5.0
Mexico,Arts,1978-1982,16.0
Mexico,Arts,1983-1987,16.25
Mexico,Arts,1988-1992,12.0
Mexico,Arts,1993-1997,17.5
Mexico,Arts,1998-2002,19.0
Mexico,Arts,2003-2007,13.0
Mexico,Arts,2008-2012,48.08333333333333
Mexico,Arts,2013-2017,61.44166666666657
Mexico,Biology,1973-1977,141.14999999999986
Mexico,Biology,1978-1982,256.65119047619027
Mexico,Biology,1983-1987,624.9753968253962
Mexico,Biology,1988-1992,1112.6880952380936
Mexico,Biology,1993-1997,2046.7357142857095
Mexico,Biology,1998-2002,3078.9225090544037
Mexico,Biology,2003-2007,4765.116696212274
Mexico,Biology,2008-2012,6958.519570266304
Mexico,Biology,2013-2017,9523.210010510256
Mexico,Biomedical Research,1973-1977,282.6666666666664
Mexico,Biomedical Research,1978-1982,397.5207070707063
Mexico,Biomedical Research,1983-1987,651.2499999999989
Mexico,Biomedical Research,1988-1992,836.3817123264372
Mexico,Biomedical Research,1993-1997,1424.3989884083899
Mexico,Biomedical Research,1998-2002,1964.677258701733
Mexico,Biomedical Research,2003-2007,2702.70098975976
Mexico,Biomedical Research,2008-2012,3904.2939100666244
Mexico,Biomedical Research,2013-2017,5958.61001994932
Mexico,Chemistry,1973-1977,156.2499999999999
Mexico,Chemistry,1978-1982,230.54999999999959
Mexico,Chemistry,1983-1987,382.83333333333263
Mexico,Chemistry,1988-1992,543.7595238095229
Mexico,Chemistry,1993-1997,1098.2119047619021
Mexico,Chemistry,1998-2002,1610.1650793650736
Mexico,Chemistry,2003-2007,2497.5988038277465
Mexico,Chemistry,2008-2012,3178.7895363408466
Mexico,Chemistry,2013-2017,3954.590914685664
Mexico,Clinical Medicine,1973-1977,1338.1095238095213
Mexico,Clinical Medicine,1978-1982,1579.6708333333293
Mexico,Clinical Medicine,1983-1987,1761.3488978127111
Mexico,Clinical Medicine,1988-1992,1860.6582162002287
Mexico,Clinical Medicine,1993-1997,2552.6168510945927
Mexico,Clinical Medicine,1998-2002,3758.0266005952126
Mexico,Clinical Medicine,2003-2007,4952.338664259598
Mexico,Clinical Medicine,2008-2012,7217.851037968526
Mexico,Clinical Medicine,2013-2017,8826.145977654453
Mexico,Earth and Space,1973-1977,70.76666666666664
Mexico,Earth and Space,1978-1982,152.88015873015854
Mexico,Earth and Space,1983-1987,335.4595238095232
Mexico,Earth and Space,1988-1992,429.2563081554454
Mexico,Earth and Space,1993-1997,779.2776127788413
Mexico,Earth and Space,1998-2002,1406.4468145189298
Mexico,Earth and Space,2003-2007,2099.484667343621
Mexico,Earth and Space,2008-2012,2774.5307516660077
Mexico,Earth and Space,2013-2017,3896.9806809916545
Mexico,Engineering and Technology,1973-1977,58.54999999999997
Mexico,Engineering and Technology,1978-1982,147.7333333333333
Mexico,Engineering and Technology,1983-1987,206.8333333333331
Mexico,Engineering and Technology,1988-1992,370.08333333333275
Mexico,Engineering and Technology,1993-1997,741.4547619047602
Mexico,Engineering and Technology,1998-2002,1812.3503968253935
Mexico,Engineering and Technology,2003-2007,3375.5659812409713
Mexico,Engineering and Technology,2008-2012,4835.25778793281
Mexico,Engineering and Technology,2013-2017,7553.010268810875
Mexico,Health,1973-1977,5.5
Mexico,Health,1978-1982,12.49999999999999
Mexico,Health,1983-1987,8.333333333333329
Mexico,Health,1988-1992,24.783333333333324
Mexico,Health,1993-1997,308.2909090909089
Mexico,Health,1998-2002,335.37738095238063
Mexico,Health,2003-2007,417.5563815269692
Mexico,Health,2008-2012,675.3483150019905
Mexico,Health,2013-2017,775.1695350644026
Mexico,Humanities,1973-1977,86.0
Mexico,Humanities,1978-1982,92.5
Mexico,Humanities,1983-1987,149.0
Mexico,Humanities,1988-1992,165.0
Mexico,Humanities,1993-1997,176.25
Mexico,Humanities,1998-2002,251.83333333333331
Mexico,Humanities,2003-2007,207.4499999999999
Mexico,Humanities,2008-2012,395.06501831501794
Mexico,Humanities,2013-2017,580.0651727357603
Mexico,Mathematics,1973-1977,34.41666666666666
Mexico,Mathematics,1978-1982,55.24999999999991
Mexico,Mathematics,1983-1987,140.83333333333306
Mexico,Mathematics,1988-1992,201.16666666666646
Mexico,Mathematics,1993-1997,309.73333333333284
Mexico,Mathematics,1998-2002,632.3333333333323
Mexico,Mathematics,2003-2007,919.8571428571412
Mexico,Mathematics,2008-2012,1306.0511904761859
Mexico,Mathematics,2013-2017,1807.8436868686795
Mexico,Physics,1973-1977,284.53333333333296
Mexico,Physics,1978-1982,472.3166666666655
Mexico,Physics,1983-1987,671.8023809523794
Mexico,Physics,1988-1992,994.0056489262349
Mexico,Physics,1993-1997,2166.869521956108
Mexico,Physics,1998-2002,3398.336441383844
Mexico,Physics,2003-2007,4159.77033058472
Mexico,Physics,2008-2012,3940.2833765646274
Mexico,Physics,2013-2017,4492.360011617523
Mexico,Professional Fields,1973-1977,64.37619047619046
Mexico,Professional Fields,1978-1982,38.11666666666665
Mexico,Professional Fields,1983-1987,25.16666666666666
Mexico,Professional Fields,1988-1992,34.16666666666666
Mexico,Professional Fields,1993-1997,66.08333333333331
Mexico,Professional Fields,1998-2002,111.6833333333332
Mexico,Professional Fields,2003-2007,154.72619047619023
Mexico,Professional Fields,2008-2012,424.4937629399577
Mexico,Professional Fields,2013-2017,581.9819494520028
Mexico,Psychology,1973-1977,68.94999999999999
Mexico,Psychology,1978-1982,59.899999999999984
Mexico,Psychology,1983-1987,54.309523809523796
Mexico,Psychology,1988-1992,87.4833333333333
Mexico,Psychology,1993-1997,201.74999999999946
Mexico,Psychology,1998-2002,239.94047619047578
Mexico,Psychology,2003-2007,322.1645726340596
Mexico,Psychology,2008-2012,409.17701687640147
Mexico,Psychology,2013-2017,483.5761681974815
Mexico,Social Sciences,1973-1977,101.5
Mexico,Social Sciences,1978-1982,271.0944444444444
Mexico,Social Sciences,1983-1987,128.99999999999994
Mexico,Social Sciences,1988-1992,129.03333333333325
Mexico,Social Sciences,1993-1997,202.63383838383794
Mexico,Social Sciences,1998-2002,269.569444444444
Mexico,Social Sciences,2003-2007,477.8873376623368
Mexico,Social Sciences,2008-2012,1140.299696545283
Mexico,Social Sciences,2013-2017,1390.9873638730814
Monaco,Arts,2008-2012,1.0
Monaco,Biology,1973-1977,10.0
Monaco,Biology,1978-1982,19.83333333333333
Monaco,Biology,1983-1987,15.16666666666666
Monaco,Biology,1988-1992,11.583333333333318
Monaco,Biology,1993-1997,22.185714285714255
Monaco,Biology,1998-2002,18.509523809523778
Monaco,Biology,2003-2007,28.949999999999978
Monaco,Biology,2008-2012,22.510689310689276
Monaco,Biology,2013-2017,16.18445165945164
Monaco,Biomedical Research,1973-1977,10.58333333333333
Monaco,Biomedical Research,1978-1982,4.83333333333333
Monaco,Biomedical Research,1983-1987,3.666666666666666
Monaco,Biomedical Research,1988-1992,5.083333333333333
Monaco,Biomedical Research,1993-1997,8.616666666666664
Monaco,Biomedical Research,1998-2002,7.066666666666659
Monaco,Biomedical Research,2003-2007,10.816666666666665
Monaco,Biomedical Research,2008-2012,13.01488095238092
Monaco,Biomedical Research,2013-2017,27.556676219603748
Monaco,Chemistry,1973-1977,4.333333333333333
Monaco,Chemistry,1978-1982,4.333333333333332
Monaco,Chemistry,1983-1987,7.75
Monaco,Chemistry,1988-1992,4.833333333333333
Monaco,Chemistry,1993-1997,5.999999999999998
Monaco,Chemistry,1998-2002,21.14047619047617
Monaco,Chemistry,2003-2007,9.631788931788932
Monaco,Chemistry,2008-2012,8.070370370370359
Monaco,Chemistry,2013-2017,10.26858974358974
Monaco,Clinical Medicine,1973-1977,18.25
Monaco,Clinical Medicine,1978-1982,3.666666666666666
Monaco,Clinical Medicine,1983-1987,18.166666666666664
Monaco,Clinical Medicine,1988-1992,25.02499999999999
Monaco,Clinical Medicine,1993-1997,30.71666666666664
Monaco,Clinical Medicine,1998-2002,28.863888888888862
Monaco,Clinical Medicine,2003-2007,48.844587819587794
Monaco,Clinical Medicine,2008-2012,53.8260822510822
Monaco,Clinical Medicine,2013-2017,61.63645800503995
Monaco,Earth and Space,1973-1977,9.333333333333332
Monaco,Earth and Space,1978-1982,22.0
Monaco,Earth and Space,1983-1987,38.49999999999999
Monaco,Earth and Space,1988-1992,27.33333333333332
Monaco,Earth and Space,1993-1997,22.311111111111092
Monaco,Earth and Space,1998-2002,34.70989565989557
Monaco,Earth and Space,2003-2007,31.850407925407875
Monaco,Earth and Space,2008-2012,33.94094669173052
Monaco,Earth and Space,2013-2017,27.61930348237439
Monaco,Engineering and Technology,1973-1977,1.0
Monaco,Engineering and Technology,1978-1982,2.5
Monaco,Engineering and Technology,1983-1987,4.0
Monaco,Engineering and Technology,1988-1992,0.5
Monaco,Engineering and Technology,1998-2002,2.183333333333332
Monaco,Engineering and Technology,2003-2007,1.4999999999999991
Monaco,Engineering and Technology,2008-2012,3.1166666666666663
Monaco,Engineering and Technology,2013-2017,1.4880952380952372
Monaco,Health,1998-2002,0.5
Monaco,Health,2008-2012,0.2
Monaco,Health,2013-2017,0.458333333333333
Monaco,Humanities,1973-1977,0.5
Monaco,Humanities,1978-1982,1.0
Monaco,Humanities,2008-2012,1.0
Monaco,Humanities,2013-2017,0.5
Monaco,Mathematics,2003-2007,1.25
Monaco,Mathematics,2008-2012,1.0
Monaco,Mathematics,2013-2017,1.0
Monaco,Physics,1983-1987,1.333333333333333
Monaco,Physics,1988-1992,1.0
Monaco,Physics,1993-1997,0.333333333333333
Monaco,Physics,1998-2002,1.166666666666666
Monaco,Physics,2003-2007,5.583333333333333
Monaco,Physics,2008-2012,2.726190476190475
Monaco,Physics,2013-2017,2.787887684432398
Monaco,Professional Fields,1978-1982,1.0
Monaco,Professional Fields,2008-2012,0.5
Monaco,Professional Fields,2013-2017,8.45202020202019
Monaco,Psychology,2003-2007,0.5
Monaco,Psychology,2008-2012,0.410714285714285
Monaco,Psychology,2013-2017,0.41666666666666596
Monaco,Social Sciences,1973-1977,0.5
Monaco,Social Sciences,1983-1987,0.333333333333333
Monaco,Social Sciences,1993-1997,1.0
Monaco,Social Sciences,2008-2012,0.6880341880341879
Monaco,Social Sciences,2013-2017,2.6666666666666656
Mongolia,Arts,2003-2007,0.333333333333333
Mongolia,Arts,2008-2012,0.333333333333333
Mongolia,Biology,1973-1977,1.0
Mongolia,Biology,1978-1982,3.166666666666666
Mongolia,Biology,1983-1987,6.199999999999996
Mongolia,Biology,1988-1992,5.066666666666666
Mongolia,Biology,1993-1997,10.392857142857128
Mongolia,Biology,1998-2002,16.06666666666666
Mongolia,Biology,2003-2007,23.87619047619044
Mongolia,Biology,2008-2012,60.93266252717463
Mongolia,Biology,2013-2017,74.17846963101478
Mongolia,Biomedical Research,1973-1977,5.416666666666653
Mongolia,Biomedical Research,1978-1982,16.333333333333314
Mongolia,Biomedical Research,1983-1987,11.333333333333314
Mongolia,Biomedical Research,1988-1992,13.666666666666654
Mongolia,Biomedical Research,1993-1997,15.018290043290023
Mongolia,Biomedical Research,1998-2002,4.174999999999998
Mongolia,Biomedical Research,2003-2007,17.500743700743676
Mongolia,Biomedical Research,2008-2012,35.97830086580078
Mongolia,Biomedical Research,2013-2017,54.359237970217634
Mongolia,Chemistry,1973-1977,1.0
Mongolia,Chemistry,1978-1982,7.0
Mongolia,Chemistry,1983-1987,10.5
Mongolia,Chemistry,1988-1992,11.333333333333332
Mongolia,Chemistry,1993-1997,8.166666666666663
Mongolia,Chemistry,1998-2002,14.36666666666666
Mongolia,Chemistry,2003-2007,13.53333333333333
Mongolia,Chemistry,2008-2012,14.4016806722689
Mongolia,Chemistry,2013-2017,16.159523809523787
Mongolia,Clinical Medicine,1973-1977,2.933333333333332
Mongolia,Clinical Medicine,1978-1982,7.5777777777777775
Mongolia,Clinical Medicine,1983-1987,12.083333333333332
Mongolia,Clinical Medicine,1988-1992,17.14285714285713
Mongolia,Clinical Medicine,1993-1997,5.433333333333332
Mongolia,Clinical Medicine,1998-2002,15.33749999999998
Mongolia,Clinical Medicine,2003-2007,25.73690476190475
Mongolia,Clinical Medicine,2008-2012,62.37669367276743
Mongolia,Clinical Medicine,2013-2017,65.01264519263734
Mongolia,Earth and Space,1973-1977,6.916666666666653
Mongolia,Earth and Space,1978-1982,10.56666666666665
Mongolia,Earth and Space,1983-1987,12.58333333333332
Mongolia,Earth and Space,1988-1992,8.833333333333332
Mongolia,Earth and Space,1993-1997,11.049999999999981
Mongolia,Earth and Space,1998-2002,18.495238095238065
Mongolia,Earth and Space,2003-2007,29.458766233766177
Mongolia,Earth and Space,2008-2012,55.00849150849136
Mongolia,Earth and Space,2013-2017,82.45841230026
Mongolia,Engineering and Technology,1983-1987,1.0
Mongolia,Engineering and Technology,1988-1992,2.0
Mongolia,Engineering and Technology,1993-1997,1.666666666666666
Mongolia,Engineering and Technology,1998-2002,11.649999999999974
Mongolia,Engineering and Technology,2003-2007,13.18333333333333
Mongolia,Engineering and Technology,2008-2012,19.559523809523775
Mongolia,Engineering and Technology,2013-2017,39.020634920634876
Mongolia,Health,1993-1997,0.666666666666666
Mongolia,Health,2003-2007,3.916666666666665
Mongolia,Health,2008-2012,7.70119047619046
Mongolia,Health,2013-2017,14.38167388167386
Mongolia,Humanities,1973-1977,0.333333333333333
Mongolia,Humanities,1978-1982,1.0
Mongolia,Humanities,2003-2007,1.0
Mongolia,Humanities,2013-2017,1.5
Mongolia,Mathematics,1978-1982,2.5
Mongolia,Mathematics,1983-1987,0.5
Mongolia,Mathematics,1988-1992,2.0
Mongolia,Mathematics,1998-2002,4.0
Mongolia,Mathematics,2003-2007,4.16666666666666
Mongolia,Mathematics,2008-2012,10.58333333333333
Mongolia,Mathematics,2013-2017,25.099999999999948
Mongolia,Physics,1973-1977,0.9135854341736687
Mongolia,Physics,1978-1982,0.7827985739750439
Mongolia,Physics,1983-1987,9.432434640522864
Mongolia,Physics,1988-1992,16.221428571428543
Mongolia,Physics,1993-1997,16.16666666666664
Mongolia,Physics,1998-2002,6.583333333333329
Mongolia,Physics,2003-2007,8.200440176070419
Mongolia,Physics,2008-2012,17.436431917353648
Mongolia,Physics,2013-2017,25.58998991146308
Mongolia,Professional Fields,1978-1982,1.0
Mongolia,Professional Fields,1988-1992,0.333333333333333
Mongolia,Professional Fields,2008-2012,1.437373737373737
Mongolia,Professional Fields,2013-2017,2.094202898550724
Mongolia,Psychology,1993-1997,1.4
Mongolia,Psychology,1998-2002,0.666666666666666
Mongolia,Psychology,2008-2012,0.333333333333333
Mongolia,Psychology,2013-2017,1.833333333333332
Mongolia,Social Sciences,1973-1977,1.0
Mongolia,Social Sciences,1978-1982,1.0
Mongolia,Social Sciences,1983-1987,2.0
Mongolia,Social Sciences,1988-1992,1.0
Mongolia,Social Sciences,1993-1997,5.833333333333333
Mongolia,Social Sciences,1998-2002,6.833333333333333
Mongolia,Social Sciences,2003-2007,3.166666666666666
Mongolia,Social Sciences,2008-2012,6.976190476190473
Mongolia,Social Sciences,2013-2017,17.544444444444395
Montenegro,Arts,2013-2017,2.5
Montenegro,Biology,2003-2007,4.03333333333333
Montenegro,Biology,2008-2012,45.125394441049714
Montenegro,Biology,2013-2017,93.06732336808938
Montenegro,Biomedical Research,2003-2007,2.283333333333333
Montenegro,Biomedical Research,2008-2012,21.254761904761885
Montenegro,Biomedical Research,2013-2017,29.219146539734727
Montenegro,Chemistry,2003-2007,3.399999999999989
Montenegro,Chemistry,2008-2012,8.816666666666652
Montenegro,Chemistry,2013-2017,16.426923076923057
Montenegro,Clinical Medicine,2003-2007,2.189560439560437
Montenegro,Clinical Medicine,2008-2012,56.2826337551337
Montenegro,Clinical Medicine,2013-2017,103.63642264846514
Montenegro,Earth and Space,2003-2007,1.333333333333333
Montenegro,Earth and Space,2008-2012,15.749999999999984
Montenegro,Earth and Space,2013-2017,39.24056022408961
Montenegro,Engineering and Technology,1993-1997,1.0
Montenegro,Engineering and Technology,2003-2007,12.083333333333325
Montenegro,Engineering and Technology,2008-2012,120.95952380952349
Montenegro,Engineering and Technology,2013-2017,180.90039682539657
Montenegro,Health,2003-2007,0.25
Montenegro,Health,2008-2012,0.25
Montenegro,Health,2013-2017,5.68611111111111
Montenegro,Humanities,2008-2012,5.0
Montenegro,Humanities,2013-2017,66.0
Montenegro,Mathematics,2003-2007,5.333333333333333
Montenegro,Mathematics,2008-2012,54.699999999999946
Montenegro,Mathematics,2013-2017,81.91666666666659
Montenegro,Physics,1988-1992,0.5
Montenegro,Physics,2003-2007,5.249329064959308
Montenegro,Physics,2008-2012,19.840365101601456
Montenegro,Physics,2013-2017,27.97827212554683
Montenegro,Professional Fields,2008-2012,2.666666666666666
Montenegro,Professional Fields,2013-2017,17.526190476190465
Montenegro,Psychology,2008-2012,0.0909090909090909
Montenegro,Psychology,2013-2017,1.333333333333333
Montenegro,Social Sciences,2003-2007,1.5
Montenegro,Social Sciences,2008-2012,8.66666666666665
Montenegro,Social Sciences,2013-2017,35.68333333333331
Morocco,Arts,1978-1982,2.0
Morocco,Arts,1998-2002,3.5
Morocco,Arts,2003-2007,2.333333333333333
Morocco,Arts,2008-2012,2.833333333333333
Morocco,Arts,2013-2017,4.166666666666666
Morocco,Biology,1973-1977,32.49999999999997
Morocco,Biology,1978-1982,50.999999999999986
Morocco,Biology,1983-1987,76.08333333333329
Morocco,Biology,1988-1992,149.06666666666644
Morocco,Biology,1993-1997,149.56666666666632
Morocco,Biology,1998-2002,271.51666666666586
Morocco,Biology,2003-2007,279.62261904761823
Morocco,Biology,2008-2012,317.6639971139965
Morocco,Biology,2013-2017,479.74547724246275
Morocco,Biomedical Research,1973-1977,21.94999999999999
Morocco,Biomedical Research,1978-1982,33.90476190476189
Morocco,Biomedical Research,1983-1987,23.861111111111104
Morocco,Biomedical Research,1988-1992,34.03730158730155
Morocco,Biomedical Research,1993-1997,85.96620879120867
Morocco,Biomedical Research,1998-2002,127.253736949325
Morocco,Biomedical Research,2003-2007,154.24241036741006
Morocco,Biomedical Research,2008-2012,217.30774611421703
Morocco,Biomedical Research,2013-2017,313.5960704218099
Morocco,Chemistry,1973-1977,10.0
Morocco,Chemistry,1978-1982,46.09999999999997
Morocco,Chemistry,1983-1987,73.33333333333327
Morocco,Chemistry,1988-1992,174.8928571428566
Morocco,Chemistry,1993-1997,355.8380952380941
Morocco,Chemistry,1998-2002,657.3333333333318
Morocco,Chemistry,2003-2007,514.3198841698834
Morocco,Chemistry,2008-2012,654.3255291005278
Morocco,Chemistry,2013-2017,619.5136904761896
Morocco,Clinical Medicine,1973-1977,40.58333333333333
Morocco,Clinical Medicine,1978-1982,194.61666666666667
Morocco,Clinical Medicine,1983-1987,179.32222222222214
Morocco,Clinical Medicine,1988-1992,225.3666666666665
Morocco,Clinical Medicine,1993-1997,492.10033577533545
Morocco,Clinical Medicine,1998-2002,910.1203883390945
Morocco,Clinical Medicine,2003-2007,881.0723460091095
Morocco,Clinical Medicine,2008-2012,1409.522231535445
Morocco,Clinical Medicine,2013-2017,1155.5930433523058
Morocco,Earth and Space,1973-1977,5.166666666666666
Morocco,Earth and Space,1978-1982,15.333333333333329
Morocco,Earth and Space,1983-1987,42.15833333333329
Morocco,Earth and Space,1988-1992,53.52619047619041
Morocco,Earth and Space,1993-1997,104.08270580750138
Morocco,Earth and Space,1998-2002,238.57821750321673
Morocco,Earth and Space,2003-2007,252.348486976799
Morocco,Earth and Space,2008-2012,297.78417138417086
Morocco,Earth and Space,2013-2017,412.5955804033079
Morocco,Engineering and Technology,1978-1982,13.999999999999993
Morocco,Engineering and Technology,1983-1987,22.333333333333325
Morocco,Engineering and Technology,1988-1992,80.2666666666666
Morocco,Engineering and Technology,1993-1997,133.6833333333332
Morocco,Engineering and Technology,1998-2002,356.7023809523798
Morocco,Engineering and Technology,2003-2007,410.10833333333187
Morocco,Engineering and Technology,2008-2012,523.26526373835
Morocco,Engineering and Technology,2013-2017,1034.7566940414351
Morocco,Health,1983-1987,1.333333333333333
Morocco,Health,1993-1997,0.25
Morocco,Health,1998-2002,2.4694444444444428
Morocco,Health,2003-2007,4.708333333333333
Morocco,Health,2008-2012,25.42777777777776
Morocco,Health,2013-2017,65.73315040567388
Morocco,Humanities,1973-1977,2.0
Morocco,Humanities,1978-1982,17.0
Morocco,Humanities,1983-1987,17.5
Morocco,Humanities,1988-1992,19.5
Morocco,Humanities,1993-1997,13.5
Morocco,Humanities,1998-2002,14.5
Morocco,Humanities,2003-2007,16.0
Morocco,Humanities,2008-2012,25.433333333333334
Morocco,Humanities,2013-2017,26.5
Morocco,Mathematics,1973-1977,11.0
Morocco,Mathematics,1978-1982,14.5
Morocco,Mathematics,1983-1987,26.91666666666666
Morocco,Mathematics,1988-1992,66.83333333333323
Morocco,Mathematics,1993-1997,128.58333333333292
Morocco,Mathematics,1998-2002,319.36666666666605
Morocco,Mathematics,2003-2007,408.89285714285654
Morocco,Mathematics,2008-2012,533.8333333333327
Morocco,Mathematics,2013-2017,580.249999999999
Morocco,Physics,1973-1977,0.5
Morocco,Physics,1978-1982,13.083333333333329
Morocco,Physics,1983-1987,27.599999999999984
Morocco,Physics,1988-1992,99.26554117388952
Morocco,Physics,1993-1997,265.7166324269258
Morocco,Physics,1998-2002,562.7730851698253
Morocco,Physics,2003-2007,491.36170960227844
Morocco,Physics,2008-2012,437.1730717918307
Morocco,Physics,2013-2017,979.2442546494145
Morocco,Professional Fields,1973-1977,2.5
Morocco,Professional Fields,1978-1982,2.83333333333333
Morocco,Professional Fields,1983-1987,8.0
Morocco,Professional Fields,1988-1992,5.666666666666666
Morocco,Professional Fields,1993-1997,4.0
Morocco,Professional Fields,1998-2002,3.0
Morocco,Professional Fields,2003-2007,6.4999999999999964
Morocco,Professional Fields,2008-2012,18.99999999999998
Morocco,Professional Fields,2013-2017,37.79836956521736
Morocco,Psychology,1978-1982,5.33333333333333
Morocco,Psychology,1988-1992,3.25
Morocco,Psychology,1993-1997,1.566666666666666
Morocco,Psychology,1998-2002,2.866666666666666
Morocco,Psychology,2003-2007,1.7
Morocco,Psychology,2008-2012,8.083333333333332
Morocco,Psychology,2013-2017,7.506043249203625
Morocco,Social Sciences,1973-1977,6.0
Morocco,Social Sciences,1978-1982,8.5
Morocco,Social Sciences,1983-1987,14.0
Morocco,Social Sciences,1988-1992,8.1
Morocco,Social Sciences,1993-1997,6.333333333333329
Morocco,Social Sciences,1998-2002,15.574999999999996
Morocco,Social Sciences,2003-2007,21.492857142857133
Morocco,Social Sciences,2008-2012,39.71587301587298
Morocco,Social Sciences,2013-2017,59.75265567765561
Mozambique,Arts,1978-1982,1.0
Mozambique,Arts,2013-2017,1.0
Mozambique,Biology,1973-1977,3.0
Mozambique,Biology,1978-1982,2.0
Mozambique,Biology,1983-1987,6.5
Mozambique,Biology,1988-1992,8.5
Mozambique,Biology,1993-1997,10.166666666666666
Mozambique,Biology,1998-2002,32.33333333333331
Mozambique,Biology,2003-2007,34.84090909090906
Mozambique,Biology,2008-2012,32.54856809856803
Mozambique,Biology,2013-2017,56.765212401976996
Mozambique,Biomedical Research,1973-1977,2.5
Mozambique,Biomedical Research,1983-1987,1.916666666666666
Mozambique,Biomedical Research,1993-1997,2.166666666666666
Mozambique,Biomedical Research,1998-2002,6.233333333333323
Mozambique,Biomedical Research,2003-2007,10.571428571428545
Mozambique,Biomedical Research,2008-2012,29.550738396257866
Mozambique,Biomedical Research,2013-2017,68.08654013472598
Mozambique,Chemistry,1973-1977,5.0
Mozambique,Chemistry,1983-1987,1.166666666666666
Mozambique,Chemistry,1988-1992,0.5
Mozambique,Chemistry,1998-2002,1.0
Mozambique,Chemistry,2003-2007,4.0
Mozambique,Chemistry,2008-2012,2.033333333333333
Mozambique,Chemistry,2013-2017,4.683333333333332
Mozambique,Clinical Medicine,1973-1977,12.333333333333329
Mozambique,Clinical Medicine,1978-1982,8.5
Mozambique,Clinical Medicine,1983-1987,13.49999999999999
Mozambique,Clinical Medicine,1988-1992,27.999999999999975
Mozambique,Clinical Medicine,1993-1997,37.78452380952377
Mozambique,Clinical Medicine,1998-2002,29.89166666666664
Mozambique,Clinical Medicine,2003-2007,50.9460317460317
Mozambique,Clinical Medicine,2008-2012,114.6011849821023
Mozambique,Clinical Medicine,2013-2017,148.94938691573242
Mozambique,Earth and Space,1973-1977,2.5
Mozambique,Earth and Space,1983-1987,4.833333333333333
Mozambique,Earth and Space,1988-1992,4.0
Mozambique,Earth and Space,1993-1997,2.5
Mozambique,Earth and Space,1998-2002,7.083333333333329
Mozambique,Earth and Space,2003-2007,10.133333333333326
Mozambique,Earth and Space,2008-2012,23.693290043289988
Mozambique,Earth and Space,2013-2017,33.28684371184365
Mozambique,Engineering and Technology,1973-1977,2.333333333333333
Mozambique,Engineering and Technology,1978-1982,2.5
Mozambique,Engineering and Technology,1983-1987,2.0
Mozambique,Engineering and Technology,1988-1992,1.0
Mozambique,Engineering and Technology,1993-1997,1.5
Mozambique,Engineering and Technology,1998-2002,3.0
Mozambique,Engineering and Technology,2003-2007,2.916666666666666
Mozambique,Engineering and Technology,2008-2012,3.333333333333332
Mozambique,Engineering and Technology,2013-2017,7.491666666666658
Mozambique,Health,1978-1982,2.0
Mozambique,Health,1988-1992,1.0
Mozambique,Health,1993-1997,5.666666666666666
Mozambique,Health,1998-2002,4.152380952380951
Mozambique,Health,2003-2007,3.824999999999997
Mozambique,Health,2008-2012,17.52454212454207
Mozambique,Health,2013-2017,55.111823799455166
Mozambique,Humanities,1978-1982,0.5
Mozambique,Humanities,1983-1987,1.0
Mozambique,Humanities,1988-1992,0.5
Mozambique,Humanities,1993-1997,0.5
Mozambique,Humanities,1998-2002,2.0
Mozambique,Humanities,2003-2007,2.0
Mozambique,Humanities,2008-2012,2.0
Mozambique,Humanities,2013-2017,7.0
Mozambique,Mathematics,1978-1982,0.5
Mozambique,Mathematics,1998-2002,0.5
Mozambique,Mathematics,2003-2007,0.666666666666666
Mozambique,Mathematics,2008-2012,0.5
Mozambique,Mathematics,2013-2017,4.3166666666666655
Mozambique,Physics,1973-1977,3.0
Mozambique,Physics,1978-1982,2.833333333333333
Mozambique,Physics,1983-1987,1.0
Mozambique,Physics,1993-1997,0.833333333333333
Mozambique,Physics,1998-2002,0.5
Mozambique,Physics,2003-2007,0.7833333333333333
Mozambique,Physics,2008-2012,1.83333333333333
Mozambique,Physics,2013-2017,0.833333333333333
Mozambique,Professional Fields,1983-1987,1.0
Mozambique,Professional Fields,1993-1997,0.5
Mozambique,Professional Fields,1998-2002,0.333333333333333
Mozambique,Professional Fields,2003-2007,2.499999999999999
Mozambique,Professional Fields,2008-2012,6.416666666666656
Mozambique,Professional Fields,2013-2017,10.559523809523807
Mozambique,Psychology,1973-1977,1.0
Mozambique,Psychology,2003-2007,1.25
Mozambique,Psychology,2008-2012,0.142857142857142
Mozambique,Psychology,2013-2017,2.608333333333333
Mozambique,Social Sciences,1978-1982,6.083333333333333
Mozambique,Social Sciences,1983-1987,11.0
Mozambique,Social Sciences,1988-1992,0.5
Mozambique,Social Sciences,1993-1997,6.833333333333333
Mozambique,Social Sciences,1998-2002,5.4761904761904745
Mozambique,Social Sciences,2003-2007,5.249999999999998
Mozambique,Social Sciences,2008-2012,18.94166666666665
Mozambique,Social Sciences,2013-2017,21.060256410256386
Namibia,Arts,2008-2012,2.08333333333333
Namibia,Arts,2013-2017,0.5
Namibia,Biology,1973-1977,1.0
Namibia,Biology,1978-1982,3.0
Namibia,Biology,1983-1987,17.24999999999999
Namibia,Biology,1988-1992,56.97777777777776
Namibia,Biology,1993-1997,51.699999999999974
Namibia,Biology,1998-2002,88.73333333333325
Namibia,Biology,2003-2007,75.00595238095227
Namibia,Biology,2008-2012,58.35560224089625
Namibia,Biology,2013-2017,73.27429449984658
Namibia,Biomedical Research,1973-1977,1.33333333333333
Namibia,Biomedical Research,1978-1982,2.999999999999999
Namibia,Biomedical Research,1983-1987,4.4999999999999964
Namibia,Biomedical Research,1988-1992,5.1706349206349165
Namibia,Biomedical Research,1993-1997,2.783333333333332
Namibia,Biomedical Research,1998-2002,14.499999999999982
Namibia,Biomedical Research,2003-2007,6.050621118012418
Namibia,Biomedical Research,2008-2012,16.808306277056257
Namibia,Biomedical Research,2013-2017,39.324918419430574
Namibia,Chemistry,1978-1982,0.7
Namibia,Chemistry,1993-1997,0.983333333333333
Namibia,Chemistry,1998-2002,1.0
Namibia,Chemistry,2003-2007,0.833333333333333
Namibia,Chemistry,2008-2012,1.124999999999999
Namibia,Chemistry,2013-2017,5.816666666666665
Namibia,Clinical Medicine,1973-1977,1.0
Namibia,Clinical Medicine,1978-1982,4.08333333333333
Namibia,Clinical Medicine,1983-1987,7.9999999999999964
Namibia,Clinical Medicine,1988-1992,18.69999999999998
Namibia,Clinical Medicine,1993-1997,12.666666666666643
Namibia,Clinical Medicine,1998-2002,12.708333333333321
Namibia,Clinical Medicine,2003-2007,11.398412698412695
Namibia,Clinical Medicine,2008-2012,25.284126984126946
Namibia,Clinical Medicine,2013-2017,60.742217715745404
Namibia,Earth and Space,1978-1982,7.75
Namibia,Earth and Space,1983-1987,4.583333333333333
Namibia,Earth and Space,1988-1992,4.58333333333333
Namibia,Earth and Space,1993-1997,10.449999999999982
Namibia,Earth and Space,1998-2002,9.81666666666666
Namibia,Earth and Space,2003-2007,32.79879174728141
Namibia,Earth and Space,2008-2012,22.585990940567264
Namibia,Earth and Space,2013-2017,46.13719065704261
Namibia,Engineering and Technology,1973-1977,1.0
Namibia,Engineering and Technology,1988-1992,3.0
Namibia,Engineering and Technology,1993-1997,4.0
Namibia,Engineering and Technology,1998-2002,1.5
Namibia,Engineering and Technology,2003-2007,4.666666666666666
Namibia,Engineering and Technology,2008-2012,4.733333333333333
Namibia,Engineering and Technology,2013-2017,20.791666666666647
Namibia,Health,1978-1982,1.0
Namibia,Health,1993-1997,1.0
Namibia,Health,1998-2002,1.416666666666666
Namibia,Health,2003-2007,0.666666666666666
Namibia,Health,2008-2012,5.018055555555552
Namibia,Health,2013-2017,16.65616266688244
Namibia,Humanities,1983-1987,2.0
Namibia,Humanities,1998-2002,1.0
Namibia,Humanities,2003-2007,3.0
Namibia,Humanities,2008-2012,6.95
Namibia,Humanities,2013-2017,1.33333333333333
Namibia,Mathematics,1988-1992,1.5
Namibia,Mathematics,1993-1997,0.5
Namibia,Mathematics,1998-2002,1.5
Namibia,Mathematics,2008-2012,2.4444444444444438
Namibia,Mathematics,2013-2017,5.950980392156862
Namibia,Physics,1988-1992,1.0
Namibia,Physics,1993-1997,0.95
Namibia,Physics,1998-2002,4.5
Namibia,Physics,2003-2007,4.760144927536228
Namibia,Physics,2008-2012,1.9651222651222646
Namibia,Physics,2013-2017,6.4600288600288565
Namibia,Professional Fields,1993-1997,3.25
Namibia,Professional Fields,1998-2002,2.5
Namibia,Professional Fields,2003-2007,4.166666666666666
Namibia,Professional Fields,2008-2012,9.83333333333332
Namibia,Professional Fields,2013-2017,6.999999999999999
Namibia,Psychology,1978-1982,0.5
Namibia,Psychology,1983-1987,0.833333333333333
Namibia,Psychology,1988-1992,1.0
Namibia,Psychology,1993-1997,6.33333333333333
Namibia,Psychology,1998-2002,0.5
Namibia,Psychology,2003-2007,0.5
Namibia,Psychology,2008-2012,1.473333333333333
Namibia,Psychology,2013-2017,4.641347855043506
Namibia,Social Sciences,1978-1982,2.666666666666666
Namibia,Social Sciences,1983-1987,3.0
Namibia,Social Sciences,1993-1997,6.333333333333333
Namibia,Social Sciences,1998-2002,7.5
Namibia,Social Sciences,2003-2007,4.949999999999999
Namibia,Social Sciences,2008-2012,9.316666666666666
Namibia,Social Sciences,2013-2017,19.640476190476157
Nauru,Biomedical Research,2013-2017,0.45
Nauru,Clinical Medicine,1988-1992,0.5
Nauru,Clinical Medicine,2013-2017,0.2
Nauru,Earth and Space,2013-2017,0.0434782608695652
Nauru,Engineering and Technology,2013-2017,1.0
Nauru,Health,2008-2012,0.5
Nauru,Social Sciences,2013-2017,0.410714285714284
Nepal,Arts,1978-1982,1.0
Nepal,Arts,2008-2012,0.1
Nepal,Arts,2013-2017,0.5
Nepal,Biology,1973-1977,5.0
Nepal,Biology,1978-1982,12.833333333333332
Nepal,Biology,1983-1987,23.83333333333333
Nepal,Biology,1988-1992,40.61666666666664
Nepal,Biology,1993-1997,56.76111111111105
Nepal,Biology,1998-2002,57.66904761904754
Nepal,Biology,2003-2007,91.62438460232565
Nepal,Biology,2008-2012,97.22103174603153
Nepal,Biology,2013-2017,150.43390620988893
Nepal,Biomedical Research,1973-1977,1.333333333333333
Nepal,Biomedical Research,1978-1982,8.5
Nepal,Biomedical Research,1983-1987,2.7499999999999982
Nepal,Biomedical Research,1988-1992,13.66071428571428
Nepal,Biomedical Research,1993-1997,10.42380952380951
Nepal,Biomedical Research,1998-2002,21.77063492063488
Nepal,Biomedical Research,2003-2007,39.36706349206341
Nepal,Biomedical Research,2008-2012,50.6251407345883
Nepal,Biomedical Research,2013-2017,138.17472284444102
Nepal,Chemistry,1973-1977,2.0
Nepal,Chemistry,1978-1982,10.333333333333332
Nepal,Chemistry,1983-1987,6.0
Nepal,Chemistry,1993-1997,4.75
Nepal,Chemistry,1998-2002,5.0
Nepal,Chemistry,2003-2007,10.916666666666664
Nepal,Chemistry,2008-2012,16.145634920634897
Nepal,Chemistry,2013-2017,37.89047619047614
Nepal,Clinical Medicine,1973-1977,16.833333333333325
Nepal,Clinical Medicine,1978-1982,24.58333333333332
Nepal,Clinical Medicine,1983-1987,35.37857142857141
Nepal,Clinical Medicine,1988-1992,45.826190476190455
Nepal,Clinical Medicine,1993-1997,82.25598845598837
Nepal,Clinical Medicine,1998-2002,151.05506944746062
Nepal,Clinical Medicine,2003-2007,232.3805555555553
Nepal,Clinical Medicine,2008-2012,538.9893019788284
Nepal,Clinical Medicine,2013-2017,675.198804294954
Nepal,Earth and Space,1978-1982,4.5
Nepal,Earth and Space,1983-1987,13.11666666666666
Nepal,Earth and Space,1988-1992,13.333333333333323
Nepal,Earth and Space,1993-1997,15.61666666666666
Nepal,Earth and Space,1998-2002,34.08333333333328
Nepal,Earth and Space,2003-2007,59.567063492063404
Nepal,Earth and Space,2008-2012,78.79790574922146
Nepal,Earth and Space,2013-2017,172.51675817787094
Nepal,Engineering and Technology,1973-1977,0.5
Nepal,Engineering and Technology,1978-1982,4.5
Nepal,Engineering and Technology,1983-1987,5.5
Nepal,Engineering and Technology,1988-1992,6.0
Nepal,Engineering and Technology,1993-1997,5.833333333333333
Nepal,Engineering and Technology,1998-2002,7.25
Nepal,Engineering and Technology,2003-2007,11.416666666666659
Nepal,Engineering and Technology,2008-2012,20.69523809523807
Nepal,Engineering and Technology,2013-2017,72.7843253968253
Nepal,Health,1983-1987,5.0
Nepal,Health,1988-1992,0.833333333333333
Nepal,Health,1993-1997,3.29999999999999
Nepal,Health,1998-2002,6.866666666666656
Nepal,Health,2003-2007,18.51666666666665
Nepal,Health,2008-2012,38.78575036075028
Nepal,Health,2013-2017,111.4482116192236
Nepal,Humanities,1983-1987,1.0
Nepal,Humanities,1998-2002,1.9
Nepal,Humanities,2003-2007,1.0
Nepal,Humanities,2008-2012,1.0
Nepal,Humanities,2013-2017,5.25
Nepal,Mathematics,1973-1977,1.5
Nepal,Mathematics,1983-1987,1.666666666666666
Nepal,Mathematics,1988-1992,0.833333333333333
Nepal,Mathematics,1993-1997,1.166666666666666
Nepal,Mathematics,1998-2002,2.166666666666666
Nepal,Mathematics,2003-2007,2.333333333333333
Nepal,Mathematics,2008-2012,2.166666666666666
Nepal,Mathematics,2013-2017,5.709956709956709
Nepal,Physics,1983-1987,2.333333333333333
Nepal,Physics,1988-1992,0.749999999999999
Nepal,Physics,1993-1997,1.0
Nepal,Physics,1998-2002,6.333333333333333
Nepal,Physics,2003-2007,11.533333333333315
Nepal,Physics,2008-2012,21.36666666666664
Nepal,Physics,2013-2017,37.99999999999994
Nepal,Professional Fields,1973-1977,1.5
Nepal,Professional Fields,1978-1982,1.0
Nepal,Professional Fields,1983-1987,3.5
Nepal,Professional Fields,1988-1992,6.5
Nepal,Professional Fields,1993-1997,2.0
Nepal,Professional Fields,1998-2002,6.333333333333333
Nepal,Professional Fields,2003-2007,4.416666666666666
Nepal,Professional Fields,2008-2012,10.134523809523804
Nepal,Professional Fields,2013-2017,8.815151515151513
Nepal,Psychology,1973-1977,0.5
Nepal,Psychology,1983-1987,4.0
Nepal,Psychology,1988-1992,5.333333333333333
Nepal,Psychology,1993-1997,4.583333333333333
Nepal,Psychology,1998-2002,5.743589743589739
Nepal,Psychology,2003-2007,1.9311594202898534
Nepal,Psychology,2008-2012,2.292857142857141
Nepal,Psychology,2013-2017,5.608089151667958
Nepal,Social Sciences,1973-1977,2.5
Nepal,Social Sciences,1978-1982,7.333333333333333
Nepal,Social Sciences,1983-1987,20.083333333333332
Nepal,Social Sciences,1988-1992,17.999999999999986
Nepal,Social Sciences,1993-1997,15.083333333333332
Nepal,Social Sciences,1998-2002,13.033333333333333
Nepal,Social Sciences,2003-2007,18.040909090909082
Nepal,Social Sciences,2008-2012,33.15238095238092
Nepal,Social Sciences,2013-2017,73.92380952380942
Netherlands,Arts,1973-1977,28.0
Netherlands,Arts,1978-1982,44.0
Netherlands,Arts,1983-1987,81.5
Netherlands,Arts,1988-1992,72.5
Netherlands,Arts,1993-1997,130.41666666666666
Netherlands,Arts,1998-2002,165.6666666666666
Netherlands,Arts,2003-2007,127.05952380952357
Netherlands,Arts,2008-2012,312.1650793650789
Netherlands,Arts,2013-2017,364.6167388167381
Netherlands,Biology,1973-1977,1723.5249999999955
Netherlands,Biology,1978-1982,2840.8845238095187
Netherlands,Biology,1983-1987,3642.9860213316015
Netherlands,Biology,1988-1992,4532.244047619037
Netherlands,Biology,1993-1997,5411.458833710137
Netherlands,Biology,1998-2002,4891.591509374114
Netherlands,Biology,2003-2007,5203.539779966994
Netherlands,Biology,2008-2012,5559.294009318594
Netherlands,Biology,2013-2017,5851.894764526728
Netherlands,Biomedical Research,1973-1977,3731.4463235294043
Netherlands,Biomedical Research,1978-1982,5148.117004766994
Netherlands,Biomedical Research,1983-1987,6863.168122466326
Netherlands,Biomedical Research,1988-1992,8229.493644748622
Netherlands,Biomedical Research,1993-1997,10041.342103436738
Netherlands,Biomedical Research,1998-2002,9661.915034895697
Netherlands,Biomedical Research,2003-2007,9931.375340063454
Netherlands,Biomedical Research,2008-2012,12510.667742309963
Netherlands,Biomedical Research,2013-2017,15918.347127591678
Netherlands,Chemistry,1973-1977,3285.99999999999
Netherlands,Chemistry,1978-1982,3980.2833333333215
Netherlands,Chemistry,1983-1987,4236.601068376056
Netherlands,Chemistry,1988-1992,5037.90071497129
Netherlands,Chemistry,1993-1997,5922.024747474731
Netherlands,Chemistry,1998-2002,5639.388976301462
Netherlands,Chemistry,2003-2007,5723.0371820371665
Netherlands,Chemistry,2008-2012,5319.641018946927
Netherlands,Chemistry,2013-2017,5303.523219975737
Netherlands,Clinical Medicine,1973-1977,5255.715317035895
Netherlands,Clinical Medicine,1978-1982,9451.001816136197
Netherlands,Clinical Medicine,1983-1987,15676.022622230674
Netherlands,Clinical Medicine,1988-1992,20730.927587272414
Netherlands,Clinical Medicine,1993-1997,25533.16027615818
Netherlands,Clinical Medicine,1998-2002,27187.440724419885
Netherlands,Clinical Medicine,2003-2007,32424.560706484044
Netherlands,Clinical Medicine,2008-2012,41311.65953332143
Netherlands,Clinical Medicine,2013-2017,44591.28792893532
Netherlands,Earth and Space,1973-1977,692.7789682539673
Netherlands,Earth and Space,1978-1982,1429.792893217891
Netherlands,Earth and Space,1983-1987,2119.201082251078
Netherlands,Earth and Space,1988-1992,2565.2152627329015
Netherlands,Earth and Space,1993-1997,3499.1857895752905
Netherlands,Earth and Space,1998-2002,4050.0182478956576
Netherlands,Earth and Space,2003-2007,4330.424821715332
Netherlands,Earth and Space,2008-2012,5349.177695939238
Netherlands,Earth and Space,2013-2017,6705.029590453689
Netherlands,Engineering and Technology,1973-1977,1210.999999999999
Netherlands,Engineering and Technology,1978-1982,1727.8095238095218
Netherlands,Engineering and Technology,1983-1987,2242.405952380947
Netherlands,Engineering and Technology,1988-1992,3785.139957264947
Netherlands,Engineering and Technology,1993-1997,5053.7897129901785
Netherlands,Engineering and Technology,1998-2002,5987.848824786312
Netherlands,Engineering and Technology,2003-2007,7750.95631325575
Netherlands,Engineering and Technology,2008-2012,8399.026706392686
Netherlands,Engineering and Technology,2013-2017,9744.373798341016
Netherlands,Health,1973-1977,41.49999999999999
Netherlands,Health,1978-1982,86.5095238095238
Netherlands,Health,1983-1987,188.99999999999994
Netherlands,Health,1988-1992,360.3180205415493
Netherlands,Health,1993-1997,764.1621073371058
Netherlands,Health,1998-2002,1145.8350646859144
Netherlands,Health,2003-2007,1841.221943399011
Netherlands,Health,2008-2012,3663.2155145503298
Netherlands,Health,2013-2017,4854.229268760105
Netherlands,Humanities,1973-1977,152.0
Netherlands,Humanities,1978-1982,387.3333333333332
Netherlands,Humanities,1983-1987,710.5833333333333
Netherlands,Humanities,1988-1992,768.4999999999999
Netherlands,Humanities,1993-1997,837.1666666666665
Netherlands,Humanities,1998-2002,975.783333333333
Netherlands,Humanities,2003-2007,1063.4468253968246
Netherlands,Humanities,2008-2012,1857.3928571428537
Netherlands,Humanities,2013-2017,2230.821767032861
Netherlands,Mathematics,1973-1977,437.42619047619
Netherlands,Mathematics,1978-1982,642.891666666666
Netherlands,Mathematics,1983-1987,1020.8333333333304
Netherlands,Mathematics,1988-1992,1162.5583333333302
Netherlands,Mathematics,1993-1997,1380.392857142854
Netherlands,Mathematics,1998-2002,1337.1111111111072
Netherlands,Mathematics,2003-2007,1525.7996031745988
Netherlands,Mathematics,2008-2012,1832.9981152619216
Netherlands,Mathematics,2013-2017,1784.3989880002966
Netherlands,Physics,1973-1977,3309.511111111102
Netherlands,Physics,1978-1982,3892.3195514409813
Netherlands,Physics,1983-1987,4502.496243156144
Netherlands,Physics,1988-1992,5774.591476060163
Netherlands,Physics,1993-1997,6301.225693478418
Netherlands,Physics,1998-2002,6100.609546069063
Netherlands,Physics,2003-2007,6120.085716244321
Netherlands,Physics,2008-2012,5693.980123459902
Netherlands,Physics,2013-2017,5278.941954507201
Netherlands,Professional Fields,1973-1977,113.97424242424239
Netherlands,Professional Fields,1978-1982,322.08333333333303
Netherlands,Professional Fields,1983-1987,488.2499999999997
Netherlands,Professional Fields,1988-1992,668.1166666666659
Netherlands,Professional Fields,1993-1997,1151.5291666666644
Netherlands,Professional Fields,1998-2002,1658.9342948717901
Netherlands,Professional Fields,2003-2007,2343.711094357993
Netherlands,Professional Fields,2008-2012,4500.545784696257
Netherlands,Professional Fields,2013-2017,5530.870787561391
Netherlands,Psychology,1973-1977,353.561111111111
Netherlands,Psychology,1978-1982,617.2499999999995
Netherlands,Psychology,1983-1987,1046.854761904761
Netherlands,Psychology,1988-1992,1432.7500721500705
Netherlands,Psychology,1993-1997,1934.3611471861454
Netherlands,Psychology,1998-2002,2280.243697968696
Netherlands,Psychology,2003-2007,3210.706489050971
Netherlands,Psychology,2008-2012,5222.0930901770525
Netherlands,Psychology,2013-2017,5601.72703017206
Netherlands,Social Sciences,1973-1977,448.69999999999993
Netherlands,Social Sciences,1978-1982,713.3666666666662
Netherlands,Social Sciences,1983-1987,1128.7761904761896
Netherlands,Social Sciences,1988-1992,1472.469047619044
Netherlands,Social Sciences,1993-1997,2137.7801948051906
Netherlands,Social Sciences,1998-2002,2555.9916416916367
Netherlands,Social Sciences,2003-2007,3311.0453111501974
Netherlands,Social Sciences,2008-2012,5713.456167574244
Netherlands,Social Sciences,2013-2017,7214.071482055869
Netherlands-Antilles,Biology,1973-1977,5.0
Netherlands-Antilles,Biology,1978-1982,12.333333333333332
Netherlands-Antilles,Biology,1983-1987,5.83333333333333
Netherlands-Antilles,Biology,1988-1992,1.5
Netherlands-Antilles,Biology,1993-1997,12.93181818181817
Netherlands-Antilles,Biology,1998-2002,11.275974025974
Netherlands-Antilles,Biology,2003-2007,13.311111111111096
Netherlands-Antilles,Biology,2008-2012,4.684523809523803
Netherlands-Antilles,Biology,2013-2017,4.84007936507936
Netherlands-Antilles,Biomedical Research,1978-1982,1.0
Netherlands-Antilles,Biomedical Research,1983-1987,2.66666666666666
Netherlands-Antilles,Biomedical Research,1988-1992,1.8333333333333321
Netherlands-Antilles,Biomedical Research,1993-1997,2.616666666666665
Netherlands-Antilles,Biomedical Research,1998-2002,1.35
Netherlands-Antilles,Biomedical Research,2003-2007,8.86709956709955
Netherlands-Antilles,Biomedical Research,2008-2012,9.37976190476189
Netherlands-Antilles,Biomedical Research,2013-2017,8.147456709956696
Netherlands-Antilles,Chemistry,1983-1987,0.5
Netherlands-Antilles,Chemistry,1993-1997,1.0
Netherlands-Antilles,Chemistry,1998-2002,1.5
Netherlands-Antilles,Chemistry,2013-2017,0.25
Netherlands-Antilles,Clinical Medicine,1973-1977,5.5
Netherlands-Antilles,Clinical Medicine,1978-1982,6.0
Netherlands-Antilles,Clinical Medicine,1983-1987,8.5
Netherlands-Antilles,Clinical Medicine,1988-1992,4.166666666666665
Netherlands-Antilles,Clinical Medicine,1993-1997,17.576190476190465
Netherlands-Antilles,Clinical Medicine,1998-2002,16.249999999999996
Netherlands-Antilles,Clinical Medicine,2003-2007,19.670285270285248
Netherlands-Antilles,Clinical Medicine,2008-2012,21.21587301587298
Netherlands-Antilles,Clinical Medicine,2013-2017,11.13743108945445
Netherlands-Antilles,Earth and Space,1973-1977,1.0
Netherlands-Antilles,Earth and Space,1988-1992,2.5
Netherlands-Antilles,Earth and Space,1993-1997,0.833333333333333
Netherlands-Antilles,Earth and Space,1998-2002,2.3999999999999924
Netherlands-Antilles,Earth and Space,2003-2007,3.499999999999999
Netherlands-Antilles,Earth and Space,2008-2012,2.549999999999999
Netherlands-Antilles,Earth and Space,2013-2017,2.6916666666666655
Netherlands-Antilles,Engineering and Technology,1973-1977,2.0
Netherlands-Antilles,Engineering and Technology,1983-1987,0.333333333333333
Netherlands-Antilles,Engineering and Technology,1993-1997,2.166666666666666
Netherlands-Antilles,Engineering and Technology,1998-2002,1.2
Netherlands-Antilles,Engineering and Technology,2003-2007,2.5
Netherlands-Antilles,Engineering and Technology,2008-2012,0.5
Netherlands-Antilles,Engineering and Technology,2013-2017,1.583333333333333
Netherlands-Antilles,Health,1988-1992,0.25
Netherlands-Antilles,Health,1993-1997,0.7
Netherlands-Antilles,Health,1998-2002,2.833333333333333
Netherlands-Antilles,Health,2003-2007,0.25
Netherlands-Antilles,Health,2008-2012,0.499999999999999
Netherlands-Antilles,Health,2013-2017,1.6833333333333318
Netherlands-Antilles,Humanities,2013-2017,0.5
Netherlands-Antilles,Physics,1993-1997,0.0833333333333333
Netherlands-Antilles,Physics,1998-2002,1.0
Netherlands-Antilles,Physics,2003-2007,0.75
Netherlands-Antilles,Professional Fields,1993-1997,0.5
Netherlands-Antilles,Professional Fields,2003-2007,0.583333333333333
Netherlands-Antilles,Professional Fields,2008-2012,0.583333333333333
Netherlands-Antilles,Professional Fields,2013-2017,0.866666666666666
Netherlands-Antilles,Psychology,1978-1982,1.0
Netherlands-Antilles,Psychology,1993-1997,1.5
Netherlands-Antilles,Psychology,2003-2007,1.009523809523808
Netherlands-Antilles,Psychology,2008-2012,0.666666666666666
Netherlands-Antilles,Psychology,2013-2017,0.8333333333333319
Netherlands-Antilles,Social Sciences,1973-1977,1.0
Netherlands-Antilles,Social Sciences,2008-2012,1.366666666666666
Netherlands-Antilles,Social Sciences,2013-2017,1.166666666666666
New Zealand,Arts,1973-1977,9.0
New Zealand,Arts,1978-1982,24.66666666666666
New Zealand,Arts,1983-1987,23.33333333333333
New Zealand,Arts,1988-1992,29.0
New Zealand,Arts,1993-1997,40.5
New Zealand,Arts,1998-2002,48.5
New Zealand,Arts,2003-2007,59.0
New Zealand,Arts,2008-2012,122.8666666666665
New Zealand,Arts,2013-2017,153.0892857142852
New Zealand,Biology,1973-1977,2085.249999999997
New Zealand,Biology,1978-1982,3118.4499999999953
New Zealand,Biology,1983-1987,2951.627871148453
New Zealand,Biology,1988-1992,2883.79761904761
New Zealand,Biology,1993-1997,3366.5360731373826
New Zealand,Biology,1998-2002,3932.7943961785268
New Zealand,Biology,2003-2007,3858.377892205823
New Zealand,Biology,2008-2012,4310.810171946062
New Zealand,Biology,2013-2017,4898.228399615189
New Zealand,Biomedical Research,1973-1977,671.35606060606
New Zealand,Biomedical Research,1978-1982,1034.5353603603594
New Zealand,Biomedical Research,1983-1987,1091.7847744360888
New Zealand,Biomedical Research,1988-1992,1171.61278166278
New Zealand,Biomedical Research,1993-1997,1391.1227477658722
New Zealand,Biomedical Research,1998-2002,1524.7551733887
New Zealand,Biomedical Research,2003-2007,1897.1013660113854
New Zealand,Biomedical Research,2008-2012,2709.5800622261722
New Zealand,Biomedical Research,2013-2017,3386.5931833793893
New Zealand,Chemistry,1973-1977,707.0833333333329
New Zealand,Chemistry,1978-1982,643.999999999999
New Zealand,Chemistry,1983-1987,673.5666666666659
New Zealand,Chemistry,1988-1992,734.5185897435886
New Zealand,Chemistry,1993-1997,894.0940476190463
New Zealand,Chemistry,1998-2002,967.8079365079349
New Zealand,Chemistry,2003-2007,957.4679292929279
New Zealand,Chemistry,2008-2012,1159.5990731490713
New Zealand,Chemistry,2013-2017,1220.1086806473081
New Zealand,Clinical Medicine,1973-1977,1964.4690476190447
New Zealand,Clinical Medicine,1978-1982,2780.2999999999956
New Zealand,Clinical Medicine,1983-1987,3253.3994769119713
New Zealand,Clinical Medicine,1988-1992,3613.6537905348387
New Zealand,Clinical Medicine,1993-1997,4192.348069655636
New Zealand,Clinical Medicine,1998-2002,4649.50380316974
New Zealand,Clinical Medicine,2003-2007,4981.255521285326
New Zealand,Clinical Medicine,2008-2012,6545.7443967527115
New Zealand,Clinical Medicine,2013-2017,7005.1490670485055
New Zealand,Earth and Space,1973-1977,674.0999999999996
New Zealand,Earth and Space,1978-1982,936.3333333333327
New Zealand,Earth and Space,1983-1987,974.7115440115432
New Zealand,Earth and Space,1988-1992,1091.32406989146
New Zealand,Earth and Space,1993-1997,1309.5017139906554
New Zealand,Earth and Space,1998-2002,1496.8213431168865
New Zealand,Earth and Space,2003-2007,1648.1874190728242
New Zealand,Earth and Space,2008-2012,2002.2912291357186
New Zealand,Earth and Space,2013-2017,2459.3395135657606
New Zealand,Engineering and Technology,1973-1977,319.83333333333314
New Zealand,Engineering and Technology,1978-1982,431.77777777777754
New Zealand,Engineering and Technology,1983-1987,526.6666666666662
New Zealand,Engineering and Technology,1988-1992,593.7916666666657
New Zealand,Engineering and Technology,1993-1997,822.3999999999984
New Zealand,Engineering and Technology,1998-2002,1189.8928571428553
New Zealand,Engineering and Technology,2003-2007,1628.6081931211684
New Zealand,Engineering and Technology,2008-2012,1662.0301168290516
New Zealand,Engineering and Technology,2013-2017,2181.161416697192
New Zealand,Health,1973-1977,23.333333333333332
New Zealand,Health,1978-1982,57.83333333333333
New Zealand,Health,1983-1987,95.33333333333331
New Zealand,Health,1988-1992,99.28431372549011
New Zealand,Health,1993-1997,238.74999999999966
New Zealand,Health,1998-2002,323.24358974358944
New Zealand,Health,2003-2007,461.3277167277155
New Zealand,Health,2008-2012,1045.23104156765
New Zealand,Health,2013-2017,1273.6975342194048
New Zealand,Humanities,1973-1977,203.83333333333326
New Zealand,Humanities,1978-1982,341.75
New Zealand,Humanities,1983-1987,376.7575757575756
New Zealand,Humanities,1988-1992,343.3333333333333
New Zealand,Humanities,1993-1997,384.4857142857142
New Zealand,Humanities,1998-2002,422.24999999999983
New Zealand,Humanities,2003-2007,434.7499999999998
New Zealand,Humanities,2008-2012,658.8523809523801
New Zealand,Humanities,2013-2017,733.2457282913158
New Zealand,Mathematics,1973-1977,124.8333333333332
New Zealand,Mathematics,1978-1982,130.86666666666656
New Zealand,Mathematics,1983-1987,231.7499999999997
New Zealand,Mathematics,1988-1992,249.01666666666608
New Zealand,Mathematics,1993-1997,349.50238095237995
New Zealand,Mathematics,1998-2002,437.1333333333325
New Zealand,Mathematics,2003-2007,468.80674603174475
New Zealand,Mathematics,2008-2012,574.7209216222365
New Zealand,Mathematics,2013-2017,574.1066378066369
New Zealand,Physics,1973-1977,266.69999999999993
New Zealand,Physics,1978-1982,338.99999999999966
New Zealand,Physics,1983-1987,378.119047619047
New Zealand,Physics,1988-1992,445.8984848484838
New Zealand,Physics,1993-1997,558.0634920634907
New Zealand,Physics,1998-2002,674.6734182484166
New Zealand,Physics,2003-2007,855.7622620040178
New Zealand,Physics,2008-2012,886.871196083897
New Zealand,Physics,2013-2017,829.9050387271243
New Zealand,Professional Fields,1973-1977,133.58333333333331
New Zealand,Professional Fields,1978-1982,203.9999999999999
New Zealand,Professional Fields,1983-1987,251.16666666666646
New Zealand,Professional Fields,1988-1992,281.6166666666663
New Zealand,Professional Fields,1993-1997,475.1159090909086
New Zealand,Professional Fields,1998-2002,525.111904761904
New Zealand,Professional Fields,2003-2007,746.2595238095228
New Zealand,Professional Fields,2008-2012,1666.1505114768224
New Zealand,Professional Fields,2013-2017,1965.230423078322
New Zealand,Psychology,1973-1977,176.19444444444443
New Zealand,Psychology,1978-1982,259.1666666666666
New Zealand,Psychology,1983-1987,389.7142857142853
New Zealand,Psychology,1988-1992,366.05952380952357
New Zealand,Psychology,1993-1997,533.6083333333321
New Zealand,Psychology,1998-2002,634.9714035964017
New Zealand,Psychology,2003-2007,781.4502627262659
New Zealand,Psychology,2008-2012,1000.757232840392
New Zealand,Psychology,2013-2017,1030.9082442904598
New Zealand,Social Sciences,1973-1977,306.1666666666665
New Zealand,Social Sciences,1978-1982,358.8333333333331
New Zealand,Social Sciences,1983-1987,345.083333333333
New Zealand,Social Sciences,1988-1992,426.52930402930366
New Zealand,Social Sciences,1993-1997,564.616666666666
New Zealand,Social Sciences,1998-2002,672.4880952380945
New Zealand,Social Sciences,2003-2007,862.3540674603161
New Zealand,Social Sciences,2008-2012,1490.3417545015348
New Zealand,Social Sciences,2013-2017,1628.0669092436087
New-Caledonia,Biology,1973-1977,18.16666666666666
New-Caledonia,Biology,1978-1982,34.999999999999986
New-Caledonia,Biology,1983-1987,27.166666666666643
New-Caledonia,Biology,1988-1992,27.499999999999982
New-Caledonia,Biology,1993-1997,42.69999999999994
New-Caledonia,Biology,1998-2002,68.43333333333315
New-Caledonia,Biology,2003-2007,91.2161319073083
New-Caledonia,Biology,2008-2012,131.411706349206
New-Caledonia,Biology,2013-2017,129.77654012653994
New-Caledonia,Biomedical Research,1973-1977,6.33333333333333
New-Caledonia,Biomedical Research,1978-1982,4.65
New-Caledonia,Biomedical Research,1983-1987,7.999999999999991
New-Caledonia,Biomedical Research,1988-1992,6.208333333333325
New-Caledonia,Biomedical Research,1993-1997,13.616666666666646
New-Caledonia,Biomedical Research,1998-2002,14.916666666666645
New-Caledonia,Biomedical Research,2003-2007,40.109956709956656
New-Caledonia,Biomedical Research,2008-2012,42.36587301587298
New-Caledonia,Biomedical Research,2013-2017,52.65937532451641
New-Caledonia,Chemistry,1973-1977,0.5
New-Caledonia,Chemistry,1978-1982,1.166666666666666
New-Caledonia,Chemistry,1983-1987,13.43571428571426
New-Caledonia,Chemistry,1988-1992,16.499242424242386
New-Caledonia,Chemistry,1993-1997,18.25595238095233
New-Caledonia,Chemistry,1998-2002,8.183333333333312
New-Caledonia,Chemistry,2003-2007,3.269047619047618
New-Caledonia,Chemistry,2008-2012,2.908333333333331
New-Caledonia,Chemistry,2013-2017,3.102380952380952
New-Caledonia,Clinical Medicine,1973-1977,3.249999999999999
New-Caledonia,Clinical Medicine,1978-1982,18.65
New-Caledonia,Clinical Medicine,1983-1987,31.24166666666665
New-Caledonia,Clinical Medicine,1988-1992,23.227777777777774
New-Caledonia,Clinical Medicine,1993-1997,26.19999999999999
New-Caledonia,Clinical Medicine,1998-2002,18.983333333333334
New-Caledonia,Clinical Medicine,2003-2007,20.02142857142855
New-Caledonia,Clinical Medicine,2008-2012,34.530607769423526
New-Caledonia,Clinical Medicine,2013-2017,35.8164785836539
New-Caledonia,Earth and Space,1973-1977,27.33333333333333
New-Caledonia,Earth and Space,1978-1982,17.166666666666657
New-Caledonia,Earth and Space,1983-1987,16.333333333333314
New-Caledonia,Earth and Space,1988-1992,29.39209956709953
New-Caledonia,Earth and Space,1993-1997,40.57947330447324
New-Caledonia,Earth and Space,1998-2002,44.99999999999994
New-Caledonia,Earth and Space,2003-2007,55.012135495223646
New-Caledonia,Earth and Space,2008-2012,57.47943347502162
New-Caledonia,Earth and Space,2013-2017,61.01047596904365
New-Caledonia,Engineering and Technology,1978-1982,1.5
New-Caledonia,Engineering and Technology,1993-1997,1.333333333333333
New-Caledonia,Engineering and Technology,1998-2002,0.75
New-Caledonia,Engineering and Technology,2003-2007,2.33333333333333
New-Caledonia,Engineering and Technology,2008-2012,4.216666666666664
New-Caledonia,Engineering and Technology,2013-2017,6.166666666666665
New-Caledonia,Health,1983-1987,1.0
New-Caledonia,Health,1993-1997,1.0
New-Caledonia,Health,2003-2007,1.333333333333333
New-Caledonia,Health,2008-2012,2.249999999999999
New-Caledonia,Health,2013-2017,7.737301587301586
New-Caledonia,Humanities,1983-1987,1.0
New-Caledonia,Humanities,1988-1992,2.0
New-Caledonia,Humanities,1993-1997,1.0
New-Caledonia,Humanities,1998-2002,1.0
New-Caledonia,Humanities,2003-2007,1.0
New-Caledonia,Humanities,2008-2012,2.0
New-Caledonia,Humanities,2013-2017,5.0
New-Caledonia,Mathematics,1993-1997,1.0
New-Caledonia,Mathematics,2003-2007,2.5
New-Caledonia,Mathematics,2008-2012,7.33333333333333
New-Caledonia,Mathematics,2013-2017,5.1666666666666625
New-Caledonia,Physics,1988-1992,0.583333333333333
New-Caledonia,Physics,1993-1997,0.666666666666666
New-Caledonia,Physics,1998-2002,0.5
New-Caledonia,Physics,2003-2007,2.516666666666666
New-Caledonia,Physics,2008-2012,1.166666666666666
New-Caledonia,Physics,2013-2017,2.9916666666666663
New-Caledonia,Professional Fields,1978-1982,1.0
New-Caledonia,Professional Fields,1988-1992,1.0
New-Caledonia,Professional Fields,2003-2007,0.5
New-Caledonia,Professional Fields,2008-2012,3.6166666666666663
New-Caledonia,Professional Fields,2013-2017,3.269537815126047
New-Caledonia,Psychology,1998-2002,0.7
New-Caledonia,Psychology,2008-2012,0.2
New-Caledonia,Social Sciences,1978-1982,1.5
New-Caledonia,Social Sciences,1983-1987,2.0
New-Caledonia,Social Sciences,1988-1992,0.45
New-Caledonia,Social Sciences,1993-1997,3.25
New-Caledonia,Social Sciences,1998-2002,2.642857142857142
New-Caledonia,Social Sciences,2003-2007,3.083333333333333
New-Caledonia,Social Sciences,2008-2012,4.666666666666666
New-Caledonia,Social Sciences,2013-2017,8.736111111111109
Nicaragua,Biology,1973-1977,7.83333333333333
Nicaragua,Biology,1978-1982,4.0
Nicaragua,Biology,1983-1987,5.5
Nicaragua,Biology,1988-1992,9.833333333333332
Nicaragua,Biology,1993-1997,15.616666666666665
Nicaragua,Biology,1998-2002,12.427272727272717
Nicaragua,Biology,2003-2007,21.04358974358971
Nicaragua,Biology,2008-2012,25.887861655252927
Nicaragua,Biology,2013-2017,22.100317460317438
Nicaragua,Biomedical Research,1978-1982,0.5
Nicaragua,Biomedical Research,1983-1987,0.333333333333333
Nicaragua,Biomedical Research,1988-1992,2.0
Nicaragua,Biomedical Research,1993-1997,4.416666666666662
Nicaragua,Biomedical Research,1998-2002,4.399999999999997
Nicaragua,Biomedical Research,2003-2007,6.285256410256406
Nicaragua,Biomedical Research,2008-2012,13.358369408369402
Nicaragua,Biomedical Research,2013-2017,17.46846589357354
Nicaragua,Chemistry,1973-1977,1.0
Nicaragua,Chemistry,1988-1992,1.083333333333333
Nicaragua,Chemistry,1993-1997,1.0
Nicaragua,Chemistry,1998-2002,1.0
Nicaragua,Chemistry,2008-2012,1.4999999999999991
Nicaragua,Clinical Medicine,1973-1977,3.0
Nicaragua,Clinical Medicine,1978-1982,2.25
Nicaragua,Clinical Medicine,1983-1987,4.95
Nicaragua,Clinical Medicine,1988-1992,6.699999999999993
Nicaragua,Clinical Medicine,1993-1997,14.830036630036618
Nicaragua,Clinical Medicine,1998-2002,15.452056277056263
Nicaragua,Clinical Medicine,2003-2007,21.937709512709485
Nicaragua,Clinical Medicine,2008-2012,34.96957389016205
Nicaragua,Clinical Medicine,2013-2017,40.51172182357139
Nicaragua,Earth and Space,1973-1977,0.5
Nicaragua,Earth and Space,1983-1987,1.333333333333333
Nicaragua,Earth and Space,1988-1992,3.25
Nicaragua,Earth and Space,1993-1997,2.583333333333333
Nicaragua,Earth and Space,1998-2002,7.04285714285714
Nicaragua,Earth and Space,2003-2007,10.958333333333316
Nicaragua,Earth and Space,2008-2012,17.203987575891563
Nicaragua,Earth and Space,2013-2017,12.848412698412668
Nicaragua,Engineering and Technology,1973-1977,1.0
Nicaragua,Engineering and Technology,1988-1992,1.5
Nicaragua,Engineering and Technology,1993-1997,1.333333333333333
Nicaragua,Engineering and Technology,1998-2002,2.833333333333333
Nicaragua,Engineering and Technology,2003-2007,4.166666666666665
Nicaragua,Engineering and Technology,2008-2012,2.666666666666666
Nicaragua,Engineering and Technology,2013-2017,2.488888888888888
Nicaragua,Health,1988-1992,4.2333333333333325
Nicaragua,Health,1993-1997,3.416666666666666
Nicaragua,Health,1998-2002,4.107142857142853
Nicaragua,Health,2003-2007,6.4534090909090835
Nicaragua,Health,2008-2012,18.317532467532452
Nicaragua,Health,2013-2017,12.422089947089923
Nicaragua,Humanities,1973-1977,1.0
Nicaragua,Humanities,1983-1987,4.0
Nicaragua,Humanities,1988-1992,4.0
Nicaragua,Humanities,1993-1997,3.0
Nicaragua,Humanities,2008-2012,0.333333333333333
Nicaragua,Physics,1993-1997,0.333333333333333
Nicaragua,Physics,2003-2007,1.0
Nicaragua,Physics,2008-2012,0.142857142857142
Nicaragua,Professional Fields,1973-1977,3.0
Nicaragua,Professional Fields,1978-1982,2.0
Nicaragua,Professional Fields,1983-1987,2.5
Nicaragua,Professional Fields,1988-1992,1.0
Nicaragua,Professional Fields,1993-1997,1.7
Nicaragua,Professional Fields,1998-2002,0.2
Nicaragua,Professional Fields,2003-2007,2.5
Nicaragua,Professional Fields,2008-2012,10.583333333333332
Nicaragua,Professional Fields,2013-2017,14.749999999999996
Nicaragua,Psychology,1973-1977,2.0
Nicaragua,Psychology,1978-1982,0.5
Nicaragua,Psychology,2003-2007,1.476190476190475
Nicaragua,Psychology,2008-2012,0.0909090909090909
Nicaragua,Psychology,2013-2017,0.6888888888888882
Nicaragua,Social Sciences,1973-1977,2.0
Nicaragua,Social Sciences,1978-1982,2.5
Nicaragua,Social Sciences,1983-1987,11.75
Nicaragua,Social Sciences,1988-1992,11.166666666666666
Nicaragua,Social Sciences,1993-1997,6.333333333333333
Nicaragua,Social Sciences,1998-2002,2.333333333333333
Nicaragua,Social Sciences,2003-2007,6.4166666666666625
Nicaragua,Social Sciences,2008-2012,6.666666666666666
Nicaragua,Social Sciences,2013-2017,8.899999999999995
Niger,Biology,1973-1977,2.0
Niger,Biology,1978-1982,10.5
Niger,Biology,1983-1987,13.476190476190466
Niger,Biology,1988-1992,49.66666666666659
Niger,Biology,1993-1997,77.3499999999999
Niger,Biology,1998-2002,60.566666666666606
Niger,Biology,2003-2007,34.75952380952376
Niger,Biology,2008-2012,43.45122655122648
Niger,Biology,2013-2017,58.90257993921781
Niger,Biomedical Research,1973-1977,1.0
Niger,Biomedical Research,1978-1982,3.0
Niger,Biomedical Research,1983-1987,5.6666666666666625
Niger,Biomedical Research,1988-1992,6.0333333333333306
Niger,Biomedical Research,1993-1997,11.166666666666663
Niger,Biomedical Research,1998-2002,11.891666666666662
Niger,Biomedical Research,2003-2007,20.992857142857115
Niger,Biomedical Research,2008-2012,25.14607892107887
Niger,Biomedical Research,2013-2017,19.013879043213365
Niger,Chemistry,1978-1982,1.75
Niger,Chemistry,1983-1987,2.333333333333333
Niger,Chemistry,1988-1992,3.416666666666659
Niger,Chemistry,1993-1997,4.783333333333333
Niger,Chemistry,1998-2002,2.25
Niger,Chemistry,2003-2007,5.1666666666666625
Niger,Chemistry,2008-2012,1.4333333333333331
Niger,Chemistry,2013-2017,2.616666666666665
Niger,Clinical Medicine,1973-1977,4.0
Niger,Clinical Medicine,1978-1982,6.666666666666666
Niger,Clinical Medicine,1983-1987,24.07777777777776
Niger,Clinical Medicine,1988-1992,46.18333333333333
Niger,Clinical Medicine,1993-1997,44.25396825396823
Niger,Clinical Medicine,1998-2002,49.68611111111109
Niger,Clinical Medicine,2003-2007,45.783802308802265
Niger,Clinical Medicine,2008-2012,46.701420781312024
Niger,Clinical Medicine,2013-2017,45.61753846152372
Niger,Earth and Space,1973-1977,0.5
Niger,Earth and Space,1978-1982,2.25
Niger,Earth and Space,1983-1987,4.599999999999998
Niger,Earth and Space,1988-1992,10.699999999999996
Niger,Earth and Space,1993-1997,14.019444444444435
Niger,Earth and Space,1998-2002,9.916666666666664
Niger,Earth and Space,2003-2007,11.480158730158719
Niger,Earth and Space,2008-2012,18.805967643467596
Niger,Earth and Space,2013-2017,21.472907002062982
Niger,Engineering and Technology,1988-1992,1.666666666666666
Niger,Engineering and Technology,1993-1997,6.23076923076923
Niger,Engineering and Technology,1998-2002,3.25
Niger,Engineering and Technology,2003-2007,8.249999999999993
Niger,Engineering and Technology,2008-2012,2.009523809523808
Niger,Engineering and Technology,2013-2017,16.533333333333324
Niger,Health,1988-1992,0.5
Niger,Health,1993-1997,3.2
Niger,Health,1998-2002,1.583333333333333
Niger,Health,2003-2007,5.5999999999999845
Niger,Health,2008-2012,1.0575396825396814
Niger,Health,2013-2017,14.913722225486914
Niger,Humanities,1978-1982,1.0
Niger,Humanities,1983-1987,1.0
Niger,Humanities,1993-1997,2.0
Niger,Humanities,1998-2002,0.5
Niger,Humanities,2003-2007,3.0
Niger,Humanities,2008-2012,2.0
Niger,Humanities,2013-2017,1.366666666666666
Niger,Mathematics,1978-1982,2.333333333333333
Niger,Mathematics,1983-1987,1.0
Niger,Mathematics,1988-1992,1.0
Niger,Mathematics,1993-1997,2.0
Niger,Mathematics,2003-2007,4.833333333333333
Niger,Mathematics,2008-2012,2.749999999999999
Niger,Mathematics,2013-2017,3.416666666666666
Niger,Physics,1978-1982,0.5
Niger,Physics,1983-1987,1.5
Niger,Physics,1988-1992,0.75
Niger,Physics,1993-1997,1.333333333333333
Niger,Physics,1998-2002,1.5
Niger,Physics,2003-2007,5.4166666666666625
Niger,Physics,2008-2012,2.0
Niger,Physics,2013-2017,4.368686868686867
Niger,Professional Fields,1988-1992,1.0
Niger,Professional Fields,1993-1997,1.0
Niger,Professional Fields,1998-2002,1.0
Niger,Professional Fields,2008-2012,1.2
Niger,Professional Fields,2013-2017,0.9999999999999989
Niger,Psychology,1978-1982,1.0
Niger,Psychology,1988-1992,1.0
Niger,Psychology,2008-2012,0.833333333333333
Niger,Psychology,2013-2017,1.0
Niger,Social Sciences,1978-1982,2.5
Niger,Social Sciences,1983-1987,3.5
Niger,Social Sciences,1988-1992,1.333333333333333
Niger,Social Sciences,1993-1997,5.833333333333333
Niger,Social Sciences,1998-2002,3.999999999999999
Niger,Social Sciences,2003-2007,3.6
Niger,Social Sciences,2008-2012,9.592857142857142
Niger,Social Sciences,2013-2017,7.837301587301584
Nigeria,Arts,1973-1977,10.83333333333333
Nigeria,Arts,1978-1982,16.0
Nigeria,Arts,1983-1987,20.0
Nigeria,Arts,1988-1992,5.0
Nigeria,Arts,1993-1997,3.5
Nigeria,Arts,1998-2002,5.0
Nigeria,Arts,2003-2007,6.0
Nigeria,Arts,2008-2012,17.5
Nigeria,Arts,2013-2017,21.13333333333333
Nigeria,Biology,1973-1977,653.9166666666662
Nigeria,Biology,1978-1982,1068.699999999999
Nigeria,Biology,1983-1987,1407.2595238095207
Nigeria,Biology,1988-1992,1338.0499999999956
Nigeria,Biology,1993-1997,1070.1821428571404
Nigeria,Biology,1998-2002,983.7023809523795
Nigeria,Biology,2003-2007,1155.2976190476159
Nigeria,Biology,2008-2012,1300.2258658008634
Nigeria,Biology,2013-2017,1039.5728781505354
Nigeria,Biomedical Research,1973-1977,214.86666666666662
Nigeria,Biomedical Research,1978-1982,422.2761904761902
Nigeria,Biomedical Research,1983-1987,524.1611111111106
Nigeria,Biomedical Research,1988-1992,459.9269230769227
Nigeria,Biomedical Research,1993-1997,375.64999999999947
Nigeria,Biomedical Research,1998-2002,320.5286435786431
Nigeria,Biomedical Research,2003-2007,931.8629548369223
Nigeria,Biomedical Research,2008-2012,1724.4306115241966
Nigeria,Biomedical Research,2013-2017,644.2194234027919
Nigeria,Chemistry,1973-1977,96.0
Nigeria,Chemistry,1978-1982,274.8333333333332
Nigeria,Chemistry,1983-1987,273.1999999999998
Nigeria,Chemistry,1988-1992,297.99999999999966
Nigeria,Chemistry,1993-1997,220.9166666666665
Nigeria,Chemistry,1998-2002,143.54999999999984
Nigeria,Chemistry,2003-2007,215.85238095238057
Nigeria,Chemistry,2008-2012,297.41626984126924
Nigeria,Chemistry,2013-2017,339.58565323565233
Nigeria,Clinical Medicine,1973-1977,1080.8095238095234
Nigeria,Clinical Medicine,1978-1982,1932.0274170274147
Nigeria,Clinical Medicine,1983-1987,1825.238888888888
Nigeria,Clinical Medicine,1988-1992,1709.5595238095225
Nigeria,Clinical Medicine,1993-1997,1022.1666037179182
Nigeria,Clinical Medicine,1998-2002,974.4357142857133
Nigeria,Clinical Medicine,2003-2007,1371.2709678606398
Nigeria,Clinical Medicine,2008-2012,3607.9762010663776
Nigeria,Clinical Medicine,2013-2017,3057.6743595179855
Nigeria,Earth and Space,1973-1977,85.49999999999993
Nigeria,Earth and Space,1978-1982,152.2
Nigeria,Earth and Space,1983-1987,314.16666666666634
Nigeria,Earth and Space,1988-1992,303.5611111111106
Nigeria,Earth and Space,1993-1997,196.9944444444443
Nigeria,Earth and Space,1998-2002,173.8161904761903
Nigeria,Earth and Space,2003-2007,253.310256410256
Nigeria,Earth and Space,2008-2012,476.9996503496497
Nigeria,Earth and Space,2013-2017,919.353600959806
Nigeria,Engineering and Technology,1973-1977,76.49999999999999
Nigeria,Engineering and Technology,1978-1982,191.66666666666666
Nigeria,Engineering and Technology,1983-1987,304.49999999999994
Nigeria,Engineering and Technology,1988-1992,279.0
Nigeria,Engineering and Technology,1993-1997,161.91666666666657
Nigeria,Engineering and Technology,1998-2002,220.35238095238068
Nigeria,Engineering and Technology,2003-2007,287.3666666666661
Nigeria,Engineering and Technology,2008-2012,574.0928571428558
Nigeria,Engineering and Technology,2013-2017,902.4667072091977
Nigeria,Health,1973-1977,21.333333333333332
Nigeria,Health,1978-1982,95.5
Nigeria,Health,1983-1987,160.3999999999999
Nigeria,Health,1988-1992,73.2690476190476
Nigeria,Health,1993-1997,61.39999999999998
Nigeria,Health,1998-2002,52.15833333333332
Nigeria,Health,2003-2007,111.48318135764924
Nigeria,Health,2008-2012,236.88933288933237
Nigeria,Health,2013-2017,447.2106793832524
Nigeria,Humanities,1973-1977,72.83333333333333
Nigeria,Humanities,1978-1982,193.33333333333331
Nigeria,Humanities,1983-1987,208.99999999999994
Nigeria,Humanities,1988-1992,120.33333333333333
Nigeria,Humanities,1993-1997,75.0
Nigeria,Humanities,1998-2002,47.0
Nigeria,Humanities,2003-2007,52.833333333333336
Nigeria,Humanities,2008-2012,140.41666666666666
Nigeria,Humanities,2013-2017,124.51753246753243
Nigeria,Mathematics,1973-1977,72.5
Nigeria,Mathematics,1978-1982,78.83333333333333
Nigeria,Mathematics,1983-1987,98.33333333333333
Nigeria,Mathematics,1988-1992,73.2
Nigeria,Mathematics,1993-1997,37.0
Nigeria,Mathematics,1998-2002,48.66666666666666
Nigeria,Mathematics,2003-2007,41.58333333333332
Nigeria,Mathematics,2008-2012,104.04999999999974
Nigeria,Mathematics,2013-2017,131.96212121212082
Nigeria,Physics,1973-1977,42.325
Nigeria,Physics,1978-1982,110.24999999999999
Nigeria,Physics,1983-1987,106.56666666666665
Nigeria,Physics,1988-1992,73.23333333333329
Nigeria,Physics,1993-1997,62.34999999999995
Nigeria,Physics,1998-2002,57.26666666666663
Nigeria,Physics,2003-2007,66.68452380952374
Nigeria,Physics,2008-2012,122.88730158730137
Nigeria,Physics,2013-2017,224.52582972582917
Nigeria,Professional Fields,1973-1977,99.5909090909091
Nigeria,Professional Fields,1978-1982,158.16666666666663
Nigeria,Professional Fields,1983-1987,242.24999999999994
Nigeria,Professional Fields,1988-1992,197.33333333333306
Nigeria,Professional Fields,1993-1997,95.53333333333332
Nigeria,Professional Fields,1998-2002,90.29166666666666
Nigeria,Professional Fields,2003-2007,98.06190476190474
Nigeria,Professional Fields,2008-2012,257.3896825396821
Nigeria,Professional Fields,2013-2017,221.81787522650671
Nigeria,Psychology,1973-1977,38.5
Nigeria,Psychology,1978-1982,114.74999999999999
Nigeria,Psychology,1983-1987,87.8333333333333
Nigeria,Psychology,1988-1992,29.0
Nigeria,Psychology,1993-1997,20.333333333333332
Nigeria,Psychology,1998-2002,4.626406926406925
Nigeria,Psychology,2003-2007,17.833333333333332
Nigeria,Psychology,2008-2012,44.868300653594744
Nigeria,Psychology,2013-2017,79.5596492524746
Nigeria,Social Sciences,1973-1977,283.99999999999994
Nigeria,Social Sciences,1978-1982,320.5333333333333
Nigeria,Social Sciences,1983-1987,328.66666666666663
Nigeria,Social Sciences,1988-1992,286.0787878787878
Nigeria,Social Sciences,1993-1997,123.17424242424238
Nigeria,Social Sciences,1998-2002,103.34999999999997
Nigeria,Social Sciences,2003-2007,123.22499999999992
Nigeria,Social Sciences,2008-2012,468.3587662337659
Nigeria,Social Sciences,2013-2017,325.2423034330004
Niue,Clinical Medicine,1983-1987,0.2
Niue,Clinical Medicine,2003-2007,0.125
Niue,Clinical Medicine,2013-2017,0.125
Niue,Earth and Space,2013-2017,0.2934782608695652
Niue,Social Sciences,2013-2017,0.142857142857142
North Korea,Arts,1983-1987,1.0
North Korea,Arts,1993-1997,1.0
North Korea,Arts,2013-2017,0.0769230769230769
North Korea,Biology,1973-1977,1.0
North Korea,Biology,1983-1987,2.0
North Korea,Biology,1988-1992,0.833333333333333
North Korea,Biology,2003-2007,4.483333333333326
North Korea,Biology,2008-2012,8.156587615283264
North Korea,Biology,2013-2017,4.795238095238092
North Korea,Biomedical Research,1978-1982,0.5
North Korea,Biomedical Research,1983-1987,0.583333333333333
North Korea,Biomedical Research,1988-1992,2.5
North Korea,Biomedical Research,1993-1997,1.0
North Korea,Biomedical Research,2003-2007,3.1
North Korea,Biomedical Research,2008-2012,7.2333333333333325
North Korea,Biomedical Research,2013-2017,8.183333333333314
North Korea,Chemistry,1983-1987,2.5
North Korea,Chemistry,1988-1992,3.833333333333333
North Korea,Chemistry,1998-2002,0.833333333333333
North Korea,Chemistry,2003-2007,2.83333333333333
North Korea,Chemistry,2008-2012,10.166666666666664
North Korea,Chemistry,2013-2017,20.458333333333318
North Korea,Clinical Medicine,1983-1987,1.0
North Korea,Clinical Medicine,1988-1992,3.0
North Korea,Clinical Medicine,1998-2002,1.0
North Korea,Clinical Medicine,2003-2007,2.06111111111111
North Korea,Clinical Medicine,2008-2012,6.759523809523803
North Korea,Clinical Medicine,2013-2017,10.757738095238082
North Korea,Earth and Space,1988-1992,0.5
North Korea,Earth and Space,2003-2007,0.533333333333333
North Korea,Earth and Space,2008-2012,2.36111111111111
North Korea,Earth and Space,2013-2017,9.13333333333333
North Korea,Engineering and Technology,1983-1987,3.666666666666663
North Korea,Engineering and Technology,1988-1992,6.5
North Korea,Engineering and Technology,1998-2002,4.166666666666666
North Korea,Engineering and Technology,2003-2007,10.033333333333331
North Korea,Engineering and Technology,2008-2012,18.083333333333314
North Korea,Engineering and Technology,2013-2017,51.76428571428562
North Korea,Health,2008-2012,1.0
North Korea,Health,2013-2017,0.333333333333333
North Korea,Humanities,1988-1992,1.0
North Korea,Mathematics,1988-1992,1.833333333333333
North Korea,Mathematics,2003-2007,0.833333333333333
North Korea,Mathematics,2008-2012,6.666666666666656
North Korea,Mathematics,2013-2017,24.08333333333333
North Korea,Physics,1978-1982,0.5
North Korea,Physics,1983-1987,0.75
North Korea,Physics,1988-1992,2.75
North Korea,Physics,1993-1997,1.0
North Korea,Physics,1998-2002,0.342857142857142
North Korea,Physics,2003-2007,8.0595238095238
North Korea,Physics,2008-2012,13.271739130434764
North Korea,Physics,2013-2017,35.19722222222219
North Korea,Professional Fields,1978-1982,1.0
North Korea,Professional Fields,1983-1987,0.5
North Korea,Professional Fields,2008-2012,1.0
North Korea,Professional Fields,2013-2017,0.333333333333333
North Korea,Psychology,1988-1992,0.333333333333333
North Korea,Social Sciences,1983-1987,1.0
North Korea,Social Sciences,2003-2007,1.0
Norway,Arts,1973-1977,5.0
Norway,Arts,1978-1982,13.0
Norway,Arts,1983-1987,20.5
Norway,Arts,1988-1992,21.5
Norway,Arts,1993-1997,17.5
Norway,Arts,1998-2002,28.5
Norway,Arts,2003-2007,34.5
Norway,Arts,2008-2012,95.81666666666653
Norway,Arts,2013-2017,152.9428571428569
Norway,Biology,1973-1977,545.9166666666663
Norway,Biology,1978-1982,1170.7666666666657
Norway,Biology,1983-1987,1337.8369047619024
Norway,Biology,1988-1992,1600.515512265508
Norway,Biology,1993-1997,1986.6130952380904
Norway,Biology,1998-2002,2666.2873737373684
Norway,Biology,2003-2007,3026.7181751553335
Norway,Biology,2008-2012,3339.9607874727762
Norway,Biology,2013-2017,3384.6623823524387
Norway,Biomedical Research,1973-1977,1154.5928571428556
Norway,Biomedical Research,1978-1982,1359.968290043287
Norway,Biomedical Research,1983-1987,1568.8666666666622
Norway,Biomedical Research,1988-1992,1578.4768698692562
Norway,Biomedical Research,1993-1997,1860.9470660087
Norway,Biomedical Research,1998-2002,2052.927883249449
Norway,Biomedical Research,2003-2007,2366.9303478302863
Norway,Biomedical Research,2008-2012,3163.974118134121
Norway,Biomedical Research,2013-2017,4389.0071528565195
Norway,Chemistry,1973-1977,1251.3380952380942
Norway,Chemistry,1978-1982,885.683333333332
Norway,Chemistry,1983-1987,949.589682539681
Norway,Chemistry,1988-1992,883.8909247757063
Norway,Chemistry,1993-1997,1207.86944444444
Norway,Chemistry,1998-2002,1160.3440476190449
Norway,Chemistry,2003-2007,1285.9054093567217
Norway,Chemistry,2008-2012,1317.8018291893247
Norway,Chemistry,2013-2017,1424.0524188282693
Norway,Clinical Medicine,1973-1977,3553.0933473389327
Norway,Clinical Medicine,1978-1982,4688.012782947181
Norway,Clinical Medicine,1983-1987,5175.2775170434925
Norway,Clinical Medicine,1988-1992,5371.865586142803
Norway,Clinical Medicine,1993-1997,6042.136886234386
Norway,Clinical Medicine,1998-2002,6111.01397260064
Norway,Clinical Medicine,2003-2007,6960.745103981613
Norway,Clinical Medicine,2008-2012,9570.974406985524
Norway,Clinical Medicine,2013-2017,10316.246807119463
Norway,Earth and Space,1973-1977,362.1928571428565
Norway,Earth and Space,1978-1982,574.0817460317451
Norway,Earth and Space,1983-1987,815.4704517704507
Norway,Earth and Space,1988-1992,1087.3468873517766
Norway,Earth and Space,1993-1997,1420.22566865819
Norway,Earth and Space,1998-2002,1755.2544292471778
Norway,Earth and Space,2003-2007,2162.254450920795
Norway,Earth and Space,2008-2012,3145.6477112131124
Norway,Earth and Space,2013-2017,3855.665746068011
Norway,Engineering and Technology,1973-1977,306.72619047619014
Norway,Engineering and Technology,1978-1982,451.06666666666644
Norway,Engineering and Technology,1983-1987,611.466666666666
Norway,Engineering and Technology,1988-1992,821.9266806722674
Norway,Engineering and Technology,1993-1997,1337.7876341050232
Norway,Engineering and Technology,1998-2002,1473.5073523698497
Norway,Engineering and Technology,2003-2007,2221.1111563874683
Norway,Engineering and Technology,2008-2012,3162.951934254608
Norway,Engineering and Technology,2013-2017,4100.823316846465
Norway,Health,1973-1977,14.25
Norway,Health,1978-1982,66.08333333333333
Norway,Health,1983-1987,46.61666666666666
Norway,Health,1988-1992,112.32161531279175
Norway,Health,1993-1997,205.2099317349313
Norway,Health,1998-2002,316.1984902524368
Norway,Health,2003-2007,603.2394196109828
Norway,Health,2008-2012,1578.072414011302
Norway,Health,2013-2017,2130.920980899471
Norway,Humanities,1973-1977,56.66666666666666
Norway,Humanities,1978-1982,145.0
Norway,Humanities,1983-1987,187.5
Norway,Humanities,1988-1992,206.86666666666667
Norway,Humanities,1993-1997,257.0
Norway,Humanities,1998-2002,264.5
Norway,Humanities,2003-2007,303.6833333333332
Norway,Humanities,2008-2012,674.0595238095232
Norway,Humanities,2013-2017,883.6516806722677
Norway,Mathematics,1973-1977,160.58333333333317
Norway,Mathematics,1978-1982,207.39999999999972
Norway,Mathematics,1983-1987,269.1499999999994
Norway,Mathematics,1988-1992,236.58333333333252
Norway,Mathematics,1993-1997,317.00555555555457
Norway,Mathematics,1998-2002,423.61666666666565
Norway,Mathematics,2003-2007,545.5468253968244
Norway,Mathematics,2008-2012,838.1249999999992
Norway,Mathematics,2013-2017,952.7583897097047
Norway,Physics,1973-1977,463.0869047619041
Norway,Physics,1978-1982,517.4992386698258
Norway,Physics,1983-1987,542.0425691699594
Norway,Physics,1988-1992,675.1171951172096
Norway,Physics,1993-1997,939.4410766502481
Norway,Physics,1998-2002,834.0353377240974
Norway,Physics,2003-2007,1065.4383608424246
Norway,Physics,2008-2012,1313.1121079604663
Norway,Physics,2013-2017,1302.7460958482618
Norway,Professional Fields,1973-1977,50.75757575757572
Norway,Professional Fields,1978-1982,88.80952380952377
Norway,Professional Fields,1983-1987,88.23333333333329
Norway,Professional Fields,1988-1992,140.833333333333
Norway,Professional Fields,1993-1997,227.34999999999977
Norway,Professional Fields,1998-2002,329.77222222222167
Norway,Professional Fields,2003-2007,583.2821428571422
Norway,Professional Fields,2008-2012,1490.035678210675
Norway,Professional Fields,2013-2017,1964.8476241099543
Norway,Psychology,1973-1977,165.6
Norway,Psychology,1978-1982,186.78333333333325
Norway,Psychology,1983-1987,207.86666666666656
Norway,Psychology,1988-1992,248.69444444444434
Norway,Psychology,1993-1997,380.63089133089096
Norway,Psychology,1998-2002,469.1757326007315
Norway,Psychology,2003-2007,582.4349925754375
Norway,Psychology,2008-2012,980.5886454224327
Norway,Psychology,2013-2017,1260.6682126325832
Norway,Social Sciences,1973-1977,363.08333333333326
Norway,Social Sciences,1978-1982,411.3333333333332
Norway,Social Sciences,1983-1987,460.533333333333
Norway,Social Sciences,1988-1992,497.16904761904715
Norway,Social Sciences,1993-1997,719.1833333333327
Norway,Social Sciences,1998-2002,781.445238095237
Norway,Social Sciences,2003-2007,1163.0392607392587
Norway,Social Sciences,2008-2012,2144.9408246981716
Norway,Social Sciences,2013-2017,2669.8567989965322
Oman,Arts,2008-2012,1.7
Oman,Arts,2013-2017,0.666666666666666
Oman,Biology,1983-1987,4.5
Oman,Biology,1988-1992,25.5
Oman,Biology,1993-1997,68.11666666666665
Oman,Biology,1998-2002,81.24166666666653
Oman,Biology,2003-2007,126.41715686274483
Oman,Biology,2008-2012,133.30218253968235
Oman,Biology,2013-2017,200.2196240326316
Oman,Biomedical Research,1978-1982,0.5
Oman,Biomedical Research,1983-1987,0.833333333333333
Oman,Biomedical Research,1988-1992,4.033333333333333
Oman,Biomedical Research,1993-1997,12.64285714285714
Oman,Biomedical Research,1998-2002,27.19285714285712
Oman,Biomedical Research,2003-2007,44.15696248196244
Oman,Biomedical Research,2008-2012,58.53107617356836
Oman,Biomedical Research,2013-2017,162.08649917857048
Oman,Chemistry,1988-1992,10.55
Oman,Chemistry,1993-1997,16.33333333333332
Oman,Chemistry,1998-2002,36.18333333333331
Oman,Chemistry,2003-2007,54.326190476190376
Oman,Chemistry,2008-2012,79.64404761904743
Oman,Chemistry,2013-2017,155.45674603174558
Oman,Clinical Medicine,1978-1982,1.0
Oman,Clinical Medicine,1983-1987,3.25
Oman,Clinical Medicine,1988-1992,52.549999999999976
Oman,Clinical Medicine,1993-1997,137.997619047619
Oman,Clinical Medicine,1998-2002,298.286147186147
Oman,Clinical Medicine,2003-2007,288.78568931068895
Oman,Clinical Medicine,2008-2012,315.966825489325
Oman,Clinical Medicine,2013-2017,317.54310405980175
Oman,Earth and Space,1973-1977,1.5
Oman,Earth and Space,1978-1982,0.333333333333333
Oman,Earth and Space,1983-1987,4.333333333333333
Oman,Earth and Space,1988-1992,21.116666666666664
Oman,Earth and Space,1993-1997,22.008333333333304
Oman,Earth and Space,1998-2002,43.102777777777746
Oman,Earth and Space,2003-2007,78.42207602339168
Oman,Earth and Space,2008-2012,110.46387121650261
Oman,Earth and Space,2013-2017,189.19940381256126
Oman,Engineering and Technology,1978-1982,1.0
Oman,Engineering and Technology,1983-1987,2.833333333333333
Oman,Engineering and Technology,1988-1992,22.416666666666664
Oman,Engineering and Technology,1993-1997,53.39444444444444
Oman,Engineering and Technology,1998-2002,168.28333333333325
Oman,Engineering and Technology,2003-2007,248.8928571428566
Oman,Engineering and Technology,2008-2012,272.9535714285709
Oman,Engineering and Technology,2013-2017,374.7330170928789
Oman,Health,1993-1997,0.5
Oman,Health,1998-2002,1.0
Oman,Health,2003-2007,4.86666666666666
Oman,Health,2008-2012,7.416666666666648
Oman,Health,2013-2017,56.550192627079355
Oman,Humanities,1988-1992,1.0
Oman,Humanities,2003-2007,2.0
Oman,Humanities,2008-2012,17.5
Oman,Humanities,2013-2017,17.70833333333333
Oman,Mathematics,1983-1987,0.5
Oman,Mathematics,1988-1992,8.833333333333332
Oman,Mathematics,1993-1997,27.16666666666666
Oman,Mathematics,1998-2002,38.74999999999999
Oman,Mathematics,2003-2007,72.56666666666663
Oman,Mathematics,2008-2012,74.24999999999991
Oman,Mathematics,2013-2017,76.44285714285706
Oman,Physics,1988-1992,23.866666666666653
Oman,Physics,1993-1997,28.949999999999996
Oman,Physics,1998-2002,50.116666666666625
Oman,Physics,2003-2007,68.48794326241114
Oman,Physics,2008-2012,77.81190476190467
Oman,Physics,2013-2017,112.048557411159
Oman,Professional Fields,1983-1987,0.833333333333333
Oman,Professional Fields,1988-1992,4.0
Oman,Professional Fields,1993-1997,7.25
Oman,Professional Fields,1998-2002,8.749999999999996
Oman,Professional Fields,2003-2007,10.86190476190474
Oman,Professional Fields,2008-2012,25.059523809523785
Oman,Professional Fields,2013-2017,58.95743041177819
Oman,Psychology,1988-1992,0.5
Oman,Psychology,1993-1997,0.333333333333333
Oman,Psychology,1998-2002,1.5
Oman,Psychology,2003-2007,3.5
Oman,Psychology,2008-2012,8.04
Oman,Psychology,2013-2017,22.173057811753434
Oman,Social Sciences,1983-1987,1.0
Oman,Social Sciences,1988-1992,0.25
Oman,Social Sciences,1993-1997,2.0
Oman,Social Sciences,1998-2002,12.0
Oman,Social Sciences,2003-2007,5.333333333333333
Oman,Social Sciences,2008-2012,17.899999999999995
Oman,Social Sciences,2013-2017,37.15952380952377
Pakistan,Arts,1973-1977,2.0
Pakistan,Arts,1978-1982,1.0
Pakistan,Arts,1983-1987,2.0
Pakistan,Arts,1993-1997,1.833333333333333
Pakistan,Arts,2008-2012,6.2
Pakistan,Arts,2013-2017,2.0
Pakistan,Biology,1973-1977,159.83333333333323
Pakistan,Biology,1978-1982,308.0416666666663
Pakistan,Biology,1983-1987,436.266666666666
Pakistan,Biology,1988-1992,568.9166666666661
Pakistan,Biology,1993-1997,523.7611111111106
Pakistan,Biology,1998-2002,549.7837662337653
Pakistan,Biology,2003-2007,1310.0119047619
Pakistan,Biology,2008-2012,4211.93941415164
Pakistan,Biology,2013-2017,5714.879520170223
Pakistan,Biomedical Research,1973-1977,92.34285714285714
Pakistan,Biomedical Research,1978-1982,54.16666666666666
Pakistan,Biomedical Research,1983-1987,69.55952380952378
Pakistan,Biomedical Research,1988-1992,93.75396825396821
Pakistan,Biomedical Research,1993-1997,136.3400183150182
Pakistan,Biomedical Research,1998-2002,150.51768313385944
Pakistan,Biomedical Research,2003-2007,389.88455710955634
Pakistan,Biomedical Research,2008-2012,1702.556691826845
Pakistan,Biomedical Research,2013-2017,2480.870163677362
Pakistan,Chemistry,1973-1977,108.73333333333332
Pakistan,Chemistry,1978-1982,117.24999999999994
Pakistan,Chemistry,1983-1987,253.58333333333303
Pakistan,Chemistry,1988-1992,441.2499999999997
Pakistan,Chemistry,1993-1997,534.2833333333328
Pakistan,Chemistry,1998-2002,564.466666666666
Pakistan,Chemistry,2003-2007,1239.1206349206313
Pakistan,Chemistry,2008-2012,2794.3039682539616
Pakistan,Chemistry,2013-2017,3000.110416381
Pakistan,Clinical Medicine,1973-1977,61.08333333333332
Pakistan,Clinical Medicine,1978-1982,94.35238095238094
Pakistan,Clinical Medicine,1983-1987,89.90277777777774
Pakistan,Clinical Medicine,1988-1992,205.92930402930392
Pakistan,Clinical Medicine,1993-1997,405.87389228418596
Pakistan,Clinical Medicine,1998-2002,509.4789682539674
Pakistan,Clinical Medicine,2003-2007,1138.9259644008077
Pakistan,Clinical Medicine,2008-2012,4442.267881021576
Pakistan,Clinical Medicine,2013-2017,6758.243731491525
Pakistan,Earth and Space,1973-1977,11.33333333333333
Pakistan,Earth and Space,1978-1982,25.449999999999992
Pakistan,Earth and Space,1983-1987,28.93571428571425
Pakistan,Earth and Space,1988-1992,51.4833333333333
Pakistan,Earth and Space,1993-1997,60.659956709956674
Pakistan,Earth and Space,1998-2002,77.31587301587294
Pakistan,Earth and Space,2003-2007,148.17301587301552
Pakistan,Earth and Space,2008-2012,538.692135642135
Pakistan,Earth and Space,2013-2017,1660.2410784383721
Pakistan,Engineering and Technology,1973-1977,17.166666666666664
Pakistan,Engineering and Technology,1978-1982,54.33333333333332
Pakistan,Engineering and Technology,1983-1987,87.25
Pakistan,Engineering and Technology,1988-1992,95.16666666666666
Pakistan,Engineering and Technology,1993-1997,227.0833333333331
Pakistan,Engineering and Technology,1998-2002,229.91666666666632
Pakistan,Engineering and Technology,2003-2007,534.9333333333319
Pakistan,Engineering and Technology,2008-2012,1851.0786336833407
Pakistan,Engineering and Technology,2013-2017,5309.279843607518
Pakistan,Health,1973-1977,1.0
Pakistan,Health,1978-1982,1.0
Pakistan,Health,1983-1987,4.666666666666666
Pakistan,Health,1988-1992,6.666666666666666
Pakistan,Health,1993-1997,18.08333333333332
Pakistan,Health,1998-2002,20.516666666666644
Pakistan,Health,2003-2007,29.80555555555552
Pakistan,Health,2008-2012,113.9627095127093
Pakistan,Health,2013-2017,264.01529307802866
Pakistan,Humanities,1973-1977,2.0
Pakistan,Humanities,1978-1982,8.0
Pakistan,Humanities,1983-1987,8.0
Pakistan,Humanities,1988-1992,9.0
Pakistan,Humanities,1993-1997,5.0
Pakistan,Humanities,1998-2002,3.0
Pakistan,Humanities,2003-2007,12.0
Pakistan,Humanities,2008-2012,9.5
Pakistan,Humanities,2013-2017,40.23571428571426
Pakistan,Mathematics,1973-1977,20.0
Pakistan,Mathematics,1978-1982,7.5
Pakistan,Mathematics,1983-1987,23.833333333333332
Pakistan,Mathematics,1988-1992,30.74999999999999
Pakistan,Mathematics,1993-1997,33.24999999999996
Pakistan,Mathematics,1998-2002,33.24999999999997
Pakistan,Mathematics,2003-2007,176.91666666666623
Pakistan,Mathematics,2008-2012,776.2023809523799
Pakistan,Mathematics,2013-2017,1089.1797619047604
Pakistan,Physics,1973-1977,66.41666666666666
Pakistan,Physics,1978-1982,142.24999999999997
Pakistan,Physics,1983-1987,141.1079688285568
Pakistan,Physics,1988-1992,233.1539682539678
Pakistan,Physics,1993-1997,256.4523809523805
Pakistan,Physics,1998-2002,288.46190976897265
Pakistan,Physics,2003-2007,577.1528009002052
Pakistan,Physics,2008-2012,1481.5397516638836
Pakistan,Physics,2013-2017,3002.8114877076255
Pakistan,Professional Fields,1973-1977,3.0
Pakistan,Professional Fields,1978-1982,11.0
Pakistan,Professional Fields,1983-1987,15.75
Pakistan,Professional Fields,1988-1992,7.0
Pakistan,Professional Fields,1993-1997,17.16666666666666
Pakistan,Professional Fields,1998-2002,12.949999999999989
Pakistan,Professional Fields,2003-2007,27.58333333333332
Pakistan,Professional Fields,2008-2012,278.8759057971009
Pakistan,Professional Fields,2013-2017,313.7230268523741
Pakistan,Psychology,1973-1977,2.25
Pakistan,Psychology,1978-1982,6.0
Pakistan,Psychology,1983-1987,1.5
Pakistan,Psychology,1988-1992,5.333333333333333
Pakistan,Psychology,1993-1997,7.533333333333333
Pakistan,Psychology,1998-2002,5.583333333333329
Pakistan,Psychology,2003-2007,11.916666666666666
Pakistan,Psychology,2008-2012,19.359523809523793
Pakistan,Psychology,2013-2017,61.41545108920209
Pakistan,Social Sciences,1973-1977,11.666666666666666
Pakistan,Social Sciences,1978-1982,25.75
Pakistan,Social Sciences,1983-1987,41.74999999999999
Pakistan,Social Sciences,1988-1992,43.226190476190474
Pakistan,Social Sciences,1993-1997,53.58333333333333
Pakistan,Social Sciences,1998-2002,33.840909090909065
Pakistan,Social Sciences,2003-2007,57.9
Pakistan,Social Sciences,2008-2012,230.36666666666588
Pakistan,Social Sciences,2013-2017,409.30158730158655
Palau,Biology,1973-1977,1.0
Palau,Biology,1978-1982,2.0
Palau,Biology,1983-1987,4.0
Palau,Biology,1988-1992,2.0
Palau,Biology,1993-1997,2.666666666666663
Palau,Biology,1998-2002,2.333333333333333
Palau,Biology,2003-2007,6.783333333333332
Palau,Biology,2008-2012,5.15238095238095
Palau,Biology,2013-2017,7.122222222222221
Palau,Biomedical Research,1983-1987,0.5
Palau,Biomedical Research,1993-1997,0.1
Palau,Biomedical Research,1998-2002,0.642857142857142
Palau,Biomedical Research,2003-2007,2.86666666666666
Palau,Biomedical Research,2008-2012,1.2499999999999991
Palau,Biomedical Research,2013-2017,2.759523809523807
Palau,Chemistry,1998-2002,0.5
Palau,Chemistry,2003-2007,0.333333333333333
Palau,Chemistry,2013-2017,1.777777777777777
Palau,Clinical Medicine,1978-1982,0.25
Palau,Clinical Medicine,1988-1992,0.5
Palau,Clinical Medicine,1993-1997,0.333333333333333
Palau,Clinical Medicine,1998-2002,0.566666666666666
Palau,Clinical Medicine,2003-2007,1.7499999999999991
Palau,Clinical Medicine,2008-2012,1.399999999999999
Palau,Clinical Medicine,2013-2017,3.666666666666664
Palau,Earth and Space,1998-2002,1.25
Palau,Earth and Space,2003-2007,1.0269230769230768
Palau,Earth and Space,2008-2012,0.892857142857142
Palau,Earth and Space,2013-2017,5.89656683895814
Palau,Engineering and Technology,2008-2012,1.0
Palau,Engineering and Technology,2013-2017,2.0
Palau,Health,1983-1987,0.5
Palau,Health,1998-2002,0.333333333333333
Palau,Health,2003-2007,0.583333333333333
Palau,Health,2008-2012,0.325
Palau,Health,2013-2017,1.7666666666666662
Palau,Mathematics,2003-2007,1.0
Palau,Physics,2008-2012,0.333333333333333
Palau,Professional Fields,1998-2002,0.5
Palau,Professional Fields,2013-2017,0.583333333333333
Palau,Social Sciences,1998-2002,3.0
Palestine,Arts,2013-2017,1.0
Palestine,Biology,2013-2017,10.235256410256403
Palestine,Biomedical Research,2013-2017,14.0457371332371
Palestine,Chemistry,1998-2002,0.5
Palestine,Chemistry,2008-2012,3.33333333333333
Palestine,Chemistry,2013-2017,23.706349206349188
Palestine,Clinical Medicine,2013-2017,52.701286205366024
Palestine,Earth and Space,2013-2017,14.711904761904659
Palestine,Engineering and Technology,2013-2017,34.639848267812575
Palestine,Health,2003-2007,0.333333333333333
Palestine,Health,2013-2017,17.548351648351623
Palestine,Humanities,2013-2017,2.0
Palestine,Mathematics,2013-2017,3.2
Palestine,Physics,2013-2017,25.570583805346253
Palestine,Professional Fields,2013-2017,4.221739130434773
Palestine,Psychology,2013-2017,5.522023809523806
Palestine,Social Sciences,2013-2017,4.083333333333333
Panama,Arts,1978-1982,1.0
Panama,Biology,1973-1977,20.33333333333333
Panama,Biology,1978-1982,34.66666666666665
Panama,Biology,1983-1987,105.99999999999994
Panama,Biology,1988-1992,123.73333333333326
Panama,Biology,1993-1997,132.5277777777777
Panama,Biology,1998-2002,156.88507575757546
Panama,Biology,2003-2007,208.81544746103543
Panama,Biology,2008-2012,277.94649829268076
Panama,Biology,2013-2017,324.14666270684546
Panama,Biomedical Research,1973-1977,8.333333333333332
Panama,Biomedical Research,1978-1982,4.083333333333333
Panama,Biomedical Research,1983-1987,18.86666666666666
Panama,Biomedical Research,1988-1992,29.033333333333317
Panama,Biomedical Research,1993-1997,33.89999999999997
Panama,Biomedical Research,1998-2002,46.558470695970634
Panama,Biomedical Research,2003-2007,53.38563810372625
Panama,Biomedical Research,2008-2012,93.25978599960398
Panama,Biomedical Research,2013-2017,144.6692442524776
Panama,Chemistry,1978-1982,2.0
Panama,Chemistry,1988-1992,3.533333333333333
Panama,Chemistry,1993-1997,1.291666666666666
Panama,Chemistry,2003-2007,6.0166666666666595
Panama,Chemistry,2008-2012,5.04999999999999
Panama,Chemistry,2013-2017,11.489285714285705
Panama,Clinical Medicine,1973-1977,35.03333333333333
Panama,Clinical Medicine,1978-1982,26.299999999999994
Panama,Clinical Medicine,1983-1987,18.711111111111087
Panama,Clinical Medicine,1988-1992,33.4166666666666
Panama,Clinical Medicine,1993-1997,29.357142857142804
Panama,Clinical Medicine,1998-2002,30.48962148962146
Panama,Clinical Medicine,2003-2007,49.119342805980665
Panama,Clinical Medicine,2008-2012,79.65019699095774
Panama,Clinical Medicine,2013-2017,108.72556142798666
Panama,Earth and Space,1978-1982,0.2
Panama,Earth and Space,1983-1987,6.916666666666666
Panama,Earth and Space,1988-1992,6.749999999999994
Panama,Earth and Space,1993-1997,13.916666666666664
Panama,Earth and Space,1998-2002,12.35326797385619
Panama,Earth and Space,2003-2007,22.86547619047616
Panama,Earth and Space,2008-2012,44.483722227429254
Panama,Earth and Space,2013-2017,47.03939563118445
Panama,Engineering and Technology,1973-1977,1.0
Panama,Engineering and Technology,1978-1982,1.0
Panama,Engineering and Technology,1983-1987,3.416666666666666
Panama,Engineering and Technology,1988-1992,0.833333333333333
Panama,Engineering and Technology,1993-1997,1.0
Panama,Engineering and Technology,1998-2002,4.499999999999999
Panama,Engineering and Technology,2003-2007,6.818686868686867
Panama,Engineering and Technology,2008-2012,13.27499999999998
Panama,Engineering and Technology,2013-2017,27.485714285714245
Panama,Health,1988-1992,0.25
Panama,Health,1993-1997,0.5909090909090909
Panama,Health,1998-2002,1.0588235294117647
Panama,Health,2003-2007,3.146367521367521
Panama,Health,2008-2012,5.178210678210668
Panama,Health,2013-2017,15.800036075036047
Panama,Humanities,1973-1977,1.5
Panama,Humanities,1983-1987,2.0
Panama,Humanities,1998-2002,2.0
Panama,Humanities,2013-2017,2.0
Panama,Mathematics,1988-1992,1.0
Panama,Mathematics,1993-1997,1.0
Panama,Mathematics,2008-2012,1.366666666666666
Panama,Mathematics,2013-2017,2.583333333333329
Panama,Physics,1983-1987,0.333333333333333
Panama,Physics,1988-1992,1.333333333333333
Panama,Physics,1993-1997,2.333333333333333
Panama,Physics,1998-2002,3.833333333333329
Panama,Physics,2003-2007,2.949999999999999
Panama,Physics,2008-2012,1.75
Panama,Physics,2013-2017,4.58333333333333
Panama,Professional Fields,1973-1977,0.5
Panama,Professional Fields,1983-1987,1.0
Panama,Professional Fields,1988-1992,1.0
Panama,Professional Fields,1993-1997,0.5
Panama,Professional Fields,2003-2007,1.209523809523808
Panama,Professional Fields,2008-2012,5.833333333333329
Panama,Professional Fields,2013-2017,4.4722222222222205
Panama,Psychology,1973-1977,7.5
Panama,Psychology,1978-1982,4.33333333333333
Panama,Psychology,1983-1987,8.5
Panama,Psychology,1988-1992,9.33333333333333
Panama,Psychology,1993-1997,7.24999999999999
Panama,Psychology,1998-2002,7.616666666666646
Panama,Psychology,2003-2007,12.13333333333331
Panama,Psychology,2008-2012,13.75202020202018
Panama,Psychology,2013-2017,19.67670250896055
Panama,Social Sciences,1973-1977,10.0
Panama,Social Sciences,1978-1982,2.75
Panama,Social Sciences,1983-1987,12.166666666666664
Panama,Social Sciences,1988-1992,14.666666666666666
Panama,Social Sciences,1993-1997,2.333333333333333
Panama,Social Sciences,1998-2002,7.499999999999999
Panama,Social Sciences,2003-2007,6.876190476190468
Panama,Social Sciences,2008-2012,7.528787878787872
Panama,Social Sciences,2013-2017,14.622328548644331
Papua New Guinea,Arts,1973-1977,2.0
Papua New Guinea,Arts,1988-1992,1.0
Papua New Guinea,Arts,1993-1997,1.0
Papua New Guinea,Arts,2008-2012,1.0
Papua New Guinea,Arts,2013-2017,0.333333333333333
Papua New Guinea,Biology,1973-1977,68.16666666666666
Papua New Guinea,Biology,1978-1982,109.2
Papua New Guinea,Biology,1983-1987,84.03333333333332
Papua New Guinea,Biology,1988-1992,67.83333333333331
Papua New Guinea,Biology,1993-1997,44.29999999999997
Papua New Guinea,Biology,1998-2002,58.78333333333328
Papua New Guinea,Biology,2003-2007,33.71677489177485
Papua New Guinea,Biology,2008-2012,40.83215811965807
Papua New Guinea,Biology,2013-2017,40.32137875311849
Papua New Guinea,Biomedical Research,1973-1977,29.166666666666657
Papua New Guinea,Biomedical Research,1978-1982,23.383333333333315
Papua New Guinea,Biomedical Research,1983-1987,32.53690476190474
Papua New Guinea,Biomedical Research,1988-1992,22.546825396825366
Papua New Guinea,Biomedical Research,1993-1997,18.62499999999999
Papua New Guinea,Biomedical Research,1998-2002,12.310256410256393
Papua New Guinea,Biomedical Research,2003-2007,17.258766233766224
Papua New Guinea,Biomedical Research,2008-2012,16.16058802308801
Papua New Guinea,Biomedical Research,2013-2017,26.110768280647314
Papua New Guinea,Chemistry,1973-1977,5.083333333333333
Papua New Guinea,Chemistry,1978-1982,4.5
Papua New Guinea,Chemistry,1983-1987,8.166666666666666
Papua New Guinea,Chemistry,1988-1992,3.333333333333333
Papua New Guinea,Chemistry,1993-1997,9.666666666666663
Papua New Guinea,Chemistry,1998-2002,3.916666666666663
Papua New Guinea,Chemistry,2003-2007,2.566666666666662
Papua New Guinea,Chemistry,2008-2012,3.209523809523802
Papua New Guinea,Chemistry,2013-2017,4.2499999999999964
Papua New Guinea,Clinical Medicine,1973-1977,107.88571428571412
Papua New Guinea,Clinical Medicine,1978-1982,177.41666666666663
Papua New Guinea,Clinical Medicine,1983-1987,251.64285714285694
Papua New Guinea,Clinical Medicine,1988-1992,244.64563492063462
Papua New Guinea,Clinical Medicine,1993-1997,148.78585164835147
Papua New Guinea,Clinical Medicine,1998-2002,98.00317460317454
Papua New Guinea,Clinical Medicine,2003-2007,66.48928571428557
Papua New Guinea,Clinical Medicine,2008-2012,92.0362668763982
Papua New Guinea,Clinical Medicine,2013-2017,77.12418606225775
Papua New Guinea,Earth and Space,1973-1977,11.309523809523807
Papua New Guinea,Earth and Space,1978-1982,19.416666666666654
Papua New Guinea,Earth and Space,1983-1987,21.483333333333324
Papua New Guinea,Earth and Space,1988-1992,17.99999999999999
Papua New Guinea,Earth and Space,1993-1997,10.608008658008643
Papua New Guinea,Earth and Space,1998-2002,14.394047619047598
Papua New Guinea,Earth and Space,2003-2007,11.673582381670604
Papua New Guinea,Earth and Space,2008-2012,7.830158730158713
Papua New Guinea,Earth and Space,2013-2017,13.429487271016475
Papua New Guinea,Engineering and Technology,1973-1977,11.0
Papua New Guinea,Engineering and Technology,1978-1982,14.0
Papua New Guinea,Engineering and Technology,1983-1987,17.0
Papua New Guinea,Engineering and Technology,1988-1992,28.166666666666664
Papua New Guinea,Engineering and Technology,1993-1997,16.366666666666667
Papua New Guinea,Engineering and Technology,1998-2002,11.916666666666666
Papua New Guinea,Engineering and Technology,2003-2007,1.333333333333333
Papua New Guinea,Engineering and Technology,2008-2012,3.0
Papua New Guinea,Engineering and Technology,2013-2017,4.0333333333333306
Papua New Guinea,Health,1973-1977,0.5
Papua New Guinea,Health,1978-1982,4.0
Papua New Guinea,Health,1988-1992,6.0
Papua New Guinea,Health,1993-1997,2.033333333333333
Papua New Guinea,Health,1998-2002,1.1111111111111112
Papua New Guinea,Health,2003-2007,1.5
Papua New Guinea,Health,2008-2012,7.564285714285698
Papua New Guinea,Health,2013-2017,21.3439044478518
Papua New Guinea,Humanities,1973-1977,12.5
Papua New Guinea,Humanities,1978-1982,6.0
Papua New Guinea,Humanities,1983-1987,4.0
Papua New Guinea,Humanities,1988-1992,8.0
Papua New Guinea,Humanities,1993-1997,1.0
Papua New Guinea,Humanities,1998-2002,1.0
Papua New Guinea,Humanities,2003-2007,2.333333333333333
Papua New Guinea,Humanities,2008-2012,4.2
Papua New Guinea,Humanities,2013-2017,4.833333333333333
Papua New Guinea,Mathematics,1973-1977,1.5
Papua New Guinea,Mathematics,1978-1982,4.0
Papua New Guinea,Mathematics,1983-1987,3.666666666666663
Papua New Guinea,Mathematics,1988-1992,7.83333333333333
Papua New Guinea,Mathematics,1993-1997,4.25
Papua New Guinea,Mathematics,1998-2002,2.0
Papua New Guinea,Mathematics,2003-2007,3.25
Papua New Guinea,Mathematics,2008-2012,0.5
Papua New Guinea,Mathematics,2013-2017,3.5
Papua New Guinea,Physics,1978-1982,4.833333333333333
Papua New Guinea,Physics,1983-1987,5.833333333333333
Papua New Guinea,Physics,1988-1992,1.5
Papua New Guinea,Physics,1998-2002,3.2
Papua New Guinea,Physics,2008-2012,1.5
Papua New Guinea,Physics,2013-2017,0.666666666666666
Papua New Guinea,Professional Fields,1973-1977,9.33333333333333
Papua New Guinea,Professional Fields,1978-1982,8.5
Papua New Guinea,Professional Fields,1983-1987,26.5
Papua New Guinea,Professional Fields,1988-1992,12.5
Papua New Guinea,Professional Fields,1993-1997,12.25
Papua New Guinea,Professional Fields,1998-2002,6.0
Papua New Guinea,Professional Fields,2003-2007,2.0
Papua New Guinea,Professional Fields,2008-2012,1.5
Papua New Guinea,Professional Fields,2013-2017,2.168478260869564
Papua New Guinea,Psychology,1973-1977,6.0
Papua New Guinea,Psychology,1978-1982,9.25
Papua New Guinea,Psychology,1983-1987,6.5
Papua New Guinea,Psychology,1988-1992,3.333333333333333
Papua New Guinea,Psychology,1993-1997,2.0
Papua New Guinea,Psychology,1998-2002,0.5
Papua New Guinea,Psychology,2003-2007,1.5
Papua New Guinea,Psychology,2008-2012,0.5
Papua New Guinea,Social Sciences,1973-1977,67.91666666666666
Papua New Guinea,Social Sciences,1978-1982,49.0
Papua New Guinea,Social Sciences,1983-1987,42.236111111111086
Papua New Guinea,Social Sciences,1988-1992,22.06944444444444
Papua New Guinea,Social Sciences,1993-1997,16.916666666666664
Papua New Guinea,Social Sciences,1998-2002,6.75
Papua New Guinea,Social Sciences,2003-2007,2.3666666666666663
Papua New Guinea,Social Sciences,2008-2012,10.241666666666656
Papua New Guinea,Social Sciences,2013-2017,10.800176577808145
Paraguay,Arts,1993-1997,1.0
Paraguay,Arts,2003-2007,1.0
Paraguay,Arts,2008-2012,1.0
Paraguay,Biology,1973-1977,7.5
Paraguay,Biology,1978-1982,10.75
Paraguay,Biology,1983-1987,9.083333333333325
Paraguay,Biology,1988-1992,13.333333333333329
Paraguay,Biology,1993-1997,7.833333333333325
Paraguay,Biology,1998-2002,11.583333333333323
Paraguay,Biology,2003-2007,10.877380952380943
Paraguay,Biology,2008-2012,14.819444444444427
Paraguay,Biology,2013-2017,49.10332569391385
Paraguay,Biomedical Research,1973-1977,1.833333333333333
Paraguay,Biomedical Research,1978-1982,0.25
Paraguay,Biomedical Research,1983-1987,4.0
Paraguay,Biomedical Research,1988-1992,1.166666666666666
Paraguay,Biomedical Research,1993-1997,3.719298245614034
Paraguay,Biomedical Research,1998-2002,4.341666666666666
Paraguay,Biomedical Research,2003-2007,12.338564213564197
Paraguay,Biomedical Research,2008-2012,8.816580641580636
Paraguay,Biomedical Research,2013-2017,18.7223055243847
Paraguay,Chemistry,1973-1977,2.5
Paraguay,Chemistry,1978-1982,0.5
Paraguay,Chemistry,1983-1987,0.833333333333333
Paraguay,Chemistry,1988-1992,2.5
Paraguay,Chemistry,1993-1997,0.833333333333333
Paraguay,Chemistry,1998-2002,2.833333333333332
Paraguay,Chemistry,2003-2007,0.47619047619047494
Paraguay,Chemistry,2008-2012,4.77142857142857
Paraguay,Chemistry,2013-2017,2.804761904761903
Paraguay,Clinical Medicine,1973-1977,13.0
Paraguay,Clinical Medicine,1978-1982,14.333333333333329
Paraguay,Clinical Medicine,1983-1987,11.75
Paraguay,Clinical Medicine,1988-1992,24.333333333333318
Paraguay,Clinical Medicine,1993-1997,21.37896825396824
Paraguay,Clinical Medicine,1998-2002,24.919444444444427
Paraguay,Clinical Medicine,2003-2007,32.188324749962646
Paraguay,Clinical Medicine,2008-2012,55.68497776345884
Paraguay,Clinical Medicine,2013-2017,75.579401221135
Paraguay,Earth and Space,1978-1982,1.0
Paraguay,Earth and Space,1988-1992,3.1111111111111107
Paraguay,Earth and Space,1993-1997,1.083333333333333
Paraguay,Earth and Space,1998-2002,1.416666666666666
Paraguay,Earth and Space,2003-2007,3.400432900432899
Paraguay,Earth and Space,2008-2012,0.916666666666666
Paraguay,Earth and Space,2013-2017,8.645512820512806
Paraguay,Engineering and Technology,1993-1997,1.833333333333333
Paraguay,Engineering and Technology,1998-2002,1.7
Paraguay,Engineering and Technology,2003-2007,6.866666666666665
Paraguay,Engineering and Technology,2008-2012,4.99999999999999
Paraguay,Engineering and Technology,2013-2017,14.50159840159839
Paraguay,Health,2003-2007,0.285714285714285
Paraguay,Health,2008-2012,4.044022644022638
Paraguay,Health,2013-2017,6.3525312836458285
Paraguay,Humanities,1973-1977,1.333333333333333
Paraguay,Humanities,1983-1987,1.0
Paraguay,Humanities,2013-2017,0.5
Paraguay,Mathematics,1993-1997,0.5
Paraguay,Mathematics,2008-2012,0.833333333333333
Paraguay,Mathematics,2013-2017,3.533333333333332
Paraguay,Physics,1983-1987,0.4
Paraguay,Physics,1993-1997,0.333333333333333
Paraguay,Physics,2003-2007,1.666666666666665
Paraguay,Physics,2008-2012,0.95
Paraguay,Physics,2013-2017,8.109523809523807
Paraguay,Professional Fields,1983-1987,1.0
Paraguay,Professional Fields,2008-2012,0.5
Paraguay,Professional Fields,2013-2017,0.5888888888888885
Paraguay,Psychology,1973-1977,1.0
Paraguay,Psychology,1988-1992,1.5
Paraguay,Psychology,1998-2002,0.25
Paraguay,Psychology,2003-2007,0.5
Paraguay,Psychology,2013-2017,1.333333333333333
Paraguay,Social Sciences,1973-1977,0.5
Paraguay,Social Sciences,1978-1982,0.75
Paraguay,Social Sciences,1983-1987,2.333333333333333
Paraguay,Social Sciences,1988-1992,1.833333333333333
Paraguay,Social Sciences,1993-1997,1.5
Paraguay,Social Sciences,1998-2002,2.333333333333333
Paraguay,Social Sciences,2003-2007,1.5
Paraguay,Social Sciences,2008-2012,3.5
Paraguay,Social Sciences,2013-2017,7.033333333333329
People's Republic of Congo,Biology,1973-1977,3.333333333333333
People's Republic of Congo,Biology,1978-1982,12.666666666666666
People's Republic of Congo,Biology,1983-1987,28.08333333333332
People's Republic of Congo,Biology,1988-1992,24.33333333333333
People's Republic of Congo,Biology,1993-1997,3.0
People's Republic of Congo,Biomedical Research,1973-1977,6.0
People's Republic of Congo,Biomedical Research,1978-1982,10.333333333333332
People's Republic of Congo,Biomedical Research,1983-1987,7.249999999999999
People's Republic of Congo,Biomedical Research,1988-1992,5.1861111111111065
People's Republic of Congo,Biomedical Research,1993-1997,0.666666666666666
People's Republic of Congo,Chemistry,1973-1977,2.166666666666666
People's Republic of Congo,Chemistry,1978-1982,2.999999999999996
People's Republic of Congo,Chemistry,1983-1987,4.499999999999999
People's Republic of Congo,Chemistry,1988-1992,2.1166666666666663
People's Republic of Congo,Clinical Medicine,1973-1977,5.166666666666666
People's Republic of Congo,Clinical Medicine,1978-1982,13.999999999999996
People's Republic of Congo,Clinical Medicine,1983-1987,43.84090909090908
People's Republic of Congo,Clinical Medicine,1988-1992,57.9154761904761
People's Republic of Congo,Clinical Medicine,1993-1997,10.14047619047618
People's Republic of Congo,Earth and Space,1973-1977,4.5
People's Republic of Congo,Earth and Space,1978-1982,3.25
People's Republic of Congo,Earth and Space,1983-1987,8.699999999999996
People's Republic of Congo,Earth and Space,1988-1992,13.166666666666648
People's Republic of Congo,Earth and Space,1993-1997,1.25
People's Republic of Congo,Engineering and Technology,1983-1987,1.0
People's Republic of Congo,Engineering and Technology,1988-1992,1.0
People's Republic of Congo,Health,1988-1992,2.0
People's Republic of Congo,Health,1993-1997,1.5
People's Republic of Congo,Humanities,1973-1977,1.0
People's Republic of Congo,Humanities,1988-1992,4.0
People's Republic of Congo,Mathematics,1973-1977,3.0
People's Republic of Congo,Mathematics,1983-1987,0.5
People's Republic of Congo,Mathematics,1988-1992,1.0
People's Republic of Congo,Physics,1973-1977,0.25
People's Republic of Congo,Physics,1988-1992,0.666666666666666
People's Republic of Congo,Physics,1993-1997,0.333333333333333
People's Republic of Congo,Professional Fields,1978-1982,2.0
People's Republic of Congo,Professional Fields,1988-1992,1.0
People's Republic of Congo,Psychology,1988-1992,0.75
People's Republic of Congo,Social Sciences,1973-1977,1.0
People's Republic of Congo,Social Sciences,1978-1982,1.166666666666666
People's Republic of Congo,Social Sciences,1983-1987,2.5
People's Republic of Congo,Social Sciences,1988-1992,1.166666666666666
People's Republic of Congo,Social Sciences,1993-1997,1.0
Peru,Arts,1978-1982,3.0
Peru,Arts,1983-1987,2.0
Peru,Arts,1988-1992,1.0
Peru,Arts,1993-1997,1.0
Peru,Arts,1998-2002,9.25
Peru,Arts,2003-2007,3.0
Peru,Arts,2008-2012,3.66666666666666
Peru,Arts,2013-2017,8.66666666666666
Peru,Biology,1973-1977,47.333333333333314
Peru,Biology,1978-1982,79.4833333333333
Peru,Biology,1983-1987,92.24999999999997
Peru,Biology,1988-1992,143.47619047619025
Peru,Biology,1993-1997,105.19999999999992
Peru,Biology,1998-2002,109.73615079365067
Peru,Biology,2003-2007,180.44030501662047
Peru,Biology,2008-2012,271.8579639195275
Peru,Biology,2013-2017,397.3941260749756
Peru,Biomedical Research,1973-1977,41.56666666666664
Peru,Biomedical Research,1978-1982,53.249999999999964
Peru,Biomedical Research,1983-1987,38.87142857142853
Peru,Biomedical Research,1988-1992,60.46785714285701
Peru,Biomedical Research,1993-1997,56.843504594820324
Peru,Biomedical Research,1998-2002,52.66496354522661
Peru,Biomedical Research,2003-2007,108.36591392267844
Peru,Biomedical Research,2008-2012,150.48166540054848
Peru,Biomedical Research,2013-2017,258.34956470171915
Peru,Chemistry,1973-1977,2.0
Peru,Chemistry,1978-1982,2.5
Peru,Chemistry,1983-1987,6.602380952380944
Peru,Chemistry,1988-1992,5.749999999999996
Peru,Chemistry,1993-1997,5.333333333333332
Peru,Chemistry,1998-2002,11.399999999999999
Peru,Chemistry,2003-2007,20.849999999999966
Peru,Chemistry,2008-2012,22.49920634920633
Peru,Chemistry,2013-2017,35.48460012210005
Peru,Clinical Medicine,1973-1977,104.95882352941172
Peru,Clinical Medicine,1978-1982,65.74632352941174
Peru,Clinical Medicine,1983-1987,65.26735019366593
Peru,Clinical Medicine,1988-1992,131.46706349206335
Peru,Clinical Medicine,1993-1997,144.9310076560075
Peru,Clinical Medicine,1998-2002,191.126814014159
Peru,Clinical Medicine,2003-2007,307.2014118508635
Peru,Clinical Medicine,2008-2012,473.6146472058381
Peru,Clinical Medicine,2013-2017,627.2569202356631
Peru,Earth and Space,1973-1977,13.01349206349204
Peru,Earth and Space,1978-1982,8.209523809523798
Peru,Earth and Space,1983-1987,21.592857142857117
Peru,Earth and Space,1988-1992,23.586904761904716
Peru,Earth and Space,1993-1997,12.556746031746007
Peru,Earth and Space,1998-2002,40.573160173160105
Peru,Earth and Space,2003-2007,71.42518037518029
Peru,Earth and Space,2008-2012,100.27551322781817
Peru,Earth and Space,2013-2017,172.37236562025817
Peru,Engineering and Technology,1973-1977,2.0
Peru,Engineering and Technology,1978-1982,7.833333333333333
Peru,Engineering and Technology,1983-1987,8.25
Peru,Engineering and Technology,1988-1992,18.53333333333333
Peru,Engineering and Technology,1993-1997,16.749999999999993
Peru,Engineering and Technology,1998-2002,19.299999999999983
Peru,Engineering and Technology,2003-2007,43.311976911976856
Peru,Engineering and Technology,2008-2012,54.978483383912106
Peru,Engineering and Technology,2013-2017,141.94901521368575
Peru,Health,1973-1977,1.0
Peru,Health,1978-1982,1.0
Peru,Health,1983-1987,1.5
Peru,Health,1988-1992,3.659523809523802
Peru,Health,1993-1997,8.433333333333328
Peru,Health,1998-2002,5.095238095238093
Peru,Health,2003-2007,27.092507492507455
Peru,Health,2008-2012,73.56536102786079
Peru,Health,2013-2017,106.54463724531662
Peru,Humanities,1973-1977,13.0
Peru,Humanities,1978-1982,16.5
Peru,Humanities,1983-1987,32.5
Peru,Humanities,1988-1992,28.5
Peru,Humanities,1993-1997,21.0
Peru,Humanities,1998-2002,18.5
Peru,Humanities,2003-2007,8.333333333333332
Peru,Humanities,2008-2012,33.49999999999999
Peru,Humanities,2013-2017,52.0595238095238
Peru,Mathematics,1973-1977,2.5
Peru,Mathematics,1978-1982,3.0
Peru,Mathematics,1983-1987,0.333333333333333
Peru,Mathematics,1988-1992,2.166666666666666
Peru,Mathematics,1993-1997,2.333333333333333
Peru,Mathematics,1998-2002,4.833333333333333
Peru,Mathematics,2003-2007,10.833333333333327
Peru,Mathematics,2008-2012,25.34999999999995
Peru,Mathematics,2013-2017,47.53730158730153
Peru,Physics,1973-1977,1.0
Peru,Physics,1978-1982,3.5
Peru,Physics,1983-1987,3.166666666666666
Peru,Physics,1988-1992,5.533333333333332
Peru,Physics,1993-1997,21.399999999999967
Peru,Physics,1998-2002,26.152777777777736
Peru,Physics,2003-2007,45.67777777777767
Peru,Physics,2008-2012,31.950772578044752
Peru,Physics,2013-2017,52.70154970939097
Peru,Professional Fields,1973-1977,6.45
Peru,Professional Fields,1978-1982,12.0
Peru,Professional Fields,1983-1987,7.0
Peru,Professional Fields,1988-1992,9.83333333333333
Peru,Professional Fields,1993-1997,2.233333333333333
Peru,Professional Fields,1998-2002,5.083333333333333
Peru,Professional Fields,2003-2007,6.666666666666666
Peru,Professional Fields,2008-2012,70.19041514041506
Peru,Professional Fields,2013-2017,64.71807359307351
Peru,Psychology,1973-1977,8.33333333333333
Peru,Psychology,1978-1982,27.499999999999932
Peru,Psychology,1983-1987,5.0
Peru,Psychology,1988-1992,5.566666666666666
Peru,Psychology,1993-1997,4.25
Peru,Psychology,1998-2002,4.666666666666666
Peru,Psychology,2003-2007,9.673203194321204
Peru,Psychology,2008-2012,22.446609262906424
Peru,Psychology,2013-2017,38.957330337352225
Peru,Social Sciences,1973-1977,29.5
Peru,Social Sciences,1978-1982,30.83333333333333
Peru,Social Sciences,1983-1987,23.64285714285714
Peru,Social Sciences,1988-1992,22.691666666666666
Peru,Social Sciences,1993-1997,21.99999999999999
Peru,Social Sciences,1998-2002,17.69999999999998
Peru,Social Sciences,2003-2007,34.833333333333314
Peru,Social Sciences,2008-2012,106.4997113997112
Peru,Social Sciences,2013-2017,178.02055465374414
Philippines,Arts,1973-1977,4.0
Philippines,Arts,1978-1982,4.0
Philippines,Arts,1983-1987,5.0
Philippines,Arts,1988-1992,3.0
Philippines,Arts,1993-1997,3.0
Philippines,Arts,1998-2002,4.0
Philippines,Arts,2003-2007,4.0
Philippines,Arts,2008-2012,10.66666666666666
Philippines,Arts,2013-2017,5.75
Philippines,Biology,1973-1977,155.2499999999999
Philippines,Biology,1978-1982,400.19999999999953
Philippines,Biology,1983-1987,440.486601307189
Philippines,Biology,1988-1992,497.79285714285623
Philippines,Biology,1993-1997,484.2650793650784
Philippines,Biology,1998-2002,540.6490048840041
Philippines,Biology,2003-2007,592.7984200440073
Philippines,Biology,2008-2012,732.7404041787594
Philippines,Biology,2013-2017,904.3157589219887
Philippines,Biomedical Research,1973-1977,35.66666666666664
Philippines,Biomedical Research,1978-1982,55.916666666666636
Philippines,Biomedical Research,1983-1987,67.41666666666663
Philippines,Biomedical Research,1988-1992,78.27424242424232
Philippines,Biomedical Research,1993-1997,85.92460317460308
Philippines,Biomedical Research,1998-2002,110.69874847374838
Philippines,Biomedical Research,2003-2007,130.69527270115486
Philippines,Biomedical Research,2008-2012,292.7346118107829
Philippines,Biomedical Research,2013-2017,399.5846860830602
Philippines,Chemistry,1973-1977,6.5
Philippines,Chemistry,1978-1982,6.606060606060602
Philippines,Chemistry,1983-1987,23.83333333333333
Philippines,Chemistry,1988-1992,17.983333333333317
Philippines,Chemistry,1993-1997,12.449999999999989
Philippines,Chemistry,1998-2002,21.483333333333324
Philippines,Chemistry,2003-2007,30.565873015872974
Philippines,Chemistry,2008-2012,75.1595238095237
Philippines,Chemistry,2013-2017,118.75966117216102
Philippines,Clinical Medicine,1973-1977,107.49166666666653
Philippines,Clinical Medicine,1978-1982,266.9778138528137
Philippines,Clinical Medicine,1983-1987,177.63168498168483
Philippines,Clinical Medicine,1988-1992,117.90714285714273
Philippines,Clinical Medicine,1993-1997,109.2596725467899
Philippines,Clinical Medicine,1998-2002,156.72955701215992
Philippines,Clinical Medicine,2003-2007,248.89576960134193
Philippines,Clinical Medicine,2008-2012,469.22843046761284
Philippines,Clinical Medicine,2013-2017,441.9191414432396
Philippines,Earth and Space,1973-1977,5.5
Philippines,Earth and Space,1978-1982,15.499999999999996
Philippines,Earth and Space,1983-1987,17.499999999999993
Philippines,Earth and Space,1988-1992,31.734523809523786
Philippines,Earth and Space,1993-1997,65.86666666666663
Philippines,Earth and Space,1998-2002,55.90039682539675
Philippines,Earth and Space,2003-2007,106.4860060690941
Philippines,Earth and Space,2008-2012,175.02012772229452
Philippines,Earth and Space,2013-2017,329.4766524545366
Philippines,Engineering and Technology,1973-1977,4.33333333333333
Philippines,Engineering and Technology,1978-1982,20.5
Philippines,Engineering and Technology,1983-1987,15.0
Philippines,Engineering and Technology,1988-1992,13.276923076923069
Philippines,Engineering and Technology,1993-1997,29.333333333333325
Philippines,Engineering and Technology,1998-2002,34.16666666666664
Philippines,Engineering and Technology,2003-2007,53.06666666666661
Philippines,Engineering and Technology,2008-2012,95.39761904761893
Philippines,Engineering and Technology,2013-2017,208.19208569208504
Philippines,Health,1973-1977,2.0
Philippines,Health,1978-1982,6.833333333333333
Philippines,Health,1983-1987,6.357142857142857
Philippines,Health,1988-1992,4.733333333333329
Philippines,Health,1993-1997,11.833333333333329
Philippines,Health,1998-2002,15.624999999999982
Philippines,Health,2003-2007,30.95549450549447
Philippines,Health,2008-2012,65.40927128427123
Philippines,Health,2013-2017,92.00495587902064
Philippines,Humanities,1973-1977,36.0
Philippines,Humanities,1978-1982,19.5
Philippines,Humanities,1983-1987,9.0
Philippines,Humanities,1988-1992,11.0
Philippines,Humanities,1993-1997,4.0
Philippines,Humanities,1998-2002,10.5
Philippines,Humanities,2003-2007,17.0
Philippines,Humanities,2008-2012,104.22619047619047
Philippines,Humanities,2013-2017,184.51666666666645
Philippines,Mathematics,1973-1977,2.0
Philippines,Mathematics,1978-1982,0.5
Philippines,Mathematics,1983-1987,3.83333333333333
Philippines,Mathematics,1988-1992,11.583333333333325
Philippines,Mathematics,1993-1997,16.83333333333333
Philippines,Mathematics,1998-2002,30.08333333333332
Philippines,Mathematics,2003-2007,38.19999999999996
Philippines,Mathematics,2008-2012,48.766666666666666
Philippines,Mathematics,2013-2017,60.075490196078405
Philippines,Physics,1973-1977,1.899999999999999
Philippines,Physics,1978-1982,1.833333333333332
Philippines,Physics,1983-1987,4.5
Philippines,Physics,1988-1992,14.295488721804503
Philippines,Physics,1993-1997,37.08333333333331
Philippines,Physics,1998-2002,69.62192982456138
Philippines,Physics,2003-2007,99.79583333333318
Philippines,Physics,2008-2012,106.55604575163392
Philippines,Physics,2013-2017,156.68246298619545
Philippines,Professional Fields,1973-1977,8.333333333333332
Philippines,Professional Fields,1978-1982,18.0
Philippines,Professional Fields,1983-1987,15.833333333333332
Philippines,Professional Fields,1988-1992,12.5
Philippines,Professional Fields,1993-1997,17.257575757575758
Philippines,Professional Fields,1998-2002,15.144444444444433
Philippines,Professional Fields,2003-2007,36.81111111111109
Philippines,Professional Fields,2008-2012,77.5666666666666
Philippines,Professional Fields,2013-2017,123.007351649487
Philippines,Psychology,1973-1977,3.5
Philippines,Psychology,1978-1982,7.166666666666666
Philippines,Psychology,1983-1987,6.366666666666666
Philippines,Psychology,1988-1992,11.24999999999999
Philippines,Psychology,1993-1997,3.916666666666666
Philippines,Psychology,1998-2002,16.219780219780205
Philippines,Psychology,2003-2007,13.091796402355397
Philippines,Psychology,2008-2012,26.0933605283605
Philippines,Psychology,2013-2017,47.49287745730031
Philippines,Social Sciences,1973-1977,40.74999999999999
Philippines,Social Sciences,1978-1982,70.94999999999999
Philippines,Social Sciences,1983-1987,72.58333333333331
Philippines,Social Sciences,1988-1992,64.71785714285708
Philippines,Social Sciences,1993-1997,57.649999999999984
Philippines,Social Sciences,1998-2002,74.1575757575757
Philippines,Social Sciences,2003-2007,85.64189095928212
Philippines,Social Sciences,2008-2012,205.8904955123992
Philippines,Social Sciences,2013-2017,275.7393898991661
Poland,Arts,1973-1977,16.0
Poland,Arts,1978-1982,21.5
Poland,Arts,1983-1987,20.0
Poland,Arts,1988-1992,31.0
Poland,Arts,1993-1997,25.999999999999993
Poland,Arts,1998-2002,23.0
Poland,Arts,2003-2007,30.41666666666665
Poland,Arts,2008-2012,60.85952380952379
Poland,Arts,2013-2017,87.5595238095236
Poland,Biology,1973-1977,765.5749999999991
Poland,Biology,1978-1982,1749.576190476186
Poland,Biology,1983-1987,1950.202380952377
Poland,Biology,1988-1992,1771.0999999999947
Poland,Biology,1993-1997,1806.02286967418
Poland,Biology,1998-2002,2778.6617424242336
Poland,Biology,2003-2007,4640.228134415739
Poland,Biology,2008-2012,7399.317419880473
Poland,Biology,2013-2017,10456.42758839497
Poland,Biomedical Research,1973-1977,3100.604761904755
Poland,Biomedical Research,1978-1982,2805.0083333333264
Poland,Biomedical Research,1983-1987,2299.6119047618995
Poland,Biomedical Research,1988-1992,2310.693301537003
Poland,Biomedical Research,1993-1997,2488.2434625316146
Poland,Biomedical Research,1998-2002,3917.215467052832
Poland,Biomedical Research,2003-2007,5139.952716874913
Poland,Biomedical Research,2008-2012,7606.615566380964
Poland,Biomedical Research,2013-2017,11086.647821287443
Poland,Chemistry,1973-1977,4575.216666666661
Poland,Chemistry,1978-1982,6253.152380952371
Poland,Chemistry,1983-1987,6155.533333333319
Poland,Chemistry,1988-1992,6296.747619047604
Poland,Chemistry,1993-1997,7368.405230880214
Poland,Chemistry,1998-2002,8651.0349206349
Poland,Chemistry,2003-2007,10955.008971471452
Poland,Chemistry,2008-2012,11459.91369782177
Poland,Chemistry,2013-2017,14419.134355770051
Poland,Clinical Medicine,1973-1977,2894.994327731089
Poland,Clinical Medicine,1978-1982,4100.23103408029
Poland,Clinical Medicine,1983-1987,3324.5423334835
Poland,Clinical Medicine,1988-1992,2991.4253081931997
Poland,Clinical Medicine,1993-1997,3598.621962000344
Poland,Clinical Medicine,1998-2002,6513.433176953776
Poland,Clinical Medicine,2003-2007,10398.032776598162
Poland,Clinical Medicine,2008-2012,17793.259679369075
Poland,Clinical Medicine,2013-2017,22990.91479098817
Poland,Earth and Space,1973-1977,262.5333333333331
Poland,Earth and Space,1978-1982,333.87821067821005
Poland,Earth and Space,1983-1987,470.9928571428561
Poland,Earth and Space,1988-1992,649.1245532245522
Poland,Earth and Space,1993-1997,1008.5312913035318
Poland,Earth and Space,1998-2002,1659.166359360562
Poland,Earth and Space,2003-2007,2868.323321981543
Poland,Earth and Space,2008-2012,5881.65614102955
Poland,Earth and Space,2013-2017,7929.3810720841475
Poland,Engineering and Technology,1973-1977,1968.2833333333326
Poland,Engineering and Technology,1978-1982,2156.2023809523785
Poland,Engineering and Technology,1983-1987,2541.7119047619
Poland,Engineering and Technology,1988-1992,2723.085014005597
Poland,Engineering and Technology,1993-1997,3026.3379475916176
Poland,Engineering and Technology,1998-2002,5029.86649739148
Poland,Engineering and Technology,2003-2007,8807.020631127418
Poland,Engineering and Technology,2008-2012,13883.27299202413
Poland,Engineering and Technology,2013-2017,16573.289789726936
Poland,Health,1973-1977,18.25
Poland,Health,1978-1982,20.75
Poland,Health,1983-1987,36.5
Poland,Health,1988-1992,23.33333333333333
Poland,Health,1993-1997,19.10833333333333
Poland,Health,1998-2002,34.919480519480494
Poland,Health,2003-2007,116.6149692412849
Poland,Health,2008-2012,253.77795333056568
Poland,Health,2013-2017,689.7892666958602
Poland,Humanities,1973-1977,105.0
Poland,Humanities,1978-1982,164.6666666666666
Poland,Humanities,1983-1987,213.5
Poland,Humanities,1988-1992,187.83333333333334
Poland,Humanities,1993-1997,203.08333333333331
Poland,Humanities,1998-2002,179.49999999999997
Poland,Humanities,2003-2007,264.49999999999994
Poland,Humanities,2008-2012,859.9999999999994
Poland,Humanities,2013-2017,1484.0182316793293
Poland,Mathematics,1973-1977,1105.583333333331
Poland,Mathematics,1978-1982,597.4999999999993
Poland,Mathematics,1983-1987,1236.499999999996
Poland,Mathematics,1988-1992,1655.0166666666614
Poland,Mathematics,1993-1997,1556.858333333329
Poland,Mathematics,1998-2002,1851.7555555555498
Poland,Mathematics,2003-2007,2621.4452380952307
Poland,Mathematics,2008-2012,4186.1233516483435
Poland,Mathematics,2013-2017,5082.524711399705
Poland,Physics,1973-1977,2251.066002298352
Poland,Physics,1978-1982,4036.11839208673
Poland,Physics,1983-1987,4789.034373607345
Poland,Physics,1988-1992,5750.1009168245855
Poland,Physics,1993-1997,6628.366340764724
Poland,Physics,1998-2002,8112.560531787169
Poland,Physics,2003-2007,9859.371453974241
Poland,Physics,2008-2012,9786.346059111544
Poland,Physics,2013-2017,10150.158489451622
Poland,Professional Fields,1973-1977,28.33333333333333
Poland,Professional Fields,1978-1982,80.91666666666666
Poland,Professional Fields,1983-1987,109.49999999999996
Poland,Professional Fields,1988-1992,90.83333333333329
Poland,Professional Fields,1993-1997,99.74999999999996
Poland,Professional Fields,1998-2002,114.1935897435894
Poland,Professional Fields,2003-2007,156.69478844169203
Poland,Professional Fields,2008-2012,421.18255078255004
Poland,Professional Fields,2013-2017,760.6965777471564
Poland,Psychology,1973-1977,124.86111111111111
Poland,Psychology,1978-1982,203.16666666666666
Poland,Psychology,1983-1987,133.41666666666663
Poland,Psychology,1988-1992,95.39285714285711
Poland,Psychology,1993-1997,89.75674603174599
Poland,Psychology,1998-2002,98.53333333333327
Poland,Psychology,2003-2007,143.89662665981712
Poland,Psychology,2008-2012,306.2033284812163
Poland,Psychology,2013-2017,822.7883068925115
Poland,Social Sciences,1973-1977,170.15
Poland,Social Sciences,1978-1982,233.58333333333331
Poland,Social Sciences,1983-1987,163.83333333333326
Poland,Social Sciences,1988-1992,256.61574074074053
Poland,Social Sciences,1993-1997,233.0490842490841
Poland,Social Sciences,1998-2002,200.83452380952363
Poland,Social Sciences,2003-2007,349.33531746031707
Poland,Social Sciences,2008-2012,1337.7795640307381
Poland,Social Sciences,2013-2017,1835.6278371316046
Portugal,Arts,1978-1982,15.0
Portugal,Arts,1983-1987,20.16666666666666
Portugal,Arts,1988-1992,10.0
Portugal,Arts,1993-1997,30.0
Portugal,Arts,1998-2002,39.976190476190474
Portugal,Arts,2003-2007,24.822222222222212
Portugal,Arts,2008-2012,125.71666666666658
Portugal,Arts,2013-2017,253.69761904761856
Portugal,Biology,1973-1977,36.66666666666666
Portugal,Biology,1978-1982,49.49999999999999
Portugal,Biology,1983-1987,115.63333333333324
Portugal,Biology,1988-1992,279.9124999999995
Portugal,Biology,1993-1997,677.6277777777766
Portugal,Biology,1998-2002,1320.9135642135627
Portugal,Biology,2003-2007,2380.5555980831837
Portugal,Biology,2008-2012,3747.1523877913796
Portugal,Biology,2013-2017,4634.6310254981845
Portugal,Biomedical Research,1973-1977,124.20995670995669
Portugal,Biomedical Research,1978-1982,171.32142857142836
Portugal,Biomedical Research,1983-1987,217.94999999999976
Portugal,Biomedical Research,1988-1992,436.51745148126645
Portugal,Biomedical Research,1993-1997,806.3067417808329
Portugal,Biomedical Research,1998-2002,1345.9480759436617
Portugal,Biomedical Research,2003-2007,2258.3200130470914
Portugal,Biomedical Research,2008-2012,3944.206368015621
Portugal,Biomedical Research,2013-2017,5495.668193635663
Portugal,Chemistry,1973-1977,79.41666666666666
Portugal,Chemistry,1978-1982,122.7083333333332
Portugal,Chemistry,1983-1987,257.63333333333287
Portugal,Chemistry,1988-1992,505.5261904761894
Portugal,Chemistry,1993-1997,1028.7988095238068
Portugal,Chemistry,1998-2002,1836.0749999999948
Portugal,Chemistry,2003-2007,3009.6837120087084
Portugal,Chemistry,2008-2012,4491.915258815249
Portugal,Chemistry,2013-2017,4776.374524801896
Portugal,Clinical Medicine,1973-1977,190.8928571428571
Portugal,Clinical Medicine,1978-1982,231.36652046783618
Portugal,Clinical Medicine,1983-1987,375.7959988540869
Portugal,Clinical Medicine,1988-1992,621.9014831242267
Portugal,Clinical Medicine,1993-1997,1080.6756212977234
Portugal,Clinical Medicine,1998-2002,1700.7572039123243
Portugal,Clinical Medicine,2003-2007,2565.583942941338
Portugal,Clinical Medicine,2008-2012,6176.63958882304
Portugal,Clinical Medicine,2013-2017,9236.801283746707
Portugal,Earth and Space,1973-1977,21.333333333333314
Portugal,Earth and Space,1978-1982,23.499999999999975
Portugal,Earth and Space,1983-1987,82.16785714285709
Portugal,Earth and Space,1988-1992,155.9499999999998
Portugal,Earth and Space,1993-1997,252.68733766233706
Portugal,Earth and Space,1998-2002,625.274266827942
Portugal,Earth and Space,2003-2007,1279.9868213955929
Portugal,Earth and Space,2008-2012,2556.1897713970384
Portugal,Earth and Space,2013-2017,3582.452971330477
Portugal,Engineering and Technology,1973-1977,25.99999999999999
Portugal,Engineering and Technology,1978-1982,78.66666666666666
Portugal,Engineering and Technology,1983-1987,202.92777777777772
Portugal,Engineering and Technology,1988-1992,557.9588235294109
Portugal,Engineering and Technology,1993-1997,1082.995195008173
Portugal,Engineering and Technology,1998-2002,2296.3939213564145
Portugal,Engineering and Technology,2003-2007,4369.281079027802
Portugal,Engineering and Technology,2008-2012,5490.950758637921
Portugal,Engineering and Technology,2013-2017,8136.9921181295595
Portugal,Health,1978-1982,1.0
Portugal,Health,1983-1987,1.0
Portugal,Health,1988-1992,7.5
Portugal,Health,1993-1997,10.277777777777777
Portugal,Health,1998-2002,16.815415140415126
Portugal,Health,2003-2007,51.903181948770126
Portugal,Health,2008-2012,381.1206057014873
Portugal,Health,2013-2017,905.7794329552311
Portugal,Humanities,1973-1977,3.0
Portugal,Humanities,1978-1982,9.0
Portugal,Humanities,1983-1987,28.0
Portugal,Humanities,1988-1992,35.5
Portugal,Humanities,1993-1997,60.5
Portugal,Humanities,1998-2002,53.5
Portugal,Humanities,2003-2007,82.08333333333333
Portugal,Humanities,2008-2012,333.80952380952345
Portugal,Humanities,2013-2017,619.7400964088026
Portugal,Mathematics,1973-1977,39.5
Portugal,Mathematics,1978-1982,36.0
Portugal,Mathematics,1983-1987,102.03333333333316
Portugal,Mathematics,1988-1992,161.49999999999952
Portugal,Mathematics,1993-1997,264.1166666666661
Portugal,Mathematics,1998-2002,486.9857142857136
Portugal,Mathematics,2003-2007,864.6376984126964
Portugal,Mathematics,2008-2012,1672.3369047619003
Portugal,Mathematics,2013-2017,1765.21898656898
Portugal,Physics,1973-1977,73.19999999999999
Portugal,Physics,1978-1982,162.2833333333331
Portugal,Physics,1983-1987,291.26666666666614
Portugal,Physics,1988-1992,552.1041229530977
Portugal,Physics,1993-1997,863.96288345684
Portugal,Physics,1998-2002,1711.4626356888868
Portugal,Physics,2003-2007,2409.7683825741087
Portugal,Physics,2008-2012,2748.705334794647
Portugal,Physics,2013-2017,2715.485046651983
Portugal,Professional Fields,1973-1977,2.0
Portugal,Professional Fields,1978-1982,9.166666666666666
Portugal,Professional Fields,1983-1987,25.83333333333332
Portugal,Professional Fields,1988-1992,53.36666666666664
Portugal,Professional Fields,1993-1997,85.54583333333315
Portugal,Professional Fields,1998-2002,136.44265873015854
Portugal,Professional Fields,2003-2007,295.23645510835854
Portugal,Professional Fields,2008-2012,847.2321995069417
Portugal,Professional Fields,2013-2017,1521.4084295342172
Portugal,Psychology,1973-1977,1.0
Portugal,Psychology,1978-1982,3.0
Portugal,Psychology,1983-1987,6.583333333333333
Portugal,Psychology,1988-1992,18.97619047619046
Portugal,Psychology,1993-1997,43.76025641025641
Portugal,Psychology,1998-2002,68.69404761904754
Portugal,Psychology,2003-2007,160.88648821847562
Portugal,Psychology,2008-2012,551.4546646062541
Portugal,Psychology,2013-2017,1279.019706211956
Portugal,Social Sciences,1973-1977,6.5
Portugal,Social Sciences,1978-1982,15.5
Portugal,Social Sciences,1983-1987,37.166666666666664
Portugal,Social Sciences,1988-1992,39.833333333333314
Portugal,Social Sciences,1993-1997,106.96666666666648
Portugal,Social Sciences,1998-2002,165.81785714285675
Portugal,Social Sciences,2003-2007,393.5984126984123
Portugal,Social Sciences,2008-2012,1104.6502164502128
Portugal,Social Sciences,2013-2017,1772.5563497733717
Qatar,Arts,2008-2012,3.41666666666666
Qatar,Arts,2013-2017,13.447101449275344
Qatar,Biology,1973-1977,1.0
Qatar,Biology,1978-1982,6.0
Qatar,Biology,1983-1987,18.66666666666666
Qatar,Biology,1988-1992,25.45
Qatar,Biology,1993-1997,17.0
Qatar,Biology,1998-2002,7.833333333333333
Qatar,Biology,2003-2007,3.583333333333333
Qatar,Biology,2008-2012,12.651837928153705
Qatar,Biology,2013-2017,79.77743922743909
Qatar,Biomedical Research,1978-1982,3.333333333333333
Qatar,Biomedical Research,1983-1987,1.916666666666666
Qatar,Biomedical Research,1988-1992,8.83333333333333
Qatar,Biomedical Research,1993-1997,3.333333333333333
Qatar,Biomedical Research,1998-2002,13.249999999999993
Qatar,Biomedical Research,2003-2007,13.853607503607492
Qatar,Biomedical Research,2008-2012,86.03050789338353
Qatar,Biomedical Research,2013-2017,335.9512229906799
Qatar,Chemistry,1978-1982,4.0
Qatar,Chemistry,1983-1987,5.999999999999999
Qatar,Chemistry,1988-1992,43.08333333333332
Qatar,Chemistry,1993-1997,40.0333333333333
Qatar,Chemistry,1998-2002,21.53333333333332
Qatar,Chemistry,2003-2007,41.2833333333333
Qatar,Chemistry,2008-2012,66.56666666666649
Qatar,Chemistry,2013-2017,274.8992424242418
Qatar,Clinical Medicine,1978-1982,8.0
Qatar,Clinical Medicine,1983-1987,29.999999999999986
Qatar,Clinical Medicine,1988-1992,81.99999999999999
Qatar,Clinical Medicine,1993-1997,74.39285714285714
Qatar,Clinical Medicine,1998-2002,68.75
Qatar,Clinical Medicine,2003-2007,189.62743922743903
Qatar,Clinical Medicine,2008-2012,299.3842207444439
Qatar,Clinical Medicine,2013-2017,798.3670611688867
Qatar,Earth and Space,1978-1982,1.0
Qatar,Earth and Space,1983-1987,3.75
Qatar,Earth and Space,1988-1992,8.25
Qatar,Earth and Space,1993-1997,11.0
Qatar,Earth and Space,1998-2002,17.499999999999993
Qatar,Earth and Space,2003-2007,11.135964912280702
Qatar,Earth and Space,2008-2012,22.76272147304991
Qatar,Earth and Space,2013-2017,131.36045354615433
Qatar,Engineering and Technology,1978-1982,2.333333333333333
Qatar,Engineering and Technology,1983-1987,20.249999999999996
Qatar,Engineering and Technology,1988-1992,35.666666666666664
Qatar,Engineering and Technology,1993-1997,35.33333333333332
Qatar,Engineering and Technology,1998-2002,45.083333333333314
Qatar,Engineering and Technology,2003-2007,68.3166666666666
Qatar,Engineering and Technology,2008-2012,198.82738095238054
Qatar,Engineering and Technology,2013-2017,1057.0058013203811
Qatar,Health,1993-1997,0.333333333333333
Qatar,Health,1998-2002,0.2
Qatar,Health,2003-2007,2.0
Qatar,Health,2008-2012,15.931746031746005
Qatar,Health,2013-2017,91.06687097948385
Qatar,Humanities,1978-1982,1.0
Qatar,Humanities,2003-2007,3.0
Qatar,Humanities,2008-2012,16.666666666666664
Qatar,Humanities,2013-2017,59.39999999999997
Qatar,Mathematics,1978-1982,4.0
Qatar,Mathematics,1983-1987,1.0
Qatar,Mathematics,1993-1997,2.0
Qatar,Mathematics,1998-2002,1.0
Qatar,Mathematics,2003-2007,16.49999999999999
Qatar,Mathematics,2008-2012,41.78333333333326
Qatar,Mathematics,2013-2017,81.76190476190463
Qatar,Physics,1978-1982,3.5
Qatar,Physics,1983-1987,6.083333333333333
Qatar,Physics,1988-1992,11.083333333333332
Qatar,Physics,1993-1997,11.944444444444445
Qatar,Physics,1998-2002,5.4999999999999964
Qatar,Physics,2003-2007,31.209523809523773
Qatar,Physics,2008-2012,63.29952380952374
Qatar,Physics,2013-2017,246.62332921450445
Qatar,Professional Fields,1978-1982,1.0
Qatar,Professional Fields,1983-1987,1.0
Qatar,Professional Fields,1988-1992,5.5
Qatar,Professional Fields,1993-1997,1.0
Qatar,Professional Fields,1998-2002,1.333333333333333
Qatar,Professional Fields,2003-2007,3.08333333333333
Qatar,Professional Fields,2008-2012,22.81666666666665
Qatar,Professional Fields,2013-2017,132.3115440115438
Qatar,Psychology,1983-1987,2.5
Qatar,Psychology,1993-1997,3.0
Qatar,Psychology,2008-2012,8.9047619047619
Qatar,Psychology,2013-2017,26.259523809523785
Qatar,Social Sciences,1978-1982,3.0
Qatar,Social Sciences,1983-1987,0.5
Qatar,Social Sciences,1988-1992,1.0
Qatar,Social Sciences,1998-2002,2.0
Qatar,Social Sciences,2003-2007,8.583333333333332
Qatar,Social Sciences,2008-2012,28.676190476190452
Qatar,Social Sciences,2013-2017,115.60827228327219
Republic of Kosovo,Biology,2013-2017,9.674206349206347
Republic of Kosovo,Biomedical Research,2013-2017,9.085422856011077
Republic of Kosovo,Chemistry,2013-2017,10.535714285714274
Republic of Kosovo,Clinical Medicine,2008-2012,1.2
Republic of Kosovo,Clinical Medicine,2013-2017,43.68076171515353
Republic of Kosovo,Earth and Space,2013-2017,19.55238095238093
Republic of Kosovo,Engineering and Technology,2008-2012,0.866666666666666
Republic of Kosovo,Engineering and Technology,2013-2017,15.233333333333313
Republic of Kosovo,Health,2013-2017,8.276190476190466
Republic of Kosovo,Humanities,2013-2017,5.0
Republic of Kosovo,Mathematics,2008-2012,0.5
Republic of Kosovo,Mathematics,2013-2017,14.916666666666666
Republic of Kosovo,Physics,2013-2017,5.833333333333333
Republic of Kosovo,Professional Fields,2013-2017,2.333333333333332
Republic of Kosovo,Psychology,2013-2017,0.4803030303030303
Republic of Kosovo,Social Sciences,2013-2017,7.499999999999993
Republic of Serbia,Arts,2003-2007,5.0
Republic of Serbia,Arts,2008-2012,19.333333333333325
Republic of Serbia,Arts,2013-2017,52.66666666666666
Republic of Serbia,Biology,1988-1992,3.0
Republic of Serbia,Biology,2003-2007,155.43888888888864
Republic of Serbia,Biology,2008-2012,1087.2025403533466
Republic of Serbia,Biology,2013-2017,1740.561516039647
Republic of Serbia,Biomedical Research,1988-1992,2.0
Republic of Serbia,Biomedical Research,2003-2007,209.79866220735704
Republic of Serbia,Biomedical Research,2008-2012,1702.557301878096
Republic of Serbia,Biomedical Research,2013-2017,1863.4517798837269
Republic of Serbia,Chemistry,1973-1977,0.9999999999999989
Republic of Serbia,Chemistry,1988-1992,5.166666666666666
Republic of Serbia,Chemistry,2003-2007,350.73333333333267
Republic of Serbia,Chemistry,2008-2012,1571.4619981325798
Republic of Serbia,Chemistry,2013-2017,1844.010934780952
Republic of Serbia,Clinical Medicine,2003-2007,455.0553584759459
Republic of Serbia,Clinical Medicine,2008-2012,4480.951332660114
Republic of Serbia,Clinical Medicine,2013-2017,4932.978623134892
Republic of Serbia,Earth and Space,1978-1982,1.0
Republic of Serbia,Earth and Space,1988-1992,6.5
Republic of Serbia,Earth and Space,1993-1997,3.0
Republic of Serbia,Earth and Space,2003-2007,82.1123015873014
Republic of Serbia,Earth and Space,2008-2012,652.2951864348389
Republic of Serbia,Earth and Space,2013-2017,1137.5923838690755
Republic of Serbia,Engineering and Technology,1988-1992,3.0
Republic of Serbia,Engineering and Technology,1993-1997,4.0
Republic of Serbia,Engineering and Technology,1998-2002,1.0
Republic of Serbia,Engineering and Technology,2003-2007,345.87777777777734
Republic of Serbia,Engineering and Technology,2008-2012,3787.1800884125146
Republic of Serbia,Engineering and Technology,2013-2017,4491.352357356146
Republic of Serbia,Health,2003-2007,7.741666666666666
Republic of Serbia,Health,2008-2012,95.78322804299012
Republic of Serbia,Health,2013-2017,203.42474083650526
Republic of Serbia,Humanities,2003-2007,5.5
Republic of Serbia,Humanities,2008-2012,145.45833333333326
Republic of Serbia,Humanities,2013-2017,204.3433320620391
Republic of Serbia,Mathematics,1973-1977,2.0
Republic of Serbia,Mathematics,1983-1987,0.5
Republic of Serbia,Mathematics,1993-1997,0.5
Republic of Serbia,Mathematics,2003-2007,208.61666666666582
Republic of Serbia,Mathematics,2008-2012,1104.4499999999957
Republic of Serbia,Mathematics,2013-2017,1074.2976190476156
Republic of Serbia,Physics,1988-1992,1.5
Republic of Serbia,Physics,1993-1997,1.0
Republic of Serbia,Physics,2003-2007,244.77172677477606
Republic of Serbia,Physics,2008-2012,1223.022592302991
Republic of Serbia,Physics,2013-2017,1113.6542587497518
Republic of Serbia,Professional Fields,2003-2007,9.666666666666666
Republic of Serbia,Professional Fields,2008-2012,235.60974025973997
Republic of Serbia,Professional Fields,2013-2017,375.2038638262315
Republic of Serbia,Psychology,2003-2007,33.33333333333333
Republic of Serbia,Psychology,2008-2012,149.39385921444716
Republic of Serbia,Psychology,2013-2017,187.2990865968578
Republic of Serbia,Social Sciences,2003-2007,14.45833333333333
Republic of Serbia,Social Sciences,2008-2012,258.8404761904757
Republic of Serbia,Social Sciences,2013-2017,483.8385281385276
Reunion,Arts,2008-2012,1.5
Reunion,Biology,1973-1977,4.0
Reunion,Biology,1978-1982,12.83333333333333
Reunion,Biology,1983-1987,10.5
Reunion,Biology,1988-1992,8.583333333333325
Reunion,Biology,1993-1997,19.333333333333325
Reunion,Biology,1998-2002,36.10833333333329
Reunion,Biology,2003-2007,54.875793650793554
Reunion,Biology,2008-2012,103.27255659696682
Reunion,Biology,2013-2017,100.160562290184
Reunion,Biomedical Research,1973-1977,1.0
Reunion,Biomedical Research,1978-1982,1.5
Reunion,Biomedical Research,1983-1987,1.25
Reunion,Biomedical Research,1988-1992,2.559523809523808
Reunion,Biomedical Research,1993-1997,2.85151515151515
Reunion,Biomedical Research,1998-2002,9.311111111111103
Reunion,Biomedical Research,2003-2007,22.45634920634918
Reunion,Biomedical Research,2008-2012,50.55604517965109
Reunion,Biomedical Research,2013-2017,73.25244594055748
Reunion,Chemistry,1978-1982,1.0
Reunion,Chemistry,1983-1987,1.0
Reunion,Chemistry,1988-1992,5.866666666666666
Reunion,Chemistry,1993-1997,14.75
Reunion,Chemistry,1998-2002,12.5
Reunion,Chemistry,2003-2007,4.583333333333332
Reunion,Chemistry,2008-2012,6.933333333333325
Reunion,Chemistry,2013-2017,4.386111111111111
Reunion,Clinical Medicine,1978-1982,5.25
Reunion,Clinical Medicine,1983-1987,2.333333333333333
Reunion,Clinical Medicine,1988-1992,13.353333333333333
Reunion,Clinical Medicine,1993-1997,21.65
Reunion,Clinical Medicine,1998-2002,52.71401833460654
Reunion,Clinical Medicine,2003-2007,48.58214840714837
Reunion,Clinical Medicine,2008-2012,77.01197270078839
Reunion,Clinical Medicine,2013-2017,90.82354438599172
Reunion,Earth and Space,1978-1982,2.0
Reunion,Earth and Space,1983-1987,2.5333333333333297
Reunion,Earth and Space,1988-1992,4.149999999999996
Reunion,Earth and Space,1993-1997,6.9
Reunion,Earth and Space,1998-2002,13.166666666666655
Reunion,Earth and Space,2003-2007,22.74723332223328
Reunion,Earth and Space,2008-2012,40.29912476154731
Reunion,Earth and Space,2013-2017,37.232536907536826
Reunion,Engineering and Technology,1988-1992,2.0
Reunion,Engineering and Technology,1993-1997,1.5
Reunion,Engineering and Technology,1998-2002,15.5
Reunion,Engineering and Technology,2003-2007,10.833333333333332
Reunion,Engineering and Technology,2008-2012,20.33333333333333
Reunion,Engineering and Technology,2013-2017,17.522222222222204
Reunion,Health,1998-2002,1.0
Reunion,Health,2008-2012,4.866666666666665
Reunion,Health,2013-2017,2.813888888888888
Reunion,Humanities,1978-1982,1.0
Reunion,Humanities,1983-1987,7.0
Reunion,Humanities,1988-1992,2.0
Reunion,Humanities,1993-1997,9.0
Reunion,Humanities,1998-2002,14.0
Reunion,Humanities,2003-2007,6.5
Reunion,Humanities,2008-2012,9.0
Reunion,Humanities,2013-2017,6.0
Reunion,Mathematics,1993-1997,1.0
Reunion,Mathematics,1998-2002,9.616666666666665
Reunion,Mathematics,2003-2007,7.083333333333333
Reunion,Mathematics,2008-2012,14.25
Reunion,Mathematics,2013-2017,7.824242424242421
Reunion,Physics,1983-1987,0.5
Reunion,Physics,1998-2002,1.0
Reunion,Physics,2003-2007,1.866666666666666
Reunion,Physics,2008-2012,0.75
Reunion,Professional Fields,1993-1997,5.0
Reunion,Professional Fields,1998-2002,2.0
Reunion,Professional Fields,2013-2017,3.124999999999999
Reunion,Psychology,1988-1992,1.0
Reunion,Psychology,1993-1997,0.2
Reunion,Psychology,1998-2002,0.25
Reunion,Psychology,2003-2007,0.333333333333333
Reunion,Psychology,2008-2012,1.75
Reunion,Psychology,2013-2017,1.078968253968252
Reunion,Social Sciences,1988-1992,1.0
Reunion,Social Sciences,1998-2002,4.499999999999999
Reunion,Social Sciences,2003-2007,4.583333333333329
Reunion,Social Sciences,2008-2012,4.783333333333332
Reunion,Social Sciences,2013-2017,9.583333333333321
Romania,Arts,1973-1977,1.5
Romania,Arts,1978-1982,2.5
Romania,Arts,1983-1987,4.0
Romania,Arts,1988-1992,5.0
Romania,Arts,1993-1997,2.666666666666666
Romania,Arts,1998-2002,2.0
Romania,Arts,2003-2007,5.5
Romania,Arts,2008-2012,14.8
Romania,Arts,2013-2017,24.28333333333333
Romania,Biology,1973-1977,187.53333333333333
Romania,Biology,1978-1982,66.16666666666666
Romania,Biology,1983-1987,45.58333333333332
Romania,Biology,1988-1992,30.03333333333333
Romania,Biology,1993-1997,62.416666666666636
Romania,Biology,1998-2002,86.64229797979795
Romania,Biology,2003-2007,121.02122132253692
Romania,Biology,2008-2012,727.4820864214894
Romania,Biology,2013-2017,960.6818272841253
Romania,Biomedical Research,1973-1977,413.08333333333314
Romania,Biomedical Research,1978-1982,357.9499999999997
Romania,Biomedical Research,1983-1987,343.5166666666665
Romania,Biomedical Research,1988-1992,211.86666666666642
Romania,Biomedical Research,1993-1997,165.81746031746007
Romania,Biomedical Research,1998-2002,183.26977703950274
Romania,Biomedical Research,2003-2007,356.9987873937682
Romania,Biomedical Research,2008-2012,1880.5245063747914
Romania,Biomedical Research,2013-2017,2831.12524326744
Romania,Chemistry,1973-1977,1237.9999999999966
Romania,Chemistry,1978-1982,1045.8499999999974
Romania,Chemistry,1983-1987,1001.055555555554
Romania,Chemistry,1988-1992,1006.2833333333316
Romania,Chemistry,1993-1997,1427.8111111111061
Romania,Chemistry,1998-2002,1858.6313492063455
Romania,Chemistry,2003-2007,1892.093290043284
Romania,Chemistry,2008-2012,3115.4595238095144
Romania,Chemistry,2013-2017,3281.3972396884096
Romania,Clinical Medicine,1973-1977,701.295238095238
Romania,Clinical Medicine,1978-1982,615.7595238095238
Romania,Clinical Medicine,1983-1987,391.22424242424233
Romania,Clinical Medicine,1988-1992,207.53452380952376
Romania,Clinical Medicine,1993-1997,206.0788994758647
Romania,Clinical Medicine,1998-2002,261.35465727083334
Romania,Clinical Medicine,2003-2007,496.7589532637973
Romania,Clinical Medicine,2008-2012,2535.609583614843
Romania,Clinical Medicine,2013-2017,3793.1542579486313
Romania,Earth and Space,1973-1977,39.49999999999998
Romania,Earth and Space,1978-1982,35.1111111111111
Romania,Earth and Space,1983-1987,44.79090909090908
Romania,Earth and Space,1988-1992,42.7
Romania,Earth and Space,1993-1997,114.17695681511464
Romania,Earth and Space,1998-2002,157.2845990301869
Romania,Earth and Space,2003-2007,349.88883123113095
Romania,Earth and Space,2008-2012,1832.5304408803388
Romania,Earth and Space,2013-2017,2065.8052080964435
Romania,Engineering and Technology,1973-1977,255.44999999999996
Romania,Engineering and Technology,1978-1982,787.5595238095231
Romania,Engineering and Technology,1983-1987,1311.2261904761901
Romania,Engineering and Technology,1988-1992,1089.983333333333
Romania,Engineering and Technology,1993-1997,1567.1148809523781
Romania,Engineering and Technology,1998-2002,1848.8011904761845
Romania,Engineering and Technology,2003-2007,3067.781356245373
Romania,Engineering and Technology,2008-2012,7395.954089358666
Romania,Engineering and Technology,2013-2017,7523.580829390823
Romania,Health,1973-1977,3.0
Romania,Health,1978-1982,2.0
Romania,Health,1983-1987,4.0
Romania,Health,1988-1992,1.333333333333333
Romania,Health,1993-1997,4.08333333333333
Romania,Health,1998-2002,4.166666666666666
Romania,Health,2003-2007,41.284523809523684
Romania,Health,2008-2012,165.63548714357523
Romania,Health,2013-2017,154.01706455338015
Romania,Humanities,1973-1977,17.0
Romania,Humanities,1978-1982,150.0
Romania,Humanities,1983-1987,220.3333333333332
Romania,Humanities,1988-1992,42.5
Romania,Humanities,1993-1997,41.0
Romania,Humanities,1998-2002,34.16666666666666
Romania,Humanities,2003-2007,155.33333333333334
Romania,Humanities,2008-2012,553.0749999999997
Romania,Humanities,2013-2017,622.8868366568588
Romania,Mathematics,1973-1977,216.41666666666634
Romania,Mathematics,1978-1982,349.2499999999992
Romania,Mathematics,1983-1987,484.583333333333
Romania,Mathematics,1988-1992,281.08333333333326
Romania,Mathematics,1993-1997,399.4499999999995
Romania,Mathematics,1998-2002,591.2333333333316
Romania,Mathematics,2003-2007,926.9761904761875
Romania,Mathematics,2008-2012,2624.1690476190406
Romania,Mathematics,2013-2017,2558.7111111111053
Romania,Physics,1973-1977,1305.0516196222045
Romania,Physics,1978-1982,1010.7573083778938
Romania,Physics,1983-1987,901.665767973853
Romania,Physics,1988-1992,574.9205128205117
Romania,Physics,1993-1997,1194.7434177648709
Romania,Physics,1998-2002,1657.2610973734347
Romania,Physics,2003-2007,2504.1190688278593
Romania,Physics,2008-2012,3910.3388500048504
Romania,Physics,2013-2017,3075.6398188505314
Romania,Professional Fields,1973-1977,8.83333333333333
Romania,Professional Fields,1978-1982,13.833333333333332
Romania,Professional Fields,1983-1987,9.5
Romania,Professional Fields,1988-1992,9.333333333333332
Romania,Professional Fields,1993-1997,8.083333333333332
Romania,Professional Fields,1998-2002,9.747619047619041
Romania,Professional Fields,2003-2007,21.99240748931146
Romania,Professional Fields,2008-2012,227.0224206349202
Romania,Professional Fields,2013-2017,384.9442352191705
Romania,Psychology,1973-1977,13.5
Romania,Psychology,1978-1982,9.0
Romania,Psychology,1983-1987,6.0
Romania,Psychology,1988-1992,8.0
Romania,Psychology,1993-1997,4.133333333333333
Romania,Psychology,1998-2002,7.916666666666665
Romania,Psychology,2003-2007,29.0054421768707
Romania,Psychology,2008-2012,96.12660063414754
Romania,Psychology,2013-2017,236.04406072523187
Romania,Social Sciences,1973-1977,30.5
Romania,Social Sciences,1978-1982,27.5
Romania,Social Sciences,1983-1987,26.0
Romania,Social Sciences,1988-1992,15.333333333333332
Romania,Social Sciences,1993-1997,35.49999999999999
Romania,Social Sciences,1998-2002,24.11666666666666
Romania,Social Sciences,2003-2007,100.64166666666658
Romania,Social Sciences,2008-2012,1329.8142246642205
Romania,Social Sciences,2013-2017,1496.4491174674954
Russia,Arts,1973-1977,9.0
Russia,Arts,1978-1982,22.0
Russia,Arts,1983-1987,34.0
Russia,Arts,1988-1992,70.8333333333333
Russia,Arts,1993-1997,71.5
Russia,Arts,1998-2002,43.5
Russia,Arts,2003-2007,48.0
Russia,Arts,2008-2012,21.39999999999999
Russia,Arts,2013-2017,38.59358974358973
Russia,Biology,1973-1977,2062.291666666665
Russia,Biology,1978-1982,5917.983333333329
Russia,Biology,1983-1987,5613.9873015872945
Russia,Biology,1988-1992,4974.708008658003
Russia,Biology,1993-1997,4111.789285714273
Russia,Biology,1998-2002,4218.204147780314
Russia,Biology,2003-2007,4348.4068648484845
Russia,Biology,2008-2012,5702.0249175661165
Russia,Biology,2013-2017,6900.88180626311
Russia,Biomedical Research,1973-1977,24723.131684981632
Russia,Biomedical Research,1978-1982,26453.632153957074
Russia,Biomedical Research,1983-1987,28583.613708513632
Russia,Biomedical Research,1988-1992,27305.09460714978
Russia,Biomedical Research,1993-1997,15076.92059792056
Russia,Biomedical Research,1998-2002,10889.743429486563
Russia,Biomedical Research,2003-2007,6921.37286221627
Russia,Biomedical Research,2008-2012,7275.901076282446
Russia,Biomedical Research,2013-2017,8931.004700539199
Russia,Chemistry,1973-1977,39260.98333333324
Russia,Chemistry,1978-1982,41343.84285714276
Russia,Chemistry,1983-1987,43785.18333333323
Russia,Chemistry,1988-1992,42150.31829004318
Russia,Chemistry,1993-1997,26469.832875457796
Russia,Chemistry,1998-2002,24437.76982323227
Russia,Chemistry,2003-2007,23225.34339133084
Russia,Chemistry,2008-2012,23509.471677934816
Russia,Chemistry,2013-2017,26487.28615955712
Russia,Clinical Medicine,1973-1977,15075.743137254884
Russia,Clinical Medicine,1978-1982,22949.148112834835
Russia,Clinical Medicine,1983-1987,33243.13398268394
Russia,Clinical Medicine,1988-1992,30715.359546667103
Russia,Clinical Medicine,1993-1997,8493.189974937697
Russia,Clinical Medicine,1998-2002,6282.494978066094
Russia,Clinical Medicine,2003-2007,6768.557046120296
Russia,Clinical Medicine,2008-2012,8513.172455671851
Russia,Clinical Medicine,2013-2017,8721.441230755148
Russia,Earth and Space,1973-1977,4922.009859584849
Russia,Earth and Space,1978-1982,6309.308979908974
Russia,Earth and Space,1983-1987,8189.951356976348
Russia,Earth and Space,1988-1992,8401.056923142203
Russia,Earth and Space,1993-1997,6911.686711112842
Russia,Earth and Space,1998-2002,8737.12228836309
Russia,Earth and Space,2003-2007,9829.657546061964
Russia,Earth and Space,2008-2012,11589.878425774748
Russia,Earth and Space,2013-2017,12935.837057058749
Russia,Engineering and Technology,1973-1977,12778.91666666665
Russia,Engineering and Technology,1978-1982,14697.264285714251
Russia,Engineering and Technology,1983-1987,15209.878571428546
Russia,Engineering and Technology,1988-1992,13167.641605616569
Russia,Engineering and Technology,1993-1997,12169.505294222665
Russia,Engineering and Technology,1998-2002,13962.054188866665
Russia,Engineering and Technology,2003-2007,12408.69629729609
Russia,Engineering and Technology,2008-2012,14813.490018920056
Russia,Engineering and Technology,2013-2017,20439.178578621733
Russia,Health,1973-1977,15.5
Russia,Health,1978-1982,17.833333333333332
Russia,Health,1983-1987,15.666666666666663
Russia,Health,1988-1992,21.666666666666664
Russia,Health,1993-1997,25.298484848484843
Russia,Health,1998-2002,39.509364654952854
Russia,Health,2003-2007,54.294270435446855
Russia,Health,2008-2012,92.6441150954307
Russia,Health,2013-2017,134.9798414004293
Russia,Humanities,1973-1977,739.8333333333329
Russia,Humanities,1978-1982,1151.642857142857
Russia,Humanities,1983-1987,1262.5
Russia,Humanities,1988-1992,1091.0
Russia,Humanities,1993-1997,993.9166666666656
Russia,Humanities,1998-2002,669.3333333333333
Russia,Humanities,2003-2007,530.55
Russia,Humanities,2008-2012,1306.688034188033
Russia,Humanities,2013-2017,2320.3203995350996
Russia,Mathematics,1973-1977,1039.9166666666663
Russia,Mathematics,1978-1982,2716.6666666666647
Russia,Mathematics,1983-1987,4072.616666666665
Russia,Mathematics,1988-1992,3813.366666666662
Russia,Mathematics,1993-1997,4460.418939393932
Russia,Mathematics,1998-2002,5115.871428571421
Russia,Mathematics,2003-2007,5302.669047619042
Russia,Mathematics,2008-2012,7137.36194083691
Russia,Mathematics,2013-2017,7976.790776182851
Russia,Physics,1973-1977,32774.2522391007
Russia,Physics,1978-1982,38831.210650347
Russia,Physics,1983-1987,43155.20019116851
Russia,Physics,1988-1992,47878.634369470536
Russia,Physics,1993-1997,35585.82718253044
Russia,Physics,1998-2002,34268.05728169097
Russia,Physics,2003-2007,29387.348529358664
Russia,Physics,2008-2012,33459.18856506595
Russia,Physics,2013-2017,37590.345030146855
Russia,Professional Fields,1973-1977,74.5
Russia,Professional Fields,1978-1982,115.33333333333326
Russia,Professional Fields,1983-1987,89.0
Russia,Professional Fields,1988-1992,788.1999999999994
Russia,Professional Fields,1993-1997,348.1666666666663
Russia,Professional Fields,1998-2002,223.8979853479851
Russia,Professional Fields,2003-2007,221.55396825396812
Russia,Professional Fields,2008-2012,317.63414502164443
Russia,Professional Fields,2013-2017,402.98715728715666
Russia,Psychology,1973-1977,425.41666666666566
Russia,Psychology,1978-1982,604.4166666666666
Russia,Psychology,1983-1987,938.0595238095239
Russia,Psychology,1988-1992,879.9999999999993
Russia,Psychology,1993-1997,630.5857142857122
Russia,Psychology,1998-2002,639.6357142857138
Russia,Psychology,2003-2007,488.05457211870174
Russia,Psychology,2008-2012,626.1573374545168
Russia,Psychology,2013-2017,719.0053012369825
Russia,Social Sciences,1973-1977,818.0
Russia,Social Sciences,1978-1982,654.25
Russia,Social Sciences,1983-1987,965.9666666666666
Russia,Social Sciences,1988-1992,1347.0666666666655
Russia,Social Sciences,1993-1997,1382.5511904761884
Russia,Social Sciences,1998-2002,1239.88095238095
Russia,Social Sciences,2003-2007,1093.9190476190463
Russia,Social Sciences,2008-2012,1330.4470818070804
Russia,Social Sciences,2013-2017,1892.682042474429
Rwanda,Arts,2013-2017,1.333333333333333
Rwanda,Biology,1973-1977,1.0
Rwanda,Biology,1978-1982,7.41666666666666
Rwanda,Biology,1983-1987,12.333333333333329
Rwanda,Biology,1988-1992,13.949999999999987
Rwanda,Biology,1993-1997,14.249999999999993
Rwanda,Biology,1998-2002,2.142857142857141
Rwanda,Biology,2003-2007,5.688888888888886
Rwanda,Biology,2008-2012,18.999999999999968
Rwanda,Biology,2013-2017,53.624774947274844
Rwanda,Biomedical Research,1983-1987,0.75
Rwanda,Biomedical Research,1988-1992,2.4916666666666663
Rwanda,Biomedical Research,1993-1997,1.8360805860805849
Rwanda,Biomedical Research,1998-2002,0.666666666666666
Rwanda,Biomedical Research,2003-2007,2.116666666666665
Rwanda,Biomedical Research,2008-2012,21.163304136523937
Rwanda,Biomedical Research,2013-2017,33.67337927697597
Rwanda,Chemistry,1978-1982,0.25
Rwanda,Chemistry,1983-1987,0.916666666666666
Rwanda,Chemistry,1988-1992,1.65
Rwanda,Chemistry,1993-1997,0.25
Rwanda,Chemistry,1998-2002,0.5
Rwanda,Chemistry,2008-2012,0.5
Rwanda,Chemistry,2013-2017,2.5
Rwanda,Clinical Medicine,1973-1977,11.916666666666664
Rwanda,Clinical Medicine,1978-1982,4.499999999999999
Rwanda,Clinical Medicine,1983-1987,28.599999999999966
Rwanda,Clinical Medicine,1988-1992,41.121536796536745
Rwanda,Clinical Medicine,1993-1997,36.79422940243832
Rwanda,Clinical Medicine,1998-2002,16.22023809523808
Rwanda,Clinical Medicine,2003-2007,21.59424508240295
Rwanda,Clinical Medicine,2008-2012,59.71259176174764
Rwanda,Clinical Medicine,2013-2017,144.6801748030815
Rwanda,Earth and Space,1993-1997,0.5
Rwanda,Earth and Space,1998-2002,0.6
Rwanda,Earth and Space,2003-2007,0.333333333333333
Rwanda,Earth and Space,2008-2012,11.333333333333318
Rwanda,Earth and Space,2013-2017,17.625595238095187
Rwanda,Engineering and Technology,1988-1992,1.333333333333333
Rwanda,Engineering and Technology,1993-1997,2.5
Rwanda,Engineering and Technology,2003-2007,2.583333333333333
Rwanda,Engineering and Technology,2008-2012,5.416666666666665
Rwanda,Engineering and Technology,2013-2017,11.383333333333324
Rwanda,Health,1993-1997,0.6785714285714279
Rwanda,Health,2003-2007,3.333333333333331
Rwanda,Health,2008-2012,15.700541125541099
Rwanda,Health,2013-2017,41.071165245429896
Rwanda,Humanities,1983-1987,1.0
Rwanda,Humanities,1988-1992,0.333333333333333
Rwanda,Humanities,2003-2007,1.833333333333333
Rwanda,Humanities,2013-2017,3.66666666666666
Rwanda,Mathematics,2008-2012,0.2
Rwanda,Mathematics,2013-2017,3.3666666666666663
Rwanda,Physics,2003-2007,0.342857142857142
Rwanda,Physics,2008-2012,3.566666666666665
Rwanda,Physics,2013-2017,3.5833333333333317
Rwanda,Professional Fields,1998-2002,1.0
Rwanda,Professional Fields,2003-2007,0.5
Rwanda,Professional Fields,2008-2012,4.588888888888889
Rwanda,Professional Fields,2013-2017,11.628571428571416
Rwanda,Psychology,1978-1982,1.5
Rwanda,Psychology,2003-2007,0.142857142857142
Rwanda,Psychology,2008-2012,3.9999999999999982
Rwanda,Psychology,2013-2017,2.91785714285714
Rwanda,Social Sciences,1973-1977,3.0
Rwanda,Social Sciences,1978-1982,0.5
Rwanda,Social Sciences,1983-1987,2.0
Rwanda,Social Sciences,1988-1992,0.75
Rwanda,Social Sciences,1993-1997,0.5
Rwanda,Social Sciences,1998-2002,1.0
Rwanda,Social Sciences,2003-2007,2.35
Rwanda,Social Sciences,2008-2012,8.745238095238085
Rwanda,Social Sciences,2013-2017,17.970634920634904
Saint-Vincent-et-les-Grenadines,Biology,1973-1977,0.5
Saint-Vincent-et-les-Grenadines,Biology,1993-1997,0.5
Saint-Vincent-et-les-Grenadines,Biology,2003-2007,0.666666666666666
Saint-Vincent-et-les-Grenadines,Biology,2008-2012,0.883333333333333
Saint-Vincent-et-les-Grenadines,Biology,2013-2017,0.333333333333333
Saint-Vincent-et-les-Grenadines,Biomedical Research,2003-2007,0.142857142857142
Saint-Vincent-et-les-Grenadines,Biomedical Research,2013-2017,1.894047619047618
Saint-Vincent-et-les-Grenadines,Clinical Medicine,1993-1997,0.833333333333333
Saint-Vincent-et-les-Grenadines,Clinical Medicine,1998-2002,0.25
Saint-Vincent-et-les-Grenadines,Clinical Medicine,2008-2012,2.5769230769230766
Saint-Vincent-et-les-Grenadines,Clinical Medicine,2013-2017,3.527777777777775
Saint-Vincent-et-les-Grenadines,Earth and Space,1993-1997,1.0
Saint-Vincent-et-les-Grenadines,Earth and Space,1998-2002,0.0666666666666666
Saint-Vincent-et-les-Grenadines,Earth and Space,2013-2017,0.0416666666666666
Saint-Vincent-et-les-Grenadines,Health,2013-2017,0.7
Saint-Vincent-et-les-Grenadines,Mathematics,2013-2017,0.5
Saint-Vincent-et-les-Grenadines,Professional Fields,2013-2017,0.5
Saint-Vincent-et-les-Grenadines,Psychology,2013-2017,0.25
Saint-Vincent-et-les-Grenadines,Social Sciences,2008-2012,0.5
Samoa,Biology,1973-1977,8.5
Samoa,Biology,1978-1982,5.666666666666666
Samoa,Biology,1983-1987,3.0
Samoa,Biology,1988-1992,4.75
Samoa,Biology,1993-1997,10.0
Samoa,Biology,1998-2002,6.366666666666666
Samoa,Biology,2003-2007,6.333333333333333
Samoa,Biology,2008-2012,0.533333333333333
Samoa,Biology,2013-2017,4.465909090909086
Samoa,Biomedical Research,1988-1992,0.5
Samoa,Biomedical Research,1993-1997,1.25
Samoa,Biomedical Research,1998-2002,0.333333333333333
Samoa,Biomedical Research,2013-2017,0.8308004052684898
Samoa,Clinical Medicine,1973-1977,5.0
Samoa,Clinical Medicine,1978-1982,2.416666666666666
Samoa,Clinical Medicine,1983-1987,5.0
Samoa,Clinical Medicine,1988-1992,7.666666666666665
Samoa,Clinical Medicine,1993-1997,5.749999999999999
Samoa,Clinical Medicine,1998-2002,6.7
Samoa,Clinical Medicine,2003-2007,3.375
Samoa,Clinical Medicine,2008-2012,0.5
Samoa,Clinical Medicine,2013-2017,2.511507936507935
Samoa,Earth and Space,1993-1997,2.0
Samoa,Earth and Space,1998-2002,2.0
Samoa,Earth and Space,2003-2007,3.0555555555555554
Samoa,Earth and Space,2008-2012,0.25
Samoa,Earth and Space,2013-2017,0.25882352941176473
Samoa,Engineering and Technology,2013-2017,0.333333333333333
Samoa,Health,2003-2007,0.666666666666666
Samoa,Health,2013-2017,2.75
Samoa,Humanities,2013-2017,1.0
Samoa,Mathematics,1993-1997,0.5
Samoa,Professional Fields,2013-2017,1.0
Samoa,Psychology,2003-2007,0.0144927536231884
Samoa,Psychology,2013-2017,0.25
Samoa,Social Sciences,1983-1987,1.0
Samoa,Social Sciences,1988-1992,0.5
Samoa,Social Sciences,1993-1997,0.5
Samoa,Social Sciences,1998-2002,0.142857142857142
Samoa,Social Sciences,2003-2007,2.333333333333333
Samoa,Social Sciences,2008-2012,0.75
Samoa,Social Sciences,2013-2017,4.283333333333329
San Marino,Arts,2013-2017,2.0
San Marino,Biology,2013-2017,0.6
San Marino,Biomedical Research,2008-2012,0.434523809523808
San Marino,Biomedical Research,2013-2017,3.508333333333332
San Marino,Chemistry,2008-2012,1.0
San Marino,Clinical Medicine,1973-1977,0.25
San Marino,Clinical Medicine,1983-1987,0.499999999999999
San Marino,Clinical Medicine,1988-1992,2.75
San Marino,Clinical Medicine,1993-1997,2.25
San Marino,Clinical Medicine,1998-2002,4.055555555555555
San Marino,Clinical Medicine,2003-2007,3.944444444444444
San Marino,Clinical Medicine,2008-2012,2.259523809523808
San Marino,Clinical Medicine,2013-2017,6.239058767319632
San Marino,Earth and Space,2003-2007,0.5
San Marino,Earth and Space,2013-2017,0.936111111111111
San Marino,Engineering and Technology,2008-2012,2.416666666666666
San Marino,Engineering and Technology,2013-2017,9.366666666666651
San Marino,Health,2008-2012,0.5
San Marino,Health,2013-2017,0.125
San Marino,Humanities,1993-1997,1.0
San Marino,Humanities,2008-2012,1.0
San Marino,Humanities,2013-2017,1.0
San Marino,Mathematics,2013-2017,0.5
San Marino,Physics,1988-1992,1.0
San Marino,Physics,2008-2012,0.5
San Marino,Physics,2013-2017,1.208333333333333
San Marino,Professional Fields,1978-1982,1.0
San Marino,Professional Fields,1998-2002,1.0
San Marino,Professional Fields,2003-2007,0.333333333333333
San Marino,Professional Fields,2008-2012,1.0
San Marino,Professional Fields,2013-2017,0.333333333333333
San Marino,Social Sciences,2008-2012,1.666666666666666
Sao Tome & Principe,Biology,1998-2002,0.25
Sao Tome & Principe,Biology,2003-2007,0.25
Sao Tome & Principe,Biology,2008-2012,0.95
Sao Tome & Principe,Biology,2013-2017,2.0855016750244477
Sao Tome & Principe,Biomedical Research,1993-1997,0.25
Sao Tome & Principe,Biomedical Research,1998-2002,0.166666666666666
Sao Tome & Principe,Biomedical Research,2003-2007,0.45
Sao Tome & Principe,Biomedical Research,2008-2012,0.375
Sao Tome & Principe,Biomedical Research,2013-2017,0.8242424242424239
Sao Tome & Principe,Chemistry,2013-2017,0.0769230769230769
Sao Tome & Principe,Clinical Medicine,1998-2002,1.6999999999999988
Sao Tome & Principe,Clinical Medicine,2003-2007,1.883333333333333
Sao Tome & Principe,Clinical Medicine,2008-2012,0.983333333333333
Sao Tome & Principe,Clinical Medicine,2013-2017,1.185653235653234
Sao Tome & Principe,Earth and Space,2008-2012,0.0769230769230769
Sao Tome & Principe,Health,2008-2012,1.0
Sao Tome & Principe,Health,2013-2017,0.2
Saudi Arabia,Arts,1978-1982,1.0
Saudi Arabia,Arts,1993-1997,1.0
Saudi Arabia,Arts,1998-2002,1.0
Saudi Arabia,Arts,2003-2007,1.0
Saudi Arabia,Arts,2008-2012,2.5
Saudi Arabia,Arts,2013-2017,12.73809523809523
Saudi Arabia,Biology,1973-1977,9.333333333333332
Saudi Arabia,Biology,1978-1982,70.0
Saudi Arabia,Biology,1983-1987,236.66666666666634
Saudi Arabia,Biology,1988-1992,346.6666666666664
Saudi Arabia,Biology,1993-1997,381.4833333333329
Saudi Arabia,Biology,1998-2002,237.70476190476157
Saudi Arabia,Biology,2003-2007,126.80263157894724
Saudi Arabia,Biology,2008-2012,620.7646825396814
Saudi Arabia,Biology,2013-2017,1664.9993515365904
Saudi Arabia,Biomedical Research,1973-1977,8.583333333333332
Saudi Arabia,Biomedical Research,1978-1982,43.49999999999999
Saudi Arabia,Biomedical Research,1983-1987,186.0999999999999
Saudi Arabia,Biomedical Research,1988-1992,206.31666666666663
Saudi Arabia,Biomedical Research,1993-1997,338.589034093925
Saudi Arabia,Biomedical Research,1998-2002,209.9852596303833
Saudi Arabia,Biomedical Research,2003-2007,239.28028918242478
Saudi Arabia,Biomedical Research,2008-2012,1228.4859274097976
Saudi Arabia,Biomedical Research,2013-2017,2931.6969859733085
Saudi Arabia,Chemistry,1973-1977,17.5
Saudi Arabia,Chemistry,1978-1982,118.49999999999999
Saudi Arabia,Chemistry,1983-1987,303.083333333333
Saudi Arabia,Chemistry,1988-1992,351.4166666666664
Saudi Arabia,Chemistry,1993-1997,397.9166666666662
Saudi Arabia,Chemistry,1998-2002,445.7595238095231
Saudi Arabia,Chemistry,2003-2007,543.3083333333323
Saudi Arabia,Chemistry,2008-2012,1895.8706709956673
Saudi Arabia,Chemistry,2013-2017,4632.911584657164
Saudi Arabia,Clinical Medicine,1973-1977,28.33333333333333
Saudi Arabia,Clinical Medicine,1978-1982,231.61666666666662
Saudi Arabia,Clinical Medicine,1983-1987,1264.320634920633
Saudi Arabia,Clinical Medicine,1988-1992,2530.5102073365188
Saudi Arabia,Clinical Medicine,1993-1997,2971.9826303527334
Saudi Arabia,Clinical Medicine,1998-2002,2923.3926601806083
Saudi Arabia,Clinical Medicine,2003-2007,2475.045037753778
Saudi Arabia,Clinical Medicine,2008-2012,3791.7903221113106
Saudi Arabia,Clinical Medicine,2013-2017,6866.2571703767835
Saudi Arabia,Earth and Space,1973-1977,10.499999999999998
Saudi Arabia,Earth and Space,1978-1982,52.83333333333333
Saudi Arabia,Earth and Space,1983-1987,184.7499999999998
Saudi Arabia,Earth and Space,1988-1992,227.2499999999999
Saudi Arabia,Earth and Space,1993-1997,208.483333333333
Saudi Arabia,Earth and Space,1998-2002,153.69166666666646
Saudi Arabia,Earth and Space,2003-2007,165.8114551083588
Saudi Arabia,Earth and Space,2008-2012,482.4167100443408
Saudi Arabia,Earth and Space,2013-2017,1712.392735282403
Saudi Arabia,Engineering and Technology,1973-1977,73.75
Saudi Arabia,Engineering and Technology,1978-1982,328.91666666666634
Saudi Arabia,Engineering and Technology,1983-1987,655.166666666666
Saudi Arabia,Engineering and Technology,1988-1992,938.4999999999991
Saudi Arabia,Engineering and Technology,1993-1997,1284.5666666666652
Saudi Arabia,Engineering and Technology,1998-2002,1345.0833333333317
Saudi Arabia,Engineering and Technology,2003-2007,1233.1575757575736
Saudi Arabia,Engineering and Technology,2008-2012,2493.9182539682483
Saudi Arabia,Engineering and Technology,2013-2017,7840.497638661166
Saudi Arabia,Health,1978-1982,3.333333333333333
Saudi Arabia,Health,1983-1987,7.25
Saudi Arabia,Health,1988-1992,36.83333333333333
Saudi Arabia,Health,1993-1997,54.99999999999999
Saudi Arabia,Health,1998-2002,29.041666666666664
Saudi Arabia,Health,2003-2007,21.23238770685579
Saudi Arabia,Health,2008-2012,82.8155122655122
Saudi Arabia,Health,2013-2017,390.9550038289741
Saudi Arabia,Humanities,1973-1977,2.0
Saudi Arabia,Humanities,1978-1982,5.0
Saudi Arabia,Humanities,1983-1987,5.5
Saudi Arabia,Humanities,1988-1992,7.0
Saudi Arabia,Humanities,1993-1997,9.25
Saudi Arabia,Humanities,1998-2002,3.5
Saudi Arabia,Humanities,2003-2007,5.0
Saudi Arabia,Humanities,2008-2012,19.5
Saudi Arabia,Humanities,2013-2017,40.94507200316021
Saudi Arabia,Mathematics,1973-1977,9.5
Saudi Arabia,Mathematics,1978-1982,56.499999999999964
Saudi Arabia,Mathematics,1983-1987,100.58333333333327
Saudi Arabia,Mathematics,1988-1992,143.74999999999997
Saudi Arabia,Mathematics,1993-1997,157.58333333333312
Saudi Arabia,Mathematics,1998-2002,183.08333333333286
Saudi Arabia,Mathematics,2003-2007,316.84999999999934
Saudi Arabia,Mathematics,2008-2012,972.0190476190451
Saudi Arabia,Mathematics,2013-2017,2226.6317321567267
Saudi Arabia,Physics,1973-1977,11.916666666666663
Saudi Arabia,Physics,1978-1982,91.24999999999996
Saudi Arabia,Physics,1983-1987,187.6166666666665
Saudi Arabia,Physics,1988-1992,183.5202380952379
Saudi Arabia,Physics,1993-1997,322.7063492063486
Saudi Arabia,Physics,1998-2002,306.8357142857136
Saudi Arabia,Physics,2003-2007,404.13690476190385
Saudi Arabia,Physics,2008-2012,1025.2837361466827
Saudi Arabia,Physics,2013-2017,2818.1985157745053
Saudi Arabia,Professional Fields,1973-1977,2.5
Saudi Arabia,Professional Fields,1978-1982,21.333333333333332
Saudi Arabia,Professional Fields,1983-1987,48.24999999999997
Saudi Arabia,Professional Fields,1988-1992,52.2
Saudi Arabia,Professional Fields,1993-1997,95.2833333333332
Saudi Arabia,Professional Fields,1998-2002,76.16666666666652
Saudi Arabia,Professional Fields,2003-2007,31.66666666666666
Saudi Arabia,Professional Fields,2008-2012,128.29212454212424
Saudi Arabia,Professional Fields,2013-2017,347.29912008281474
Saudi Arabia,Psychology,1978-1982,0.333333333333333
Saudi Arabia,Psychology,1983-1987,6.0
Saudi Arabia,Psychology,1988-1992,9.7
Saudi Arabia,Psychology,1993-1997,6.166666666666666
Saudi Arabia,Psychology,1998-2002,10.0
Saudi Arabia,Psychology,2003-2007,14.649999999999999
Saudi Arabia,Psychology,2008-2012,24.149999999999963
Saudi Arabia,Psychology,2013-2017,124.80896262003505
Saudi Arabia,Social Sciences,1973-1977,6.5
Saudi Arabia,Social Sciences,1978-1982,32.24999999999999
Saudi Arabia,Social Sciences,1983-1987,32.199999999999996
Saudi Arabia,Social Sciences,1988-1992,31.866666666666664
Saudi Arabia,Social Sciences,1993-1997,35.16666666666666
Saudi Arabia,Social Sciences,1998-2002,42.166666666666664
Saudi Arabia,Social Sciences,2003-2007,39.66666666666666
Saudi Arabia,Social Sciences,2008-2012,64.40537240537235
Saudi Arabia,Social Sciences,2013-2017,224.70476190476148
Senegal,Arts,1978-1982,1.0
Senegal,Arts,2003-2007,2.0
Senegal,Biology,1973-1977,38.75
Senegal,Biology,1978-1982,54.41666666666666
Senegal,Biology,1983-1987,8.75
Senegal,Biology,1988-1992,3.333333333333333
Senegal,Biology,1993-1997,76.34999999999994
Senegal,Biology,1998-2002,118.14999999999982
Senegal,Biology,2003-2007,107.43015873015855
Senegal,Biology,2008-2012,102.6419597763346
Senegal,Biology,2013-2017,143.10585619192548
Senegal,Biomedical Research,1973-1977,55.73333333333329
Senegal,Biomedical Research,1978-1982,60.608333333333306
Senegal,Biomedical Research,1983-1987,2.833333333333333
Senegal,Biomedical Research,1993-1997,70.76411318150436
Senegal,Biomedical Research,1998-2002,62.12420634920618
Senegal,Biomedical Research,2003-2007,66.73638583638571
Senegal,Biomedical Research,2008-2012,110.2623861052738
Senegal,Biomedical Research,2013-2017,134.10826260334784
Senegal,Chemistry,1973-1977,13.5
Senegal,Chemistry,1978-1982,11.83333333333333
Senegal,Chemistry,1983-1987,1.833333333333333
Senegal,Chemistry,1988-1992,2.166666666666665
Senegal,Chemistry,1993-1997,13.833333333333323
Senegal,Chemistry,1998-2002,13.449999999999978
Senegal,Chemistry,2003-2007,32.39285714285708
Senegal,Chemistry,2008-2012,38.34999999999996
Senegal,Chemistry,2013-2017,44.41190476190471
Senegal,Clinical Medicine,1973-1977,80.69999999999997
Senegal,Clinical Medicine,1978-1982,120.9416666666666
Senegal,Clinical Medicine,1983-1987,6.999999999999999
Senegal,Clinical Medicine,1988-1992,0.5
Senegal,Clinical Medicine,1993-1997,169.48283747842547
Senegal,Clinical Medicine,1998-2002,231.7083342829831
Senegal,Clinical Medicine,2003-2007,211.3677960927956
Senegal,Clinical Medicine,2008-2012,240.3696583469192
Senegal,Clinical Medicine,2013-2017,273.6971309699209
Senegal,Earth and Space,1973-1977,11.833333333333332
Senegal,Earth and Space,1978-1982,9.833333333333332
Senegal,Earth and Space,1988-1992,1.5
Senegal,Earth and Space,1993-1997,21.999999999999993
Senegal,Earth and Space,1998-2002,20.683333333333294
Senegal,Earth and Space,2003-2007,22.510256410256364
Senegal,Earth and Space,2008-2012,46.120127095127
Senegal,Earth and Space,2013-2017,76.52278717825885
Senegal,Engineering and Technology,1973-1977,0.25
Senegal,Engineering and Technology,1978-1982,3.0
Senegal,Engineering and Technology,1983-1987,1.5
Senegal,Engineering and Technology,1993-1997,9.809523809523798
Senegal,Engineering and Technology,1998-2002,13.666666666666652
Senegal,Engineering and Technology,2003-2007,15.784523809523794
Senegal,Engineering and Technology,2008-2012,29.683134920634895
Senegal,Engineering and Technology,2013-2017,34.78383838383833
Senegal,Health,1973-1977,1.833333333333333
Senegal,Health,1978-1982,2.0
Senegal,Health,1993-1997,4.616666666666666
Senegal,Health,1998-2002,2.366666666666666
Senegal,Health,2003-2007,12.417857142857136
Senegal,Health,2008-2012,23.71706349206345
Senegal,Health,2013-2017,45.07820839838821
Senegal,Humanities,1973-1977,1.333333333333333
Senegal,Humanities,1983-1987,1.0
Senegal,Humanities,1993-1997,5.33333333333333
Senegal,Humanities,1998-2002,1.0
Senegal,Humanities,2003-2007,3.0
Senegal,Humanities,2008-2012,13.5
Senegal,Humanities,2013-2017,5.208333333333333
Senegal,Mathematics,1973-1977,9.0
Senegal,Mathematics,1978-1982,4.5
Senegal,Mathematics,1993-1997,4.83333333333333
Senegal,Mathematics,1998-2002,5.333333333333333
Senegal,Mathematics,2003-2007,18.033333333333317
Senegal,Mathematics,2008-2012,33.2833333333333
Senegal,Mathematics,2013-2017,57.61590909090902
Senegal,Physics,1973-1977,5.5
Senegal,Physics,1978-1982,5.833333333333333
Senegal,Physics,1983-1987,2.833333333333333
Senegal,Physics,1993-1997,12.266666666666655
Senegal,Physics,1998-2002,11.36666666666666
Senegal,Physics,2003-2007,19.376190476190466
Senegal,Physics,2008-2012,23.170238095238066
Senegal,Physics,2013-2017,29.18253968253966
Senegal,Professional Fields,1973-1977,2.0
Senegal,Professional Fields,1978-1982,1.0
Senegal,Professional Fields,1993-1997,3.0
Senegal,Professional Fields,1998-2002,6.5
Senegal,Professional Fields,2003-2007,2.625
Senegal,Professional Fields,2008-2012,2.30555555555555
Senegal,Professional Fields,2013-2017,6.549999999999999
Senegal,Psychology,1973-1977,12.0
Senegal,Psychology,1978-1982,28.83333333333333
Senegal,Psychology,1993-1997,1.0
Senegal,Psychology,2008-2012,2.9482017982017967
Senegal,Psychology,2013-2017,2.591883116883116
Senegal,Social Sciences,1973-1977,12.06666666666666
Senegal,Social Sciences,1978-1982,13.75
Senegal,Social Sciences,1983-1987,1.0
Senegal,Social Sciences,1988-1992,1.0
Senegal,Social Sciences,1993-1997,18.333333333333325
Senegal,Social Sciences,1998-2002,21.23333333333333
Senegal,Social Sciences,2003-2007,20.78333333333333
Senegal,Social Sciences,2008-2012,41.183333333333294
Senegal,Social Sciences,2013-2017,47.032972582972555
Senegambia,Biology,1978-1982,11.41666666666666
Senegambia,Biology,1983-1987,90.30952380952374
Senegambia,Biology,1988-1992,91.51666666666657
Senegambia,Biology,1993-1997,14.86666666666665
Senegambia,Biomedical Research,1978-1982,8.91666666666666
Senegambia,Biomedical Research,1983-1987,74.36666666666662
Senegambia,Biomedical Research,1988-1992,85.6230158730158
Senegambia,Biomedical Research,1993-1997,13.747557997557983
Senegambia,Chemistry,1978-1982,5.25
Senegambia,Chemistry,1983-1987,25.74999999999997
Senegambia,Chemistry,1988-1992,20.566666666666652
Senegambia,Chemistry,1993-1997,7.166666666666655
Senegambia,Clinical Medicine,1978-1982,23.05555555555555
Senegambia,Clinical Medicine,1983-1987,175.17840909090884
Senegambia,Clinical Medicine,1988-1992,245.77222222222156
Senegambia,Clinical Medicine,1993-1997,54.82142857142853
Senegambia,Earth and Space,1978-1982,4.16666666666666
Senegambia,Earth and Space,1983-1987,33.74999999999998
Senegambia,Earth and Space,1988-1992,32.83333333333331
Senegambia,Earth and Space,1993-1997,1.58333333333333
Senegambia,Engineering and Technology,1983-1987,1.5
Senegambia,Engineering and Technology,1988-1992,2.0
Senegambia,Engineering and Technology,1993-1997,0.333333333333333
Senegambia,Health,1978-1982,0.5
Senegambia,Health,1983-1987,1.0
Senegambia,Health,1988-1992,1.75
Senegambia,Health,1993-1997,0.666666666666666
Senegambia,Humanities,1978-1982,1.0
Senegambia,Humanities,1983-1987,8.5
Senegambia,Humanities,1988-1992,5.0
Senegambia,Humanities,1993-1997,2.0
Senegambia,Mathematics,1983-1987,5.5
Senegambia,Mathematics,1988-1992,4.5
Senegambia,Mathematics,1993-1997,1.5
Senegambia,Physics,1978-1982,1.0
Senegambia,Physics,1983-1987,8.999999999999996
Senegambia,Physics,1988-1992,8.66666666666666
Senegambia,Physics,1993-1997,2.0
Senegambia,Professional Fields,1983-1987,7.0
Senegambia,Professional Fields,1988-1992,2.0
Senegambia,Professional Fields,1993-1997,1.0
Senegambia,Psychology,1978-1982,5.0
Senegambia,Psychology,1983-1987,14.5
Senegambia,Social Sciences,1978-1982,4.5
Senegambia,Social Sciences,1983-1987,18.83333333333333
Senegambia,Social Sciences,1988-1992,20.316666666666666
Senegambia,Social Sciences,1993-1997,2.4
Serbia and Montenegro,Arts,2003-2007,1.0
Serbia and Montenegro,Biology,2003-2007,201.61904761904717
Serbia and Montenegro,Biomedical Research,2003-2007,245.3414835164831
Serbia and Montenegro,Chemistry,2003-2007,488.5285714285699
Serbia and Montenegro,Clinical Medicine,1998-2002,2.0
Serbia and Montenegro,Clinical Medicine,2003-2007,586.5073001763373
Serbia and Montenegro,Earth and Space,2003-2007,89.21666666666647
Serbia and Montenegro,Engineering and Technology,1988-1992,1.0
Serbia and Montenegro,Engineering and Technology,1998-2002,1.0
Serbia and Montenegro,Engineering and Technology,2003-2007,522.0333333333322
Serbia and Montenegro,Health,2003-2007,8.566666666666665
Serbia and Montenegro,Humanities,2003-2007,6.0
Serbia and Montenegro,Mathematics,2003-2007,188.0999999999998
Serbia and Montenegro,Physics,1998-2002,0.5
Serbia and Montenegro,Physics,2003-2007,357.0247591566265
Serbia and Montenegro,Professional Fields,2003-2007,10.16666666666665
Serbia and Montenegro,Psychology,2003-2007,7.320048309178737
Serbia and Montenegro,Social Sciences,2003-2007,16.349999999999998
Seychelles,Biology,1973-1977,1.333333333333333
Seychelles,Biology,1978-1982,6.666666666666666
Seychelles,Biology,1983-1987,2.0
Seychelles,Biology,1988-1992,0.25
Seychelles,Biology,1993-1997,4.75
Seychelles,Biology,1998-2002,8.583333333333329
Seychelles,Biology,2003-2007,21.010714285714272
Seychelles,Biology,2008-2012,17.765476190476157
Seychelles,Biology,2013-2017,35.25261634500758
Seychelles,Biomedical Research,1978-1982,6.5
Seychelles,Biomedical Research,1983-1987,4.5
Seychelles,Biomedical Research,1993-1997,0.9999999999999989
Seychelles,Biomedical Research,1998-2002,0.3999999999999996
Seychelles,Biomedical Research,2003-2007,1.8273809523809479
Seychelles,Biomedical Research,2008-2012,5.879464285714279
Seychelles,Biomedical Research,2013-2017,11.372816833735744
Seychelles,Chemistry,2013-2017,0.333333333333333
Seychelles,Clinical Medicine,1973-1977,1.0
Seychelles,Clinical Medicine,1978-1982,7.08333333333333
Seychelles,Clinical Medicine,1983-1987,1.0833333333333333
Seychelles,Clinical Medicine,1988-1992,2.25
Seychelles,Clinical Medicine,1993-1997,4.043650793650792
Seychelles,Clinical Medicine,1998-2002,6.227339901477822
Seychelles,Clinical Medicine,2003-2007,4.971428571428566
Seychelles,Clinical Medicine,2008-2012,9.34682539682539
Seychelles,Clinical Medicine,2013-2017,6.6077702808239485
Seychelles,Earth and Space,1993-1997,7.811111111111111
Seychelles,Earth and Space,1998-2002,1.0
Seychelles,Earth and Space,2003-2007,3.666666666666665
Seychelles,Earth and Space,2008-2012,2.033333333333333
Seychelles,Earth and Space,2013-2017,6.571428571428567
Seychelles,Engineering and Technology,1978-1982,1.0
Seychelles,Engineering and Technology,1983-1987,1.0
Seychelles,Engineering and Technology,1988-1992,2.0
Seychelles,Engineering and Technology,1993-1997,3.5
Seychelles,Engineering and Technology,1998-2002,1.0
Seychelles,Health,1983-1987,1.0
Seychelles,Health,2003-2007,1.083333333333333
Seychelles,Health,2008-2012,1.1047619047619044
Seychelles,Health,2013-2017,1.463888888888888
Seychelles,Humanities,1988-1992,1.0
Seychelles,Mathematics,1988-1992,1.0
Seychelles,Physics,2003-2007,1.2
Seychelles,Professional Fields,1998-2002,1.0
Seychelles,Professional Fields,2008-2012,0.25
Seychelles,Professional Fields,2013-2017,0.833333333333333
Seychelles,Psychology,2008-2012,0.783333333333333
Seychelles,Psychology,2013-2017,0.5
Seychelles,Social Sciences,2008-2012,1.0
Seychelles,Social Sciences,2013-2017,1.4516806722689066
Sierra Leone,Arts,1988-1992,1.0
Sierra Leone,Arts,1998-2002,1.0
Sierra Leone,Biology,1973-1977,43.5
Sierra Leone,Biology,1978-1982,41.66666666666666
Sierra Leone,Biology,1983-1987,19.5
Sierra Leone,Biology,1988-1992,23.2
Sierra Leone,Biology,1993-1997,10.083333333333332
Sierra Leone,Biology,1998-2002,8.45
Sierra Leone,Biology,2003-2007,4.833333333333333
Sierra Leone,Biology,2008-2012,8.555357142857133
Sierra Leone,Biology,2013-2017,11.3158175158175
Sierra Leone,Biomedical Research,1973-1977,9.0
Sierra Leone,Biomedical Research,1978-1982,2.333333333333333
Sierra Leone,Biomedical Research,1983-1987,3.25
Sierra Leone,Biomedical Research,1988-1992,4.033333333333333
Sierra Leone,Biomedical Research,1993-1997,2.9499999999999993
Sierra Leone,Biomedical Research,1998-2002,1.333333333333333
Sierra Leone,Biomedical Research,2003-2007,0.642857142857142
Sierra Leone,Biomedical Research,2008-2012,10.342036435786422
Sierra Leone,Biomedical Research,2013-2017,18.061964409309354
Sierra Leone,Chemistry,1973-1977,5.66666666666666
Sierra Leone,Chemistry,1978-1982,4.0
Sierra Leone,Chemistry,1983-1987,7.83333333333333
Sierra Leone,Chemistry,1988-1992,1.0
Sierra Leone,Chemistry,1993-1997,1.0
Sierra Leone,Chemistry,2008-2012,1.0
Sierra Leone,Chemistry,2013-2017,0.5
Sierra Leone,Clinical Medicine,1973-1977,6.416666666666666
Sierra Leone,Clinical Medicine,1978-1982,11.916666666666666
Sierra Leone,Clinical Medicine,1983-1987,23.89285714285713
Sierra Leone,Clinical Medicine,1988-1992,20.842156862745085
Sierra Leone,Clinical Medicine,1993-1997,24.651190476190457
Sierra Leone,Clinical Medicine,1998-2002,2.626923076923076
Sierra Leone,Clinical Medicine,2003-2007,2.998917748917747
Sierra Leone,Clinical Medicine,2008-2012,18.86201298701296
Sierra Leone,Clinical Medicine,2013-2017,56.28186150061096
Sierra Leone,Earth and Space,1973-1977,4.5
Sierra Leone,Earth and Space,1978-1982,3.5
Sierra Leone,Earth and Space,1983-1987,1.0
Sierra Leone,Earth and Space,1988-1992,0.533333333333333
Sierra Leone,Earth and Space,1998-2002,0.2
Sierra Leone,Earth and Space,2008-2012,2.124999999999999
Sierra Leone,Earth and Space,2013-2017,3.8388888888888832
Sierra Leone,Engineering and Technology,1973-1977,0.25
Sierra Leone,Engineering and Technology,1978-1982,5.5
Sierra Leone,Engineering and Technology,1983-1987,4.5
Sierra Leone,Engineering and Technology,1988-1992,3.25
Sierra Leone,Engineering and Technology,1993-1997,1.0
Sierra Leone,Engineering and Technology,1998-2002,0.25
Sierra Leone,Engineering and Technology,2003-2007,4.0
Sierra Leone,Engineering and Technology,2008-2012,0.333333333333333
Sierra Leone,Engineering and Technology,2013-2017,3.209523809523793
Sierra Leone,Health,1983-1987,3.0
Sierra Leone,Health,1988-1992,0.5
Sierra Leone,Health,1993-1997,3.5
Sierra Leone,Health,1998-2002,1.0
Sierra Leone,Health,2003-2007,0.666666666666666
Sierra Leone,Health,2008-2012,3.449999999999998
Sierra Leone,Health,2013-2017,28.01523476523472
Sierra Leone,Humanities,1973-1977,7.0
Sierra Leone,Humanities,1978-1982,14.0
Sierra Leone,Humanities,1983-1987,12.5
Sierra Leone,Humanities,1988-1992,5.0
Sierra Leone,Humanities,1993-1997,3.0
Sierra Leone,Humanities,1998-2002,2.0
Sierra Leone,Humanities,2013-2017,0.5
Sierra Leone,Mathematics,1973-1977,3.0
Sierra Leone,Mathematics,1978-1982,0.5
Sierra Leone,Mathematics,2013-2017,0.575
Sierra Leone,Physics,1973-1977,2.5
Sierra Leone,Physics,1983-1987,1.333333333333333
Sierra Leone,Physics,1988-1992,1.5
Sierra Leone,Physics,1998-2002,0.583333333333333
Sierra Leone,Physics,2013-2017,0.499999999999999
Sierra Leone,Professional Fields,1973-1977,2.0
Sierra Leone,Professional Fields,1978-1982,1.0
Sierra Leone,Professional Fields,1983-1987,2.0
Sierra Leone,Professional Fields,1988-1992,2.0
Sierra Leone,Professional Fields,1993-1997,1.0
Sierra Leone,Professional Fields,2003-2007,3.0
Sierra Leone,Professional Fields,2008-2012,4.33333333333333
Sierra Leone,Professional Fields,2013-2017,3.42261904761904
Sierra Leone,Psychology,1978-1982,0.5
Sierra Leone,Psychology,2008-2012,0.5
Sierra Leone,Psychology,2013-2017,0.533333333333333
Sierra Leone,Social Sciences,1973-1977,3.5
Sierra Leone,Social Sciences,1978-1982,6.666666666666666
Sierra Leone,Social Sciences,1983-1987,9.0
Sierra Leone,Social Sciences,1988-1992,5.015151515151514
Sierra Leone,Social Sciences,1993-1997,4.833333333333333
Sierra Leone,Social Sciences,1998-2002,1.0
Sierra Leone,Social Sciences,2003-2007,1.0
Sierra Leone,Social Sciences,2008-2012,2.499999999999999
Sierra Leone,Social Sciences,2013-2017,6.5333333333333306
Singapore,Arts,1973-1977,2.0
Singapore,Arts,1983-1987,2.0
Singapore,Arts,1988-1992,2.0
Singapore,Arts,1993-1997,8.0
Singapore,Arts,1998-2002,17.833333333333332
Singapore,Arts,2003-2007,20.75
Singapore,Arts,2008-2012,51.36666666666665
Singapore,Arts,2013-2017,58.7440476190476
Singapore,Biology,1973-1977,48.16666666666666
Singapore,Biology,1978-1982,55.41666666666666
Singapore,Biology,1983-1987,95.58333333333331
Singapore,Biology,1988-1992,208.083333333333
Singapore,Biology,1993-1997,348.8749999999995
Singapore,Biology,1998-2002,422.33611111111
Singapore,Biology,2003-2007,540.892532467531
Singapore,Biology,2008-2012,722.7339289698564
Singapore,Biology,2013-2017,896.6142044312838
Singapore,Biomedical Research,1973-1977,72.78333333333332
Singapore,Biomedical Research,1978-1982,59.64285714285713
Singapore,Biomedical Research,1983-1987,155.06111111111096
Singapore,Biomedical Research,1988-1992,333.72341269841246
Singapore,Biomedical Research,1993-1997,612.4168071694378
Singapore,Biomedical Research,1998-2002,1082.395750491337
Singapore,Biomedical Research,2003-2007,2271.7320917848583
Singapore,Biomedical Research,2008-2012,3710.6565966334474
Singapore,Biomedical Research,2013-2017,5212.333933324538
Singapore,Chemistry,1973-1977,47.5
Singapore,Chemistry,1978-1982,39.66666666666666
Singapore,Chemistry,1983-1987,153.08333333333331
Singapore,Chemistry,1988-1992,390.583333333333
Singapore,Chemistry,1993-1997,719.5166666666655
Singapore,Chemistry,1998-2002,1481.8095238095198
Singapore,Chemistry,2003-2007,2501.274999999994
Singapore,Chemistry,2008-2012,4054.913131313124
Singapore,Chemistry,2013-2017,4841.233286566367
Singapore,Clinical Medicine,1973-1977,316.46785714285704
Singapore,Clinical Medicine,1978-1982,308.6665043290043
Singapore,Clinical Medicine,1983-1987,639.8666666666664
Singapore,Clinical Medicine,1988-1992,956.3629490392639
Singapore,Clinical Medicine,1993-1997,1346.6121144747099
Singapore,Clinical Medicine,1998-2002,2282.747627445014
Singapore,Clinical Medicine,2003-2007,4017.1867904994315
Singapore,Clinical Medicine,2008-2012,5547.475116818376
Singapore,Clinical Medicine,2013-2017,6991.949379633468
Singapore,Earth and Space,1973-1977,14.166666666666659
Singapore,Earth and Space,1978-1982,20.66666666666666
Singapore,Earth and Space,1983-1987,75.83333333333329
Singapore,Earth and Space,1988-1992,125.49999999999999
Singapore,Earth and Space,1993-1997,185.2261904761903
Singapore,Earth and Space,1998-2002,229.24285714285656
Singapore,Earth and Space,2003-2007,407.8976190476184
Singapore,Earth and Space,2008-2012,562.9851752414245
Singapore,Earth and Space,2013-2017,1047.6779671493077
Singapore,Engineering and Technology,1973-1977,28.75
Singapore,Engineering and Technology,1978-1982,111.74999999999999
Singapore,Engineering and Technology,1983-1987,369.33333333333303
Singapore,Engineering and Technology,1988-1992,960.7499999999991
Singapore,Engineering and Technology,1993-1997,2811.2761904761805
Singapore,Engineering and Technology,1998-2002,5204.289415159989
Singapore,Engineering and Technology,2003-2007,7747.604761904746
Singapore,Engineering and Technology,2008-2012,7993.887078244322
Singapore,Engineering and Technology,2013-2017,10667.994572519532
Singapore,Health,1973-1977,2.0
Singapore,Health,1978-1982,3.5
Singapore,Health,1983-1987,9.833333333333332
Singapore,Health,1988-1992,12.65
Singapore,Health,1993-1997,28.124999999999996
Singapore,Health,1998-2002,54.203703703703674
Singapore,Health,2003-2007,113.93794326241125
Singapore,Health,2008-2012,266.9501082251074
Singapore,Health,2013-2017,681.8882985953948
Singapore,Humanities,1973-1977,12.0
Singapore,Humanities,1978-1982,19.0
Singapore,Humanities,1983-1987,53.5
Singapore,Humanities,1988-1992,46.83333333333333
Singapore,Humanities,1993-1997,53.33333333333333
Singapore,Humanities,1998-2002,102.33333333333333
Singapore,Humanities,2003-2007,117.33333333333333
Singapore,Humanities,2008-2012,296.4857142857141
Singapore,Humanities,2013-2017,396.94999999999965
Singapore,Mathematics,1973-1977,29.5
Singapore,Mathematics,1978-1982,43.499999999999986
Singapore,Mathematics,1983-1987,133.11666666666662
Singapore,Mathematics,1988-1992,163.99999999999983
Singapore,Mathematics,1993-1997,436.7039682539674
Singapore,Mathematics,1998-2002,611.1777777777767
Singapore,Mathematics,2003-2007,662.7916666666655
Singapore,Mathematics,2008-2012,783.8571789321778
Singapore,Mathematics,2013-2017,839.4190836940829
Singapore,Physics,1973-1977,26.66666666666666
Singapore,Physics,1978-1982,59.5595238095238
Singapore,Physics,1983-1987,188.08333333333334
Singapore,Physics,1988-1992,266.5833333333331
Singapore,Physics,1993-1997,934.4666666666649
Singapore,Physics,1998-2002,2537.5539682539606
Singapore,Physics,2003-2007,4270.174894957973
Singapore,Physics,2008-2012,5017.871986243882
Singapore,Physics,2013-2017,4331.576000956568
Singapore,Professional Fields,1973-1977,12.5
Singapore,Professional Fields,1978-1982,14.58333333333333
Singapore,Professional Fields,1983-1987,65.33333333333323
Singapore,Professional Fields,1988-1992,113.53333333333312
Singapore,Professional Fields,1993-1997,275.0928571428568
Singapore,Professional Fields,1998-2002,443.35952380952324
Singapore,Professional Fields,2003-2007,703.4999999999982
Singapore,Professional Fields,2008-2012,1426.3631987838587
Singapore,Professional Fields,2013-2017,1637.6809978676727
Singapore,Psychology,1973-1977,3.0
Singapore,Psychology,1983-1987,13.75
Singapore,Psychology,1988-1992,41.67424242424242
Singapore,Psychology,1993-1997,39.78333333333333
Singapore,Psychology,1998-2002,87.74999999999999
Singapore,Psychology,2003-2007,128.42186147186132
Singapore,Psychology,2008-2012,338.609197461035
Singapore,Psychology,2013-2017,558.7514295532953
Singapore,Social Sciences,1973-1977,89.39999999999999
Singapore,Social Sciences,1978-1982,113.28333333333332
Singapore,Social Sciences,1983-1987,135.9999999999999
Singapore,Social Sciences,1988-1992,161.91666666666654
Singapore,Social Sciences,1993-1997,232.5833333333331
Singapore,Social Sciences,1998-2002,374.93333333333266
Singapore,Social Sciences,2003-2007,642.2307798481703
Singapore,Social Sciences,2008-2012,1015.0554695304678
Singapore,Social Sciences,2013-2017,1458.283299870061
Slovakia,Arts,1993-1997,3.0
Slovakia,Arts,1998-2002,4.5
Slovakia,Arts,2003-2007,2.0
Slovakia,Arts,2008-2012,11.58333333333333
Slovakia,Arts,2013-2017,48.33333333333332
Slovakia,Biology,1988-1992,7.33333333333332
Slovakia,Biology,1993-1997,1146.72619047619
Slovakia,Biology,1998-2002,1150.5020562770549
Slovakia,Biology,2003-2007,1044.1872025635166
Slovakia,Biology,2008-2012,1034.3011778656594
Slovakia,Biology,2013-2017,1084.9425006714669
Slovakia,Biomedical Research,1988-1992,13.16666666666666
Slovakia,Biomedical Research,1993-1997,789.5077741702729
Slovakia,Biomedical Research,1998-2002,942.9044772256713
Slovakia,Biomedical Research,2003-2007,905.6840286734233
Slovakia,Biomedical Research,2008-2012,1073.9460268680643
Slovakia,Biomedical Research,2013-2017,1316.0350507994096
Slovakia,Chemistry,1988-1992,73.2333333333332
Slovakia,Chemistry,1993-1997,1353.873015873011
Slovakia,Chemistry,1998-2002,1391.9369047619018
Slovakia,Chemistry,2003-2007,1138.7829794079776
Slovakia,Chemistry,2008-2012,1311.3025132275109
Slovakia,Chemistry,2013-2017,1399.4874499896218
Slovakia,Clinical Medicine,1988-1992,31.91666666666666
Slovakia,Clinical Medicine,1993-1997,828.0930827943969
Slovakia,Clinical Medicine,1998-2002,870.2983507032405
Slovakia,Clinical Medicine,2003-2007,1111.3839924801316
Slovakia,Clinical Medicine,2008-2012,1509.7696193335364
Slovakia,Clinical Medicine,2013-2017,1673.6350612583599
Slovakia,Earth and Space,1988-1992,4.0
Slovakia,Earth and Space,1993-1997,250.21336996336916
Slovakia,Earth and Space,1998-2002,288.5131313131306
Slovakia,Earth and Space,2003-2007,317.9412064242938
Slovakia,Earth and Space,2008-2012,690.2734550631388
Slovakia,Earth and Space,2013-2017,768.2327675687337
Slovakia,Engineering and Technology,1983-1987,1.0
Slovakia,Engineering and Technology,1993-1997,656.44861111111
Slovakia,Engineering and Technology,1998-2002,825.401587301586
Slovakia,Engineering and Technology,2003-2007,1157.9385275242457
Slovakia,Engineering and Technology,2008-2012,1660.114346472155
Slovakia,Engineering and Technology,2013-2017,2056.7316036075067
Slovakia,Health,1993-1997,1.811111111111111
Slovakia,Health,1998-2002,4.8928571428571415
Slovakia,Health,2003-2007,12.16615971747549
Slovakia,Health,2008-2012,46.23164074140292
Slovakia,Health,2013-2017,140.31267888458248
Slovakia,Humanities,1993-1997,255.0
Slovakia,Humanities,1998-2002,236.0
Slovakia,Humanities,2003-2007,259.0
Slovakia,Humanities,2008-2012,454.4
Slovakia,Humanities,2013-2017,621.4166666666666
Slovakia,Mathematics,1988-1992,4.0
Slovakia,Mathematics,1993-1997,251.24999999999974
Slovakia,Mathematics,1998-2002,282.8499999999991
Slovakia,Mathematics,2003-2007,297.58333333333246
Slovakia,Mathematics,2008-2012,502.15952380952285
Slovakia,Mathematics,2013-2017,486.58492063491985
Slovakia,Physics,1973-1977,0.5
Slovakia,Physics,1988-1992,8.05
Slovakia,Physics,1993-1997,739.2493999032314
Slovakia,Physics,1998-2002,959.1343263167269
Slovakia,Physics,2003-2007,1102.011916357065
Slovakia,Physics,2008-2012,1070.9164152282992
Slovakia,Physics,2013-2017,1195.2908828318773
Slovakia,Professional Fields,1993-1997,9.5
Slovakia,Professional Fields,1998-2002,21.41666666666666
Slovakia,Professional Fields,2003-2007,47.94444444444436
Slovakia,Professional Fields,2008-2012,122.42301587301561
Slovakia,Professional Fields,2013-2017,124.81019536019517
Slovakia,Psychology,1993-1997,210.9999999999999
Slovakia,Psychology,1998-2002,191.83333333333326
Slovakia,Psychology,2003-2007,127.83631378972976
Slovakia,Psychology,2008-2012,125.96094742736524
Slovakia,Psychology,2013-2017,158.6624281303225
Slovakia,Social Sciences,1993-1997,358.8666666666666
Slovakia,Social Sciences,1998-2002,348.7666666666666
Slovakia,Social Sciences,2003-2007,384.1777777777774
Slovakia,Social Sciences,2008-2012,401.27023809523763
Slovakia,Social Sciences,2013-2017,460.7628731704494
Slovenia,Arts,1993-1997,4.333333333333333
Slovenia,Arts,1998-2002,12.0
Slovenia,Arts,2003-2007,26.0
Slovenia,Arts,2008-2012,84.8666666666666
Slovenia,Arts,2013-2017,115.43809523809522
Slovenia,Biology,1988-1992,1.333333333333333
Slovenia,Biology,1993-1997,166.3666666666665
Slovenia,Biology,1998-2002,293.8039682539676
Slovenia,Biology,2003-2007,462.56814384445875
Slovenia,Biology,2008-2012,847.7959856632937
Slovenia,Biology,2013-2017,940.2174375077377
Slovenia,Biomedical Research,1988-1992,9.0
Slovenia,Biomedical Research,1993-1997,305.16286017903616
Slovenia,Biomedical Research,1998-2002,701.9835094285306
Slovenia,Biomedical Research,2003-2007,701.1497829784585
Slovenia,Biomedical Research,2008-2012,978.5711760723937
Slovenia,Biomedical Research,2013-2017,1166.1641846314808
Slovenia,Chemistry,1988-1992,45.33333333333325
Slovenia,Chemistry,1993-1997,564.3666666666653
Slovenia,Chemistry,1998-2002,845.9261904761893
Slovenia,Chemistry,2003-2007,1039.98893178893
Slovenia,Chemistry,2008-2012,1221.1136816399958
Slovenia,Chemistry,2013-2017,1233.242533365326
Slovenia,Clinical Medicine,1988-1992,7.833333333333333
Slovenia,Clinical Medicine,1993-1997,511.1977866854375
Slovenia,Clinical Medicine,1998-2002,959.9772770277468
Slovenia,Clinical Medicine,2003-2007,1351.772180088179
Slovenia,Clinical Medicine,2008-2012,2624.368545238922
Slovenia,Clinical Medicine,2013-2017,2216.607522431146
Slovenia,Earth and Space,1988-1992,0.5
Slovenia,Earth and Space,1993-1997,104.90306447938012
Slovenia,Earth and Space,1998-2002,154.41947676506464
Slovenia,Earth and Space,2003-2007,356.9894753761063
Slovenia,Earth and Space,2008-2012,508.4406454581562
Slovenia,Earth and Space,2013-2017,619.4122869891384
Slovenia,Engineering and Technology,1983-1987,1.0
Slovenia,Engineering and Technology,1988-1992,15.83333333333333
Slovenia,Engineering and Technology,1993-1997,752.9014652014642
Slovenia,Engineering and Technology,1998-2002,1415.313467088464
Slovenia,Engineering and Technology,2003-2007,2013.278011271713
Slovenia,Engineering and Technology,2008-2012,2705.72235784229
Slovenia,Engineering and Technology,2013-2017,2799.7630703267223
Slovenia,Health,1993-1997,13.277777777777777
Slovenia,Health,1998-2002,23.11590909090908
Slovenia,Health,2003-2007,49.16374269005845
Slovenia,Health,2008-2012,173.1444443413481
Slovenia,Health,2013-2017,294.4409995622994
Slovenia,Humanities,1988-1992,14.0
Slovenia,Humanities,1993-1997,39.0
Slovenia,Humanities,1998-2002,47.5
Slovenia,Humanities,2003-2007,151.64285714285714
Slovenia,Humanities,2008-2012,625.2107142857142
Slovenia,Humanities,2013-2017,626.608333333333
Slovenia,Mathematics,1988-1992,1.0
Slovenia,Mathematics,1993-1997,210.53333333333296
Slovenia,Mathematics,1998-2002,339.32777777777704
Slovenia,Mathematics,2003-2007,457.0333333333325
Slovenia,Mathematics,2008-2012,660.3523809523803
Slovenia,Mathematics,2013-2017,765.7408730158719
Slovenia,Physics,1988-1992,8.68333333333333
Slovenia,Physics,1993-1997,517.1653742181405
Slovenia,Physics,1998-2002,724.9449581579006
Slovenia,Physics,2003-2007,1000.6631888281817
Slovenia,Physics,2008-2012,1084.7189203951511
Slovenia,Physics,2013-2017,973.104081638823
Slovenia,Professional Fields,1993-1997,48.83333333333333
Slovenia,Professional Fields,1998-2002,67.5301282051282
Slovenia,Professional Fields,2003-2007,174.72222222222211
Slovenia,Professional Fields,2008-2012,446.44396135265634
Slovenia,Professional Fields,2013-2017,518.5606893106885
Slovenia,Psychology,1993-1997,17.666666666666664
Slovenia,Psychology,1998-2002,28.38333333333333
Slovenia,Psychology,2003-2007,47.66823425022181
Slovenia,Psychology,2008-2012,77.9606536644508
Slovenia,Psychology,2013-2017,112.07051230932798
Slovenia,Social Sciences,1988-1992,2.03703703703703
Slovenia,Social Sciences,1993-1997,53.24999999999999
Slovenia,Social Sciences,1998-2002,115.06666666666663
Slovenia,Social Sciences,2003-2007,276.3277777777775
Slovenia,Social Sciences,2008-2012,862.1298552754421
Slovenia,Social Sciences,2013-2017,806.3509230965099
Solomon Islands,Biology,1973-1977,8.0
Solomon Islands,Biology,1978-1982,13.83333333333333
Solomon Islands,Biology,1983-1987,4.5
Solomon Islands,Biology,1988-1992,4.0
Solomon Islands,Biology,1993-1997,9.533333333333333
Solomon Islands,Biology,1998-2002,18.86666666666665
Solomon Islands,Biology,2003-2007,5.691666666666663
Solomon Islands,Biology,2008-2012,3.799999999999999
Solomon Islands,Biology,2013-2017,6.132272302860533
Solomon Islands,Biomedical Research,1988-1992,0.916666666666666
Solomon Islands,Biomedical Research,1993-1997,0.5
Solomon Islands,Biomedical Research,1998-2002,1.142857142857142
Solomon Islands,Biomedical Research,2003-2007,0.111111111111111
Solomon Islands,Biomedical Research,2008-2012,0.5833333333333319
Solomon Islands,Biomedical Research,2013-2017,3.8490601503759354
Solomon Islands,Chemistry,1988-1992,0.5
Solomon Islands,Chemistry,2003-2007,0.333333333333333
Solomon Islands,Clinical Medicine,1973-1977,9.0
Solomon Islands,Clinical Medicine,1978-1982,5.5
Solomon Islands,Clinical Medicine,1983-1987,10.666666666666666
Solomon Islands,Clinical Medicine,1988-1992,7.535714285714284
Solomon Islands,Clinical Medicine,1993-1997,6.866666666666666
Solomon Islands,Clinical Medicine,1998-2002,3.15238095238095
Solomon Islands,Clinical Medicine,2003-2007,4.516666666666665
Solomon Islands,Clinical Medicine,2008-2012,6.575396825396816
Solomon Islands,Clinical Medicine,2013-2017,13.446298288458083
Solomon Islands,Earth and Space,1973-1977,2.5
Solomon Islands,Earth and Space,1978-1982,0.5
Solomon Islands,Earth and Space,1983-1987,1.0
Solomon Islands,Earth and Space,1988-1992,1.833333333333333
Solomon Islands,Earth and Space,1993-1997,0.2
Solomon Islands,Earth and Space,1998-2002,2.325
Solomon Islands,Earth and Space,2003-2007,2.5347222222222214
Solomon Islands,Earth and Space,2008-2012,2.616666666666665
Solomon Islands,Earth and Space,2013-2017,3.1780020703933722
Solomon Islands,Engineering and Technology,1978-1982,1.0
Solomon Islands,Engineering and Technology,1983-1987,1.0
Solomon Islands,Engineering and Technology,1998-2002,0.333333333333333
Solomon Islands,Engineering and Technology,2003-2007,0.25
Solomon Islands,Health,1978-1982,1.0
Solomon Islands,Health,1988-1992,1.0
Solomon Islands,Health,2003-2007,0.25
Solomon Islands,Health,2008-2012,2.352380952380945
Solomon Islands,Health,2013-2017,2.873266499582286
Solomon Islands,Humanities,2003-2007,1.0
Solomon Islands,Professional Fields,1988-1992,3.0
Solomon Islands,Professional Fields,1998-2002,0.5
Solomon Islands,Professional Fields,2003-2007,0.583333333333333
Solomon Islands,Professional Fields,2008-2012,1.583333333333333
Solomon Islands,Professional Fields,2013-2017,3.259523809523807
Solomon Islands,Psychology,2008-2012,0.5
Solomon Islands,Social Sciences,1978-1982,2.0
Solomon Islands,Social Sciences,1983-1987,0.5
Solomon Islands,Social Sciences,1993-1997,1.25
Solomon Islands,Social Sciences,1998-2002,0.25
Solomon Islands,Social Sciences,2003-2007,0.5
Solomon Islands,Social Sciences,2008-2012,3.674242424242424
Solomon Islands,Social Sciences,2013-2017,2.127286967418543
Somalia,Biology,1973-1977,1.0
Somalia,Biology,1978-1982,10.333333333333332
Somalia,Biology,1983-1987,6.749999999999999
Somalia,Biology,1988-1992,15.333333333333329
Somalia,Biology,1993-1997,0.75
Somalia,Biology,2003-2007,0.25
Somalia,Biology,2008-2012,0.5
Somalia,Biology,2013-2017,0.583333333333333
Somalia,Biomedical Research,1973-1977,0.5
Somalia,Biomedical Research,1978-1982,0.333333333333333
Somalia,Biomedical Research,1983-1987,2.476190476190475
Somalia,Biomedical Research,1988-1992,2.333333333333333
Somalia,Biomedical Research,1993-1997,0.749999999999999
Somalia,Biomedical Research,1998-2002,1.0
Somalia,Biomedical Research,2008-2012,0.0909090909090909
Somalia,Biomedical Research,2013-2017,0.896825396825395
Somalia,Chemistry,1978-1982,0.333333333333333
Somalia,Chemistry,1983-1987,1.999999999999999
Somalia,Chemistry,1988-1992,4.749999999999999
Somalia,Chemistry,1993-1997,1.166666666666666
Somalia,Chemistry,2013-2017,0.2
Somalia,Clinical Medicine,1973-1977,2.666666666666666
Somalia,Clinical Medicine,1978-1982,10.833333333333329
Somalia,Clinical Medicine,1983-1987,14.266666666666662
Somalia,Clinical Medicine,1988-1992,22.2833333333333
Somalia,Clinical Medicine,1993-1997,5.666666666666658
Somalia,Clinical Medicine,1998-2002,0.8
Somalia,Clinical Medicine,2003-2007,1.033333333333333
Somalia,Clinical Medicine,2008-2012,3.0857142857142827
Somalia,Clinical Medicine,2013-2017,7.110196230859965
Somalia,Earth and Space,1978-1982,0.333333333333333
Somalia,Earth and Space,1988-1992,0.2575757575757569
Somalia,Earth and Space,2013-2017,1.615591397849462
Somalia,Engineering and Technology,1978-1982,0.25
Somalia,Engineering and Technology,1983-1987,0.5
Somalia,Engineering and Technology,1988-1992,1.5
Somalia,Health,1993-1997,0.75
Somalia,Health,2003-2007,0.5
Somalia,Health,2008-2012,0.2
Somalia,Health,2013-2017,5.628571428571419
Somalia,Humanities,1983-1987,1.0
Somalia,Physics,1983-1987,0.5
Somalia,Professional Fields,1978-1982,2.0
Somalia,Professional Fields,2013-2017,0.666666666666666
Somalia,Social Sciences,1978-1982,0.5
Somalia,Social Sciences,1983-1987,2.0
Somalia,Social Sciences,1988-1992,0.5
Somalia,Social Sciences,2008-2012,1.0
Somalia,Social Sciences,2013-2017,1.466666666666666
South Africa,Arts,1973-1977,11.0
South Africa,Arts,1978-1982,9.5
South Africa,Arts,1983-1987,16.0
South Africa,Arts,1988-1992,16.0
South Africa,Arts,1993-1997,25.5
South Africa,Arts,1998-2002,33.5
South Africa,Arts,2003-2007,64.83333333333333
South Africa,Arts,2008-2012,95.08333333333329
South Africa,Arts,2013-2017,117.06666666666642
South Africa,Biology,1973-1977,645.2833333333332
South Africa,Biology,1978-1982,1580.3499999999992
South Africa,Biology,1983-1987,2552.383333333329
South Africa,Biology,1988-1992,3444.2928571428506
South Africa,Biology,1993-1997,3246.250568086877
South Africa,Biology,1998-2002,3228.77063492063
South Africa,Biology,2003-2007,3604.209558802044
South Africa,Biology,2008-2012,4878.739999118429
South Africa,Biology,2013-2017,6192.465017343469
South Africa,Biomedical Research,1973-1977,800.6921568627445
South Africa,Biomedical Research,1978-1982,1018.8329725829714
South Africa,Biomedical Research,1983-1987,1389.5375882889016
South Africa,Biomedical Research,1988-1992,1721.023009180359
South Africa,Biomedical Research,1993-1997,1660.825084431202
South Africa,Biomedical Research,1998-2002,1634.2350189984747
South Africa,Biomedical Research,2003-2007,1855.4885046224613
South Africa,Biomedical Research,2008-2012,2922.007733710174
South Africa,Biomedical Research,2013-2017,4064.229127358676
South Africa,Chemistry,1973-1977,952.666666666666
South Africa,Chemistry,1978-1982,916.216666666666
South Africa,Chemistry,1983-1987,1132.016666666666
South Africa,Chemistry,1988-1992,1258.183333333332
South Africa,Chemistry,1993-1997,1211.9166666666654
South Africa,Chemistry,1998-2002,1106.1888278388265
South Africa,Chemistry,2003-2007,1530.682790309103
South Africa,Chemistry,2008-2012,2393.1493145743107
South Africa,Chemistry,2013-2017,3129.0507686757633
South Africa,Clinical Medicine,1973-1977,3443.877380952377
South Africa,Clinical Medicine,1978-1982,4418.71275613275
South Africa,Clinical Medicine,1983-1987,5170.302595503904
South Africa,Clinical Medicine,1988-1992,4778.324909959416
South Africa,Clinical Medicine,1993-1997,3982.880162871081
South Africa,Clinical Medicine,1998-2002,3720.874126452804
South Africa,Clinical Medicine,2003-2007,3685.0972817553215
South Africa,Clinical Medicine,2008-2012,5613.791999508717
South Africa,Clinical Medicine,2013-2017,7171.408572548409
South Africa,Earth and Space,1973-1977,462.42619047618973
South Africa,Earth and Space,1978-1982,685.778968253967
South Africa,Earth and Space,1983-1987,916.922619047618
South Africa,Earth and Space,1988-1992,1095.913321727291
South Africa,Earth and Space,1993-1997,1294.8544391529497
South Africa,Earth and Space,1998-2002,1350.0059080636868
South Africa,Earth and Space,2003-2007,1551.7953921123544
South Africa,Earth and Space,2008-2012,1984.440374392067
South Africa,Earth and Space,2013-2017,3213.242395155752
South Africa,Engineering and Technology,1973-1977,406.49999999999983
South Africa,Engineering and Technology,1978-1982,709.2499999999998
South Africa,Engineering and Technology,1983-1987,817.3333333333326
South Africa,Engineering and Technology,1988-1992,1034.2649572649566
South Africa,Engineering and Technology,1993-1997,1198.7253968253954
South Africa,Engineering and Technology,1998-2002,1225.635714285712
South Africa,Engineering and Technology,2003-2007,1663.030383022772
South Africa,Engineering and Technology,2008-2012,2500.1793533472783
South Africa,Engineering and Technology,2013-2017,4100.166086314337
South Africa,Health,1973-1977,4.0
South Africa,Health,1978-1982,15.0
South Africa,Health,1983-1987,32.96666666666667
South Africa,Health,1988-1992,58.91666666666665
South Africa,Health,1993-1997,91.79285714285712
South Africa,Health,1998-2002,198.20865079365046
South Africa,Health,2003-2007,347.2641899662699
South Africa,Health,2008-2012,859.3875262594283
South Africa,Health,2013-2017,1516.5898371507603
South Africa,Humanities,1973-1977,53.58333333333333
South Africa,Humanities,1978-1982,151.0
South Africa,Humanities,1983-1987,364.090909090909
South Africa,Humanities,1988-1992,468.0
South Africa,Humanities,1993-1997,523.5
South Africa,Humanities,1998-2002,503.16666666666663
South Africa,Humanities,2003-2007,861.4595238095233
South Africa,Humanities,2008-2012,1781.0619047619011
South Africa,Humanities,2013-2017,2217.644261294257
South Africa,Mathematics,1973-1977,153.83333333333331
South Africa,Mathematics,1978-1982,201.19999999999973
South Africa,Mathematics,1983-1987,288.74999999999966
South Africa,Mathematics,1988-1992,354.36666666666594
South Africa,Mathematics,1993-1997,367.2333333333324
South Africa,Mathematics,1998-2002,428.4833333333323
South Africa,Mathematics,2003-2007,569.8166666666657
South Africa,Mathematics,2008-2012,1068.0554454317585
South Africa,Mathematics,2013-2017,1351.5509230965067
South Africa,Physics,1973-1977,408.49999999999983
South Africa,Physics,1978-1982,505.06666666666626
South Africa,Physics,1983-1987,596.6976449275353
South Africa,Physics,1988-1992,768.7618797868787
South Africa,Physics,1993-1997,830.4563492063479
South Africa,Physics,1998-2002,832.6913829467526
South Africa,Physics,2003-2007,781.9786433809168
South Africa,Physics,2008-2012,1184.4310508542003
South Africa,Physics,2013-2017,1748.8213783780625
South Africa,Professional Fields,1973-1977,49.0
South Africa,Professional Fields,1978-1982,66.33333333333333
South Africa,Professional Fields,1983-1987,141.33333333333306
South Africa,Professional Fields,1988-1992,180.6666666666665
South Africa,Professional Fields,1993-1997,266.5083333333329
South Africa,Professional Fields,1998-2002,265.2154761904756
South Africa,Professional Fields,2003-2007,736.0916666666657
South Africa,Professional Fields,2008-2012,1845.0780525030452
South Africa,Professional Fields,2013-2017,2224.533355036896
South Africa,Psychology,1973-1977,138.7
South Africa,Psychology,1978-1982,150.74999999999997
South Africa,Psychology,1983-1987,155.91666666666663
South Africa,Psychology,1988-1992,181.24999999999994
South Africa,Psychology,1993-1997,373.7166666666664
South Africa,Psychology,1998-2002,399.3580919080917
South Africa,Psychology,2003-2007,404.35961747017575
South Africa,Psychology,2008-2012,817.7068472314166
South Africa,Psychology,2013-2017,1060.1990054189396
South Africa,Social Sciences,1973-1977,247.83333333333331
South Africa,Social Sciences,1978-1982,225.53333333333327
South Africa,Social Sciences,1983-1987,375.6742424242423
South Africa,Social Sciences,1988-1992,474.71666666666647
South Africa,Social Sciences,1993-1997,625.2190476190472
South Africa,Social Sciences,1998-2002,671.967893217892
South Africa,Social Sciences,2003-2007,1100.8097985347968
South Africa,Social Sciences,2008-2012,2399.277674620061
South Africa,Social Sciences,2013-2017,3523.6821112755824
South Korea,Arts,1978-1982,9.0
South Korea,Arts,1983-1987,7.0
South Korea,Arts,1988-1992,2.0
South Korea,Arts,1993-1997,7.0
South Korea,Arts,1998-2002,13.33333333333333
South Korea,Arts,2003-2007,45.49999999999999
South Korea,Arts,2008-2012,290.1999999999998
South Korea,Arts,2013-2017,590.2012210012188
South Korea,Biology,1973-1977,34.41666666666666
South Korea,Biology,1978-1982,44.66666666666664
South Korea,Biology,1983-1987,100.99999999999989
South Korea,Biology,1988-1992,195.16666666666612
South Korea,Biology,1993-1997,598.2095238095226
South Korea,Biology,1998-2002,1759.3423809523747
South Korea,Biology,2003-2007,4684.832791718078
South Korea,Biology,2008-2012,9175.329192381845
South Korea,Biology,2013-2017,11678.512850637826
South Korea,Biomedical Research,1973-1977,19.0
South Korea,Biomedical Research,1978-1982,59.36666666666666
South Korea,Biomedical Research,1983-1987,141.23611111111083
South Korea,Biomedical Research,1988-1992,433.32983405483327
South Korea,Biomedical Research,1993-1997,2736.508074775461
South Korea,Biomedical Research,1998-2002,6619.74062352679
South Korea,Biomedical Research,2003-2007,11726.685686941199
South Korea,Biomedical Research,2008-2012,19581.05098391942
South Korea,Biomedical Research,2013-2017,29480.356049211052
South Korea,Chemistry,1973-1977,22.5
South Korea,Chemistry,1978-1982,152.8333333333333
South Korea,Chemistry,1983-1987,808.2333333333316
South Korea,Chemistry,1988-1992,1891.5166666666612
South Korea,Chemistry,1993-1997,5149.5940476190335
South Korea,Chemistry,1998-2002,9948.463528138513
South Korea,Chemistry,2003-2007,13763.654327105622
South Korea,Chemistry,2008-2012,20774.96111111106
South Korea,Chemistry,2013-2017,23966.35020210316
South Korea,Clinical Medicine,1973-1977,30.426190476190456
South Korea,Clinical Medicine,1978-1982,86.33749999999996
South Korea,Clinical Medicine,1983-1987,223.8619047619045
South Korea,Clinical Medicine,1988-1992,740.9539682539672
South Korea,Clinical Medicine,1993-1997,2973.2558144469854
South Korea,Clinical Medicine,1998-2002,10856.925873948232
South Korea,Clinical Medicine,2003-2007,22028.897854767354
South Korea,Clinical Medicine,2008-2012,45492.28162905032
South Korea,Clinical Medicine,2013-2017,61582.73424051925
South Korea,Earth and Space,1973-1977,6.033333333333333
South Korea,Earth and Space,1978-1982,19.666666666666647
South Korea,Earth and Space,1983-1987,57.229166666666636
South Korea,Earth and Space,1988-1992,134.61709956709927
South Korea,Earth and Space,1993-1997,451.57168109668
South Korea,Earth and Space,1998-2002,1355.099539072036
South Korea,Earth and Space,2003-2007,3020.924051730214
South Korea,Earth and Space,2008-2012,4875.736141525531
South Korea,Earth and Space,2013-2017,7886.644891785347
South Korea,Engineering and Technology,1973-1977,25.33333333333332
South Korea,Engineering and Technology,1978-1982,127.69999999999995
South Korea,Engineering and Technology,1983-1987,628.8499999999989
South Korea,Engineering and Technology,1988-1992,2028.1777777777743
South Korea,Engineering and Technology,1993-1997,6209.933333333318
South Korea,Engineering and Technology,1998-2002,15526.079761904739
South Korea,Engineering and Technology,2003-2007,32572.030856039994
South Korea,Engineering and Technology,2008-2012,42742.85154608624
South Korea,Engineering and Technology,2013-2017,62473.284887779264
South Korea,Health,1973-1977,3.666666666666666
South Korea,Health,1978-1982,3.333333333333333
South Korea,Health,1983-1987,0.833333333333333
South Korea,Health,1988-1992,7.25
South Korea,Health,1993-1997,35.10952380952379
South Korea,Health,1998-2002,91.28835978835961
South Korea,Health,2003-2007,346.9272289766963
South Korea,Health,2008-2012,1873.552275910359
South Korea,Health,2013-2017,4112.120095928501
South Korea,Humanities,1973-1977,15.0
South Korea,Humanities,1978-1982,16.0
South Korea,Humanities,1983-1987,11.0
South Korea,Humanities,1988-1992,19.0
South Korea,Humanities,1993-1997,30.999999999999993
South Korea,Humanities,1998-2002,85.66666666666666
South Korea,Humanities,2003-2007,146.08333333333331
South Korea,Humanities,2008-2012,422.09999999999957
South Korea,Humanities,2013-2017,897.1214285714275
South Korea,Mathematics,1973-1977,10.5
South Korea,Mathematics,1978-1982,23.249999999999996
South Korea,Mathematics,1983-1987,84.99999999999999
South Korea,Mathematics,1988-1992,234.0833333333329
South Korea,Mathematics,1993-1997,680.1499999999983
South Korea,Mathematics,1998-2002,1610.9166666666615
South Korea,Mathematics,2003-2007,2649.5309523809447
South Korea,Mathematics,2008-2012,4014.182081807074
South Korea,Mathematics,2013-2017,5238.306540973637
South Korea,Physics,1973-1977,25.533333333333324
South Korea,Physics,1978-1982,151.64999999999972
South Korea,Physics,1983-1987,401.2632819794576
South Korea,Physics,1988-1992,1350.5506371056372
South Korea,Physics,1993-1997,5674.233809494011
South Korea,Physics,1998-2002,12073.049512283991
South Korea,Physics,2003-2007,18614.764397411822
South Korea,Physics,2008-2012,23501.77890917464
South Korea,Physics,2013-2017,20688.178835965628
South Korea,Professional Fields,1973-1977,4.58333333333333
South Korea,Professional Fields,1978-1982,8.5
South Korea,Professional Fields,1983-1987,34.44999999999999
South Korea,Professional Fields,1988-1992,94.7166666666665
South Korea,Professional Fields,1993-1997,276.9266233766232
South Korea,Professional Fields,1998-2002,520.9499999999995
South Korea,Professional Fields,2003-2007,1052.4416666666632
South Korea,Professional Fields,2008-2012,2667.692381396661
South Korea,Professional Fields,2013-2017,4132.385860445291
South Korea,Psychology,1973-1977,1.666666666666666
South Korea,Psychology,1978-1982,4.0
South Korea,Psychology,1983-1987,7.999999999999992
South Korea,Psychology,1988-1992,17.158333333333324
South Korea,Psychology,1993-1997,52.79999999999996
South Korea,Psychology,1998-2002,117.34386724386711
South Korea,Psychology,2003-2007,279.14100275156125
South Korea,Psychology,2008-2012,584.6011754639087
South Korea,Psychology,2013-2017,1269.4696821384557
South Korea,Social Sciences,1973-1977,12.583333333333325
South Korea,Social Sciences,1978-1982,58.58333333333333
South Korea,Social Sciences,1983-1987,67.08333333333326
South Korea,Social Sciences,1988-1992,104.59999999999991
South Korea,Social Sciences,1993-1997,268.1499999999995
South Korea,Social Sciences,1998-2002,560.6499999999996
South Korea,Social Sciences,2003-2007,989.1833333333323
South Korea,Social Sciences,2008-2012,2180.6544011543956
South Korea,Social Sciences,2013-2017,3392.647317252972
South Sudan,Biology,2013-2017,0.166666666666666
South Sudan,Biomedical Research,2013-2017,1.128571428571427
South Sudan,Clinical Medicine,2013-2017,4.891269841269838
South Sudan,Earth and Space,2013-2017,0.5
South Sudan,Engineering and Technology,2013-2017,0.9999999999999989
South Sudan,Health,2013-2017,2.2704517704517633
South Sudan,Physics,2013-2017,0.25
South Sudan,Social Sciences,2013-2017,0.5
Spain,Arts,1973-1977,7.0
Spain,Arts,1978-1982,18.0
Spain,Arts,1983-1987,72.3333333333333
Spain,Arts,1988-1992,158.5
Spain,Arts,1993-1997,150.5
Spain,Arts,1998-2002,185.16666666666663
Spain,Arts,2003-2007,210.28174603174583
Spain,Arts,2008-2012,491.5182539682533
Spain,Arts,2013-2017,763.8312770562734
Spain,Biology,1973-1977,537.1999999999996
Spain,Biology,1978-1982,1345.3999999999992
Spain,Biology,1983-1987,2215.0269230769163
Spain,Biology,1988-1992,4254.612103174593
Spain,Biology,1993-1997,7378.126659451647
Spain,Biology,1998-2002,9676.982352092336
Spain,Biology,2003-2007,13367.885726079976
Spain,Biology,2008-2012,18591.81784903969
Spain,Biology,2013-2017,19111.25280960215
Spain,Biomedical Research,1973-1977,1191.7333333333313
Spain,Biomedical Research,1978-1982,2256.9518217893174
Spain,Biomedical Research,1983-1987,4172.989682539675
Spain,Biomedical Research,1988-1992,6354.816980889356
Spain,Biomedical Research,1993-1997,9048.857841188215
Spain,Biomedical Research,1998-2002,11067.138325990638
Spain,Biomedical Research,2003-2007,13437.20551153482
Spain,Biomedical Research,2008-2012,19191.523251094302
Spain,Biomedical Research,2013-2017,23778.37862770332
Spain,Chemistry,1973-1977,1617.58333333333
Spain,Chemistry,1978-1982,3521.869047619041
Spain,Chemistry,1983-1987,6998.394444444429
Spain,Chemistry,1988-1992,8562.212037037018
Spain,Chemistry,1993-1997,12076.84808802307
Spain,Chemistry,1998-2002,14437.661608274748
Spain,Chemistry,2003-2007,17217.226824704427
Spain,Chemistry,2008-2012,18763.63529723198
Spain,Chemistry,2013-2017,18952.106510794783
Spain,Clinical Medicine,1973-1977,3743.566666666664
Spain,Clinical Medicine,1978-1982,7531.051190476185
Spain,Clinical Medicine,1983-1987,8663.070310245297
Spain,Clinical Medicine,1988-1992,12984.543819222092
Spain,Clinical Medicine,1993-1997,20178.3434039215
Spain,Clinical Medicine,1998-2002,26739.191167867004
Spain,Clinical Medicine,2003-2007,30632.44180952434
Spain,Clinical Medicine,2008-2012,43082.96666468543
Spain,Clinical Medicine,2013-2017,46850.21491590695
Spain,Earth and Space,1973-1977,78.16666666666666
Spain,Earth and Space,1978-1982,230.67222222222173
Spain,Earth and Space,1983-1987,597.8494810744802
Spain,Earth and Space,1988-1992,1773.7508919729464
Spain,Earth and Space,1993-1997,3135.689813352438
Spain,Earth and Space,1998-2002,4601.5128207569605
Spain,Earth and Space,2003-2007,6341.686277710482
Spain,Earth and Space,2008-2012,10621.714897579357
Spain,Earth and Space,2013-2017,13643.21093400663
Spain,Engineering and Technology,1973-1977,207.3333333333333
Spain,Engineering and Technology,1978-1982,385.533333333333
Spain,Engineering and Technology,1983-1987,1039.1333333333323
Spain,Engineering and Technology,1988-1992,2126.9567460317394
Spain,Engineering and Technology,1993-1997,4664.3776307026155
Spain,Engineering and Technology,1998-2002,8721.36419552668
Spain,Engineering and Technology,2003-2007,16045.194825886687
Spain,Engineering and Technology,2008-2012,22558.906708892107
Spain,Engineering and Technology,2013-2017,30362.657291668875
Spain,Health,1973-1977,8.0
Spain,Health,1978-1982,9.0
Spain,Health,1983-1987,18.5
Spain,Health,1988-1992,56.17619047619046
Spain,Health,1993-1997,140.4185897435896
Spain,Health,1998-2002,343.13835445170525
Spain,Health,2003-2007,728.7387726810625
Spain,Health,2008-2012,2118.213506022952
Spain,Health,2013-2017,3172.0636380358474
Spain,Humanities,1973-1977,110.25
Spain,Humanities,1978-1982,254.5
Spain,Humanities,1983-1987,1010.8333333333333
Spain,Humanities,1988-1992,1369.6666666666665
Spain,Humanities,1993-1997,1623.333333333333
Spain,Humanities,1998-2002,1993.2333333333324
Spain,Humanities,2003-2007,1972.5095238095225
Spain,Humanities,2008-2012,4864.534126984116
Spain,Humanities,2013-2017,7044.302035886805
Spain,Mathematics,1973-1977,75.75
Spain,Mathematics,1978-1982,188.8333333333332
Spain,Mathematics,1983-1987,776.0166666666643
Spain,Mathematics,1988-1992,1294.73333333333
Spain,Mathematics,1993-1997,2259.249999999996
Spain,Mathematics,1998-2002,3802.5817460317376
Spain,Mathematics,2003-2007,5170.257215007204
Spain,Mathematics,2008-2012,6826.427831347387
Spain,Mathematics,2013-2017,7030.294947012044
Spain,Physics,1973-1977,702.3249999999989
Spain,Physics,1978-1982,1204.0000933706795
Spain,Physics,1983-1987,2642.455584297785
Spain,Physics,1988-1992,4438.003102374885
Spain,Physics,1993-1997,7631.273646077628
Spain,Physics,1998-2002,9604.195870085754
Spain,Physics,2003-2007,11856.925179854732
Spain,Physics,2008-2012,12972.455249219578
Spain,Physics,2013-2017,11489.051037550367
Spain,Professional Fields,1973-1977,11.0
Spain,Professional Fields,1978-1982,32.833333333333336
Spain,Professional Fields,1983-1987,125.83333333333329
Spain,Professional Fields,1988-1992,197.93333333333294
Spain,Professional Fields,1993-1997,336.75833333333287
Spain,Professional Fields,1998-2002,649.6545329670314
Spain,Professional Fields,2003-2007,1941.5413419913366
Spain,Professional Fields,2008-2012,6766.666071595346
Spain,Professional Fields,2013-2017,8184.175513258821
Spain,Psychology,1973-1977,20.666666666666664
Spain,Psychology,1978-1982,33.36666666666666
Spain,Psychology,1983-1987,121.5833333333333
Spain,Psychology,1988-1992,284.9499999999997
Spain,Psychology,1993-1997,579.7289682539673
Spain,Psychology,1998-2002,735.7368797868783
Spain,Psychology,2003-2007,1490.5186856680584
Spain,Psychology,2008-2012,3434.1342054001284
Spain,Psychology,2013-2017,5036.836794432096
Spain,Social Sciences,1973-1977,54.39999999999999
Spain,Social Sciences,1978-1982,149.20833333333334
Spain,Social Sciences,1983-1987,244.84285714285699
Spain,Social Sciences,1988-1992,387.83333333333275
Spain,Social Sciences,1993-1997,702.132539682539
Spain,Social Sciences,1998-2002,1381.3031135531087
Spain,Social Sciences,2003-2007,2728.003746947492
Spain,Social Sciences,2008-2012,6340.72769216077
Spain,Social Sciences,2013-2017,8232.373307580245
Sri Lanka,Arts,1978-1982,1.0
Sri Lanka,Arts,1993-1997,2.0
Sri Lanka,Arts,2003-2007,2.0
Sri Lanka,Arts,2008-2012,3.0
Sri Lanka,Arts,2013-2017,0.583333333333333
Sri Lanka,Biology,1973-1977,85.6666666666666
Sri Lanka,Biology,1978-1982,166.1666666666666
Sri Lanka,Biology,1983-1987,127.91666666666657
Sri Lanka,Biology,1988-1992,161.66666666666634
Sri Lanka,Biology,1993-1997,128.29999999999976
Sri Lanka,Biology,1998-2002,165.09999999999968
Sri Lanka,Biology,2003-2007,221.4808913308907
Sri Lanka,Biology,2008-2012,206.73414402785062
Sri Lanka,Biology,2013-2017,318.675038211762
Sri Lanka,Biomedical Research,1973-1977,12.833333333333332
Sri Lanka,Biomedical Research,1978-1982,17.849999999999998
Sri Lanka,Biomedical Research,1983-1987,31.783333333333328
Sri Lanka,Biomedical Research,1988-1992,49.083333333333314
Sri Lanka,Biomedical Research,1993-1997,56.64999999999996
Sri Lanka,Biomedical Research,1998-2002,56.735317460317404
Sri Lanka,Biomedical Research,2003-2007,69.89567099567091
Sri Lanka,Biomedical Research,2008-2012,276.637671356421
Sri Lanka,Biomedical Research,2013-2017,327.2617809783684
Sri Lanka,Chemistry,1973-1977,36.83333333333333
Sri Lanka,Chemistry,1978-1982,41.16666666666666
Sri Lanka,Chemistry,1983-1987,42.58333333333332
Sri Lanka,Chemistry,1988-1992,53.08333333333331
Sri Lanka,Chemistry,1993-1997,34.53333333333331
Sri Lanka,Chemistry,1998-2002,44.166666666666636
Sri Lanka,Chemistry,2003-2007,55.94999999999996
Sri Lanka,Chemistry,2008-2012,78.62619047619037
Sri Lanka,Chemistry,2013-2017,127.56511544011504
Sri Lanka,Clinical Medicine,1973-1977,121.12499999999996
Sri Lanka,Clinical Medicine,1978-1982,103.74999999999999
Sri Lanka,Clinical Medicine,1983-1987,108.18333333333328
Sri Lanka,Clinical Medicine,1988-1992,157.44090909090892
Sri Lanka,Clinical Medicine,1993-1997,117.85445845004661
Sri Lanka,Clinical Medicine,1998-2002,167.8839700996677
Sri Lanka,Clinical Medicine,2003-2007,243.38599635658423
Sri Lanka,Clinical Medicine,2008-2012,493.90082558875434
Sri Lanka,Clinical Medicine,2013-2017,629.8655759015802
Sri Lanka,Earth and Space,1973-1977,11.0
Sri Lanka,Earth and Space,1978-1982,26.38333333333333
Sri Lanka,Earth and Space,1983-1987,33.516666666666666
Sri Lanka,Earth and Space,1988-1992,34.33333333333332
Sri Lanka,Earth and Space,1993-1997,28.699999999999985
Sri Lanka,Earth and Space,1998-2002,36.41666666666663
Sri Lanka,Earth and Space,2003-2007,76.18333333333321
Sri Lanka,Earth and Space,2008-2012,124.2275510204078
Sri Lanka,Earth and Space,2013-2017,194.08212787583457
Sri Lanka,Engineering and Technology,1973-1977,12.5
Sri Lanka,Engineering and Technology,1978-1982,14.0
Sri Lanka,Engineering and Technology,1983-1987,21.333333333333332
Sri Lanka,Engineering and Technology,1988-1992,39.66666666666666
Sri Lanka,Engineering and Technology,1993-1997,23.783333333333324
Sri Lanka,Engineering and Technology,1998-2002,25.78333333333332
Sri Lanka,Engineering and Technology,2003-2007,71.69999999999992
Sri Lanka,Engineering and Technology,2008-2012,76.59381499726321
Sri Lanka,Engineering and Technology,2013-2017,178.7336615836141
Sri Lanka,Health,1973-1977,3.0
Sri Lanka,Health,1978-1982,1.5
Sri Lanka,Health,1983-1987,6.0
Sri Lanka,Health,1988-1992,9.0
Sri Lanka,Health,1993-1997,6.66666666666666
Sri Lanka,Health,1998-2002,7.642857142857134
Sri Lanka,Health,2003-2007,15.904761904761886
Sri Lanka,Health,2008-2012,54.6046356421356
Sri Lanka,Health,2013-2017,93.03404761904753
Sri Lanka,Humanities,1973-1977,9.0
Sri Lanka,Humanities,1978-1982,12.0
Sri Lanka,Humanities,1983-1987,12.09090909090909
Sri Lanka,Humanities,1988-1992,6.5
Sri Lanka,Humanities,1993-1997,7.5
Sri Lanka,Humanities,1998-2002,6.0
Sri Lanka,Humanities,2003-2007,3.0
Sri Lanka,Humanities,2008-2012,9.0
Sri Lanka,Humanities,2013-2017,12.180158730158727
Sri Lanka,Mathematics,1973-1977,8.0
Sri Lanka,Mathematics,1978-1982,5.666666666666666
Sri Lanka,Mathematics,1983-1987,10.5
Sri Lanka,Mathematics,1988-1992,7.833333333333333
Sri Lanka,Mathematics,1993-1997,1.5
Sri Lanka,Mathematics,1998-2002,7.5
Sri Lanka,Mathematics,2003-2007,8.11111111111111
Sri Lanka,Mathematics,2008-2012,9.666666666666664
Sri Lanka,Mathematics,2013-2017,23.84999999999998
Sri Lanka,Physics,1973-1977,20.5
Sri Lanka,Physics,1978-1982,25.0
Sri Lanka,Physics,1983-1987,41.5
Sri Lanka,Physics,1988-1992,26.41666666666665
Sri Lanka,Physics,1993-1997,29.56666666666665
Sri Lanka,Physics,1998-2002,40.683333333333266
Sri Lanka,Physics,2003-2007,82.59285714285708
Sri Lanka,Physics,2008-2012,42.5428571428571
Sri Lanka,Physics,2013-2017,70.04001662650577
Sri Lanka,Professional Fields,1973-1977,9.666666666666666
Sri Lanka,Professional Fields,1978-1982,5.0
Sri Lanka,Professional Fields,1983-1987,6.833333333333333
Sri Lanka,Professional Fields,1988-1992,12.5
Sri Lanka,Professional Fields,1993-1997,8.366666666666667
Sri Lanka,Professional Fields,1998-2002,7.583333333333333
Sri Lanka,Professional Fields,2003-2007,12.892857142857142
Sri Lanka,Professional Fields,2008-2012,33.814285714285695
Sri Lanka,Professional Fields,2013-2017,49.239880952380915
Sri Lanka,Psychology,1973-1977,1.5
Sri Lanka,Psychology,1978-1982,3.5
Sri Lanka,Psychology,1983-1987,2.333333333333333
Sri Lanka,Psychology,1988-1992,1.83333333333333
Sri Lanka,Psychology,1998-2002,3.233333333333333
Sri Lanka,Psychology,2003-2007,3.0978260869565215
Sri Lanka,Psychology,2008-2012,9.283515116724054
Sri Lanka,Psychology,2013-2017,6.76071428571428
Sri Lanka,Social Sciences,1973-1977,36.5
Sri Lanka,Social Sciences,1978-1982,38.0
Sri Lanka,Social Sciences,1983-1987,32.83333333333333
Sri Lanka,Social Sciences,1988-1992,30.184523809523803
Sri Lanka,Social Sciences,1993-1997,28.366666666666667
Sri Lanka,Social Sciences,1998-2002,14.249999999999996
Sri Lanka,Social Sciences,2003-2007,33.97097069597068
Sri Lanka,Social Sciences,2008-2012,55.7539682539682
Sri Lanka,Social Sciences,2013-2017,56.465476190476124
St-Lucia,Biology,1973-1977,1.0
St-Lucia,Biology,1988-1992,2.5
St-Lucia,Biology,1993-1997,5.5
St-Lucia,Biology,1998-2002,3.0
St-Lucia,Biology,2003-2007,0.5595238095238083
St-Lucia,Biology,2008-2012,0.6333333333333331
St-Lucia,Biology,2013-2017,1.785714285714285
St-Lucia,Biomedical Research,1988-1992,0.666666666666666
St-Lucia,Biomedical Research,1993-1997,1.4999999999999991
St-Lucia,Biomedical Research,2003-2007,0.47619047619047494
St-Lucia,Biomedical Research,2008-2012,0.25
St-Lucia,Biomedical Research,2013-2017,2.066666666666666
St-Lucia,Chemistry,1993-1997,0.5
St-Lucia,Chemistry,2008-2012,0.0714285714285714
St-Lucia,Chemistry,2013-2017,0.333333333333333
St-Lucia,Clinical Medicine,1973-1977,1.5
St-Lucia,Clinical Medicine,1988-1992,1.16666666666666
St-Lucia,Clinical Medicine,1993-1997,1.4999999999999991
St-Lucia,Clinical Medicine,1998-2002,1.166666666666665
St-Lucia,Clinical Medicine,2003-2007,0.5
St-Lucia,Clinical Medicine,2008-2012,1.892857142857142
St-Lucia,Clinical Medicine,2013-2017,4.701967846091818
St-Lucia,Earth and Space,1988-1992,1.0
St-Lucia,Earth and Space,2013-2017,0.37499999999999956
St-Lucia,Engineering and Technology,2013-2017,0.5
St-Lucia,Health,1993-1997,1.0
St-Lucia,Health,2013-2017,0.666666666666666
St-Lucia,Humanities,1993-1997,1.0
St-Lucia,Humanities,2013-2017,1.0
St-Lucia,Physics,2013-2017,0.2
St-Lucia,Professional Fields,1993-1997,1.0
St-Lucia,Professional Fields,1998-2002,1.0
St-Lucia,Psychology,1993-1997,0.2
St-Lucia,Psychology,2008-2012,0.333333333333333
St-Lucia,Social Sciences,1988-1992,1.0
St-Lucia,Social Sciences,2003-2007,1.0
St-Lucia,Social Sciences,2013-2017,1.25
Sudan,Arts,2013-2017,0.333333333333333
Sudan,Biology,1973-1977,134.0
Sudan,Biology,1978-1982,134.49999999999997
Sudan,Biology,1983-1987,170.66666666666654
Sudan,Biology,1988-1992,112.68333333333325
Sudan,Biology,1993-1997,76.41666666666663
Sudan,Biology,1998-2002,85.1999999999999
Sudan,Biology,2003-2007,78.6666666666666
Sudan,Biology,2008-2012,104.77619047619028
Sudan,Biology,2013-2017,102.80248611682406
Sudan,Biomedical Research,1973-1977,34.949999999999996
Sudan,Biomedical Research,1978-1982,56.333333333333336
Sudan,Biomedical Research,1983-1987,39.674242424242415
Sudan,Biomedical Research,1988-1992,33.91666666666664
Sudan,Biomedical Research,1993-1997,19.63333333333332
Sudan,Biomedical Research,1998-2002,27.841666666666626
Sudan,Biomedical Research,2003-2007,34.74444444444438
Sudan,Biomedical Research,2008-2012,115.37234866741424
Sudan,Biomedical Research,2013-2017,112.52420664131168
Sudan,Chemistry,1973-1977,18.25
Sudan,Chemistry,1978-1982,19.5
Sudan,Chemistry,1983-1987,14.91666666666665
Sudan,Chemistry,1988-1992,13.249999999999991
Sudan,Chemistry,1993-1997,4.166666666666666
Sudan,Chemistry,1998-2002,7.066666666666663
Sudan,Chemistry,2003-2007,7.499999999999998
Sudan,Chemistry,2008-2012,48.383333333333255
Sudan,Chemistry,2013-2017,63.8749999999999
Sudan,Clinical Medicine,1973-1977,151.16666666666663
Sudan,Clinical Medicine,1978-1982,214.37619047619015
Sudan,Clinical Medicine,1983-1987,283.96428571428515
Sudan,Clinical Medicine,1988-1992,232.10247432306204
Sudan,Clinical Medicine,1993-1997,168.57539682539644
Sudan,Clinical Medicine,1998-2002,141.86071428571412
Sudan,Clinical Medicine,2003-2007,196.0931623931622
Sudan,Clinical Medicine,2008-2012,306.9528970895309
Sudan,Clinical Medicine,2013-2017,313.8001171102368
Sudan,Earth and Space,1973-1977,7.5
Sudan,Earth and Space,1978-1982,15.892857142857142
Sudan,Earth and Space,1983-1987,16.283333333333328
Sudan,Earth and Space,1988-1992,21.53333333333333
Sudan,Earth and Space,1993-1997,9.66666666666666
Sudan,Earth and Space,1998-2002,7.166666666666659
Sudan,Earth and Space,2003-2007,12.499999999999995
Sudan,Earth and Space,2008-2012,38.822420634920604
Sudan,Earth and Space,2013-2017,45.83288757650832
Sudan,Engineering and Technology,1973-1977,19.0
Sudan,Engineering and Technology,1978-1982,29.333333333333332
Sudan,Engineering and Technology,1983-1987,13.666666666666666
Sudan,Engineering and Technology,1988-1992,22.099999999999994
Sudan,Engineering and Technology,1993-1997,23.666666666666664
Sudan,Engineering and Technology,1998-2002,14.53333333333333
Sudan,Engineering and Technology,2003-2007,10.833333333333321
Sudan,Engineering and Technology,2008-2012,41.36547619047616
Sudan,Engineering and Technology,2013-2017,84.32142857142843
Sudan,Health,1973-1977,2.0
Sudan,Health,1983-1987,3.0
Sudan,Health,1988-1992,3.666666666666666
Sudan,Health,1993-1997,7.66666666666666
Sudan,Health,1998-2002,1.366666666666666
Sudan,Health,2003-2007,4.149999999999999
Sudan,Health,2008-2012,15.696464646464623
Sudan,Health,2013-2017,39.21950089126552
Sudan,Humanities,1973-1977,2.0
Sudan,Humanities,1978-1982,8.0
Sudan,Humanities,1983-1987,3.0
Sudan,Humanities,1988-1992,3.0
Sudan,Humanities,1993-1997,3.0
Sudan,Humanities,1998-2002,1.0
Sudan,Humanities,2008-2012,2.833333333333333
Sudan,Humanities,2013-2017,3.0
Sudan,Mathematics,1973-1977,7.0
Sudan,Mathematics,1978-1982,11.5
Sudan,Mathematics,1983-1987,11.999999999999996
Sudan,Mathematics,1988-1992,9.0
Sudan,Mathematics,1993-1997,0.333333333333333
Sudan,Mathematics,1998-2002,2.5
Sudan,Mathematics,2003-2007,2.0
Sudan,Mathematics,2008-2012,5.08333333333333
Sudan,Mathematics,2013-2017,10.516666666666636
Sudan,Physics,1973-1977,35.83333333333333
Sudan,Physics,1978-1982,1.833333333333333
Sudan,Physics,1983-1987,7.666666666666666
Sudan,Physics,1988-1992,4.999999999999999
Sudan,Physics,1993-1997,8.533333333333333
Sudan,Physics,1998-2002,10.426190476190468
Sudan,Physics,2003-2007,7.033333333333326
Sudan,Physics,2008-2012,23.242857142857126
Sudan,Physics,2013-2017,34.265476190476136
Sudan,Professional Fields,1973-1977,2.0
Sudan,Professional Fields,1978-1982,5.5
Sudan,Professional Fields,1983-1987,2.5
Sudan,Professional Fields,1988-1992,1.5
Sudan,Professional Fields,1993-1997,1.5
Sudan,Professional Fields,1998-2002,2.5
Sudan,Professional Fields,2003-2007,0.5
Sudan,Professional Fields,2008-2012,7.666666666666666
Sudan,Professional Fields,2013-2017,2.583333333333332
Sudan,Psychology,1978-1982,2.666666666666666
Sudan,Psychology,1983-1987,0.5
Sudan,Psychology,1988-1992,1.0
Sudan,Psychology,1993-1997,1.333333333333333
Sudan,Psychology,2003-2007,1.333333333333333
Sudan,Psychology,2008-2012,2.458333333333333
Sudan,Psychology,2013-2017,0.892857142857142
Sudan,Social Sciences,1973-1977,18.833333333333332
Sudan,Social Sciences,1978-1982,29.5
Sudan,Social Sciences,1983-1987,31.999999999999996
Sudan,Social Sciences,1988-1992,22.366666666666664
Sudan,Social Sciences,1993-1997,5.0
Sudan,Social Sciences,1998-2002,3.0
Sudan,Social Sciences,2003-2007,2.33333333333333
Sudan,Social Sciences,2008-2012,16.81217948717947
Sudan,Social Sciences,2013-2017,16.0345238095238
Suriname,Biology,1973-1977,8.83333333333333
Suriname,Biology,1978-1982,4.5
Suriname,Biology,1983-1987,4.7
Suriname,Biology,1988-1992,5.583333333333323
Suriname,Biology,1993-1997,6.966666666666663
Suriname,Biology,1998-2002,7.483333333333332
Suriname,Biology,2003-2007,6.999999999999992
Suriname,Biology,2008-2012,5.785714285714283
Suriname,Biology,2013-2017,4.608327800424101
Suriname,Biomedical Research,1973-1977,1.166666666666666
Suriname,Biomedical Research,1983-1987,1.0
Suriname,Biomedical Research,1988-1992,0.5769230769230769
Suriname,Biomedical Research,1993-1997,0.5095238095238079
Suriname,Biomedical Research,1998-2002,0.133333333333333
Suriname,Biomedical Research,2003-2007,0.999999999999999
Suriname,Biomedical Research,2008-2012,2.3034090909090907
Suriname,Biomedical Research,2013-2017,5.948520128562902
Suriname,Chemistry,2003-2007,0.9333333333333329
Suriname,Chemistry,2008-2012,0.5
Suriname,Chemistry,2013-2017,0.666666666666666
Suriname,Clinical Medicine,1973-1977,5.583333333333329
Suriname,Clinical Medicine,1978-1982,10.666666666666659
Suriname,Clinical Medicine,1983-1987,3.666666666666666
Suriname,Clinical Medicine,1988-1992,7.333333333333325
Suriname,Clinical Medicine,1993-1997,3.399999999999999
Suriname,Clinical Medicine,1998-2002,6.714285714285708
Suriname,Clinical Medicine,2003-2007,7.97738095238095
Suriname,Clinical Medicine,2008-2012,7.423015873015862
Suriname,Clinical Medicine,2013-2017,23.606647150122726
Suriname,Earth and Space,1973-1977,2.33333333333333
Suriname,Earth and Space,1978-1982,0.25
Suriname,Earth and Space,1998-2002,0.5
Suriname,Earth and Space,2003-2007,3.899999999999999
Suriname,Earth and Space,2008-2012,2.375
Suriname,Earth and Space,2013-2017,7.923362396341924
Suriname,Engineering and Technology,1978-1982,1.5
Suriname,Engineering and Technology,1993-1997,0.5
Suriname,Engineering and Technology,2008-2012,1.333333333333333
Suriname,Engineering and Technology,2013-2017,2.866666666666666
Suriname,Health,1998-2002,1.616666666666666
Suriname,Health,2008-2012,0.111111111111111
Suriname,Health,2013-2017,3.7575757575757534
Suriname,Humanities,2013-2017,1.0
Suriname,Mathematics,2008-2012,1.5
Suriname,Mathematics,2013-2017,0.333333333333333
Suriname,Physics,2008-2012,0.333333333333333
Suriname,Physics,2013-2017,0.833333333333333
Suriname,Professional Fields,2013-2017,1.649999999999999
Suriname,Psychology,2003-2007,0.75
Suriname,Psychology,2008-2012,0.25
Suriname,Psychology,2013-2017,0.25
Suriname,Social Sciences,1978-1982,0.5
Suriname,Social Sciences,1988-1992,0.5
Suriname,Social Sciences,2013-2017,3.735714285714285
Swaziland,Arts,2013-2017,0.5
Swaziland,Biology,1973-1977,3.833333333333333
Swaziland,Biology,1978-1982,9.499999999999993
Swaziland,Biology,1983-1987,8.33333333333333
Swaziland,Biology,1988-1992,8.427777777777772
Swaziland,Biology,1993-1997,10.75
Swaziland,Biology,1998-2002,10.583333333333332
Swaziland,Biology,2003-2007,17.083333333333332
Swaziland,Biology,2008-2012,34.961782661782614
Swaziland,Biology,2013-2017,15.72234791352435
Swaziland,Biomedical Research,1978-1982,1.0
Swaziland,Biomedical Research,1983-1987,0.333333333333333
Swaziland,Biomedical Research,1988-1992,2.333333333333333
Swaziland,Biomedical Research,1993-1997,3.0
Swaziland,Biomedical Research,1998-2002,1.0
Swaziland,Biomedical Research,2003-2007,1.58333333333333
Swaziland,Biomedical Research,2008-2012,4.850432900432898
Swaziland,Biomedical Research,2013-2017,9.997853535353512
Swaziland,Chemistry,1973-1977,1.0
Swaziland,Chemistry,1988-1992,3.833333333333333
Swaziland,Chemistry,1998-2002,2.0
Swaziland,Chemistry,2003-2007,2.333333333333333
Swaziland,Chemistry,2008-2012,3.6666666666666647
Swaziland,Chemistry,2013-2017,2.616666666666665
Swaziland,Clinical Medicine,1973-1977,1.0
Swaziland,Clinical Medicine,1978-1982,1.283333333333333
Swaziland,Clinical Medicine,1983-1987,6.166666666666666
Swaziland,Clinical Medicine,1988-1992,8.06111111111111
Swaziland,Clinical Medicine,1993-1997,3.75
Swaziland,Clinical Medicine,1998-2002,2.813034188034188
Swaziland,Clinical Medicine,2003-2007,4.267460317460313
Swaziland,Clinical Medicine,2008-2012,10.240079365079358
Swaziland,Clinical Medicine,2013-2017,22.52295655733153
Swaziland,Earth and Space,1978-1982,1.2
Swaziland,Earth and Space,1983-1987,1.0
Swaziland,Earth and Space,1988-1992,2.0
Swaziland,Earth and Space,1993-1997,1.0
Swaziland,Earth and Space,1998-2002,3.499999999999999
Swaziland,Earth and Space,2003-2007,7.749999999999993
Swaziland,Earth and Space,2008-2012,10.16666666666666
Swaziland,Earth and Space,2013-2017,3.5706349206349133
Swaziland,Engineering and Technology,1983-1987,1.0
Swaziland,Engineering and Technology,1993-1997,3.5
Swaziland,Engineering and Technology,1998-2002,1.0
Swaziland,Engineering and Technology,2003-2007,2.333333333333332
Swaziland,Engineering and Technology,2008-2012,5.333333333333332
Swaziland,Engineering and Technology,2013-2017,3.066666666666666
Swaziland,Health,1978-1982,1.0
Swaziland,Health,1983-1987,1.125
Swaziland,Health,1993-1997,1.0
Swaziland,Health,1998-2002,1.583333333333333
Swaziland,Health,2003-2007,2.90238095238095
Swaziland,Health,2008-2012,6.9302669552669425
Swaziland,Health,2013-2017,14.54699883449883
Swaziland,Humanities,1973-1977,1.0
Swaziland,Humanities,1978-1982,4.0
Swaziland,Humanities,1983-1987,7.0
Swaziland,Humanities,1988-1992,3.0
Swaziland,Humanities,1993-1997,2.0
Swaziland,Humanities,1998-2002,4.0
Swaziland,Humanities,2008-2012,0.5
Swaziland,Humanities,2013-2017,6.0
Swaziland,Mathematics,1993-1997,2.5
Swaziland,Mathematics,1998-2002,5.333333333333333
Swaziland,Mathematics,2003-2007,3.333333333333333
Swaziland,Mathematics,2008-2012,4.833333333333322
Swaziland,Mathematics,2013-2017,3.416666666666666
Swaziland,Physics,1973-1977,0.5
Swaziland,Physics,1988-1992,1.0
Swaziland,Physics,1993-1997,7.0
Swaziland,Physics,1998-2002,4.1666666666666625
Swaziland,Physics,2003-2007,0.5
Swaziland,Physics,2008-2012,1.666666666666666
Swaziland,Physics,2013-2017,2.791666666666665
Swaziland,Professional Fields,1973-1977,1.0
Swaziland,Professional Fields,1988-1992,0.5
Swaziland,Professional Fields,1993-1997,0.5
Swaziland,Professional Fields,1998-2002,4.833333333333333
Swaziland,Professional Fields,2008-2012,4.0
Swaziland,Professional Fields,2013-2017,3.28333333333333
Swaziland,Psychology,1973-1977,1.0
Swaziland,Psychology,1978-1982,1.0
Swaziland,Psychology,1983-1987,1.0
Swaziland,Psychology,1998-2002,0.842857142857142
Swaziland,Psychology,2003-2007,0.0144927536231884
Swaziland,Psychology,2008-2012,0.5
Swaziland,Psychology,2013-2017,3.583333333333333
Swaziland,Social Sciences,1973-1977,3.0
Swaziland,Social Sciences,1978-1982,5.5
Swaziland,Social Sciences,1983-1987,7.5
Swaziland,Social Sciences,1988-1992,9.0
Swaziland,Social Sciences,1993-1997,3.5
Swaziland,Social Sciences,1998-2002,2.5
Swaziland,Social Sciences,2003-2007,3.0
Swaziland,Social Sciences,2008-2012,4.749999999999999
Swaziland,Social Sciences,2013-2017,4.333333333333333
Sweden,Arts,1973-1977,11.16666666666666
Sweden,Arts,1978-1982,60.16666666666656
Sweden,Arts,1983-1987,70.0
Sweden,Arts,1988-1992,68.0
Sweden,Arts,1993-1997,55.0
Sweden,Arts,1998-2002,90.75
Sweden,Arts,2003-2007,84.11111111111101
Sweden,Arts,2008-2012,153.72142857142825
Sweden,Arts,2013-2017,196.258333333333
Sweden,Biology,1973-1977,959.3333333333328
Sweden,Biology,1978-1982,1742.735714285712
Sweden,Biology,1983-1987,2446.69096638655
Sweden,Biology,1988-1992,3288.2261294261193
Sweden,Biology,1993-1997,3770.0912770562654
Sweden,Biology,1998-2002,4184.239080822273
Sweden,Biology,2003-2007,4250.422990363733
Sweden,Biology,2008-2012,4238.310451475643
Sweden,Biology,2013-2017,4333.711423346048
Sweden,Biomedical Research,1973-1977,4496.636204481783
Sweden,Biomedical Research,1978-1982,5088.600058987549
Sweden,Biomedical Research,1983-1987,6314.217950519253
Sweden,Biomedical Research,1988-1992,7197.69636902085
Sweden,Biomedical Research,1993-1997,7798.018745967105
Sweden,Biomedical Research,1998-2002,8333.918035447423
Sweden,Biomedical Research,2003-2007,8327.94047140851
Sweden,Biomedical Research,2008-2012,8598.379430293624
Sweden,Biomedical Research,2013-2017,10545.326585235704
Sweden,Chemistry,1973-1977,2566.654761904754
Sweden,Chemistry,1978-1982,2617.5999999999913
Sweden,Chemistry,1983-1987,2848.8690476190372
Sweden,Chemistry,1988-1992,3160.5692719116546
Sweden,Chemistry,1993-1997,4006.2790043289906
Sweden,Chemistry,1998-2002,4326.525036075025
Sweden,Chemistry,2003-2007,4695.463336404771
Sweden,Chemistry,2008-2012,4097.166906241895
Sweden,Chemistry,2013-2017,4564.282483891232
Sweden,Clinical Medicine,1973-1977,11341.91898656896
Sweden,Clinical Medicine,1978-1982,15253.787907925373
Sweden,Clinical Medicine,1983-1987,19683.433678163896
Sweden,Clinical Medicine,1988-1992,20758.79602418416
Sweden,Clinical Medicine,1993-1997,22173.38932311447
Sweden,Clinical Medicine,1998-2002,22089.18639309731
Sweden,Clinical Medicine,2003-2007,20759.272990244306
Sweden,Clinical Medicine,2008-2012,21515.68714163161
Sweden,Clinical Medicine,2013-2017,22965.019482890893
Sweden,Earth and Space,1973-1977,436.13849206349136
Sweden,Earth and Space,1978-1982,706.445779220778
Sweden,Earth and Space,1983-1987,1270.0107503607492
Sweden,Earth and Space,1988-1992,1593.2662104850683
Sweden,Earth and Space,1993-1997,2211.060722239485
Sweden,Earth and Space,1998-2002,2576.246749900994
Sweden,Earth and Space,2003-2007,2935.4790714208134
Sweden,Earth and Space,2008-2012,3445.1395800476066
Sweden,Earth and Space,2013-2017,4690.93989926569
Sweden,Engineering and Technology,1973-1977,1214.5595238095232
Sweden,Engineering and Technology,1978-1982,1838.7611111111084
Sweden,Engineering and Technology,1983-1987,2056.216666666664
Sweden,Engineering and Technology,1988-1992,2498.2693833943767
Sweden,Engineering and Technology,1993-1997,3739.747727606284
Sweden,Engineering and Technology,1998-2002,5360.814971548047
Sweden,Engineering and Technology,2003-2007,6509.038131383156
Sweden,Engineering and Technology,2008-2012,7052.967140564389
Sweden,Engineering and Technology,2013-2017,10293.658724529223
Sweden,Health,1973-1977,104.33333333333319
Sweden,Health,1978-1982,169.06666666666666
Sweden,Health,1983-1987,186.44999999999987
Sweden,Health,1988-1992,378.6575163398687
Sweden,Health,1993-1997,776.5558524808511
Sweden,Health,1998-2002,1292.1063337490934
Sweden,Health,2003-2007,2013.46906994097
Sweden,Health,2008-2012,3399.384132731339
Sweden,Health,2013-2017,4191.571130960175
Sweden,Humanities,1973-1977,64.0
Sweden,Humanities,1978-1982,114.80952380952377
Sweden,Humanities,1983-1987,220.25
Sweden,Humanities,1988-1992,215.1666666666666
Sweden,Humanities,1993-1997,277.1666666666667
Sweden,Humanities,1998-2002,360.3333333333333
Sweden,Humanities,2003-2007,368.733333333333
Sweden,Humanities,2008-2012,957.0595238095231
Sweden,Humanities,2013-2017,1446.5892857142833
Sweden,Mathematics,1973-1977,328.08333333333275
Sweden,Mathematics,1978-1982,389.233333333333
Sweden,Mathematics,1983-1987,527.5833333333326
Sweden,Mathematics,1988-1992,561.716666666666
Sweden,Mathematics,1993-1997,797.2416666666655
Sweden,Mathematics,1998-2002,1045.5650793650782
Sweden,Mathematics,2003-2007,1334.849206349202
Sweden,Mathematics,2008-2012,1569.490314757702
Sweden,Mathematics,2013-2017,1672.7935609409674
Sweden,Physics,1973-1977,1708.32229437229
Sweden,Physics,1978-1982,1915.2627917833759
Sweden,Physics,1983-1987,2580.786317135864
Sweden,Physics,1988-1992,3286.847548802102
Sweden,Physics,1993-1997,4857.357764444324
Sweden,Physics,1998-2002,5448.958738264796
Sweden,Physics,2003-2007,5389.190662952498
Sweden,Physics,2008-2012,4813.476891729512
Sweden,Physics,2013-2017,4615.472855678656
Sweden,Professional Fields,1973-1977,136.5333333333332
Sweden,Professional Fields,1978-1982,182.58333333333326
Sweden,Professional Fields,1983-1987,264.86666666666645
Sweden,Professional Fields,1988-1992,259.84285714285676
Sweden,Professional Fields,1993-1997,490.96666666666624
Sweden,Professional Fields,1998-2002,575.7872710622704
Sweden,Professional Fields,2003-2007,972.0869047619019
Sweden,Professional Fields,2008-2012,2159.2657331832193
Sweden,Professional Fields,2013-2017,3080.673642652193
Sweden,Psychology,1973-1977,408.4999999999998
Sweden,Psychology,1978-1982,469.54999999999967
Sweden,Psychology,1983-1987,517.1785714285706
Sweden,Psychology,1988-1992,610.4040404040393
Sweden,Psychology,1993-1997,844.8666666666653
Sweden,Psychology,1998-2002,943.0460067710046
Sweden,Psychology,2003-2007,1126.9887712528996
Sweden,Psychology,2008-2012,1300.8898641992662
Sweden,Psychology,2013-2017,1791.3077432591115
Sweden,Social Sciences,1973-1977,388.74999999999994
Sweden,Social Sciences,1978-1982,519.0416666666666
Sweden,Social Sciences,1983-1987,709.3333333333328
Sweden,Social Sciences,1988-1992,770.8632275132268
Sweden,Social Sciences,1993-1997,936.5141955266947
Sweden,Social Sciences,1998-2002,1209.6067460317436
Sweden,Social Sciences,2003-2007,1651.9932844932798
Sweden,Social Sciences,2008-2012,3058.2393464378697
Sweden,Social Sciences,2013-2017,4132.494280211115
Switzerland,Arts,1973-1977,22.5
Switzerland,Arts,1978-1982,71.5
Switzerland,Arts,1983-1987,87.91666666666663
Switzerland,Arts,1988-1992,58.83333333333333
Switzerland,Arts,1993-1997,80.0
Switzerland,Arts,1998-2002,125.25
Switzerland,Arts,2003-2007,90.9999999999999
Switzerland,Arts,2008-2012,221.5361111111105
Switzerland,Arts,2013-2017,254.2714664562487
Switzerland,Biology,1973-1977,501.58333333333303
Switzerland,Biology,1978-1982,1314.0761904761896
Switzerland,Biology,1983-1987,1376.8935897435852
Switzerland,Biology,1988-1992,1585.6047979797918
Switzerland,Biology,1993-1997,2110.3048663324926
Switzerland,Biology,1998-2002,2644.342217896477
Switzerland,Biology,2003-2007,3189.58865900496
Switzerland,Biology,2008-2012,4097.296194237608
Switzerland,Biology,2013-2017,4161.146627698672
Switzerland,Biomedical Research,1973-1977,2712.3578102453052
Switzerland,Biomedical Research,1978-1982,3646.5504731379656
Switzerland,Biomedical Research,1983-1987,4505.5890617552295
Switzerland,Biomedical Research,1988-1992,5430.237611432841
Switzerland,Biomedical Research,1993-1997,6911.308294029279
Switzerland,Biomedical Research,1998-2002,7217.001438019381
Switzerland,Biomedical Research,2003-2007,7365.227780080331
Switzerland,Biomedical Research,2008-2012,8758.782249966636
Switzerland,Biomedical Research,2013-2017,11678.768399373981
Switzerland,Chemistry,1973-1977,3084.3499999999963
Switzerland,Chemistry,1978-1982,3135.4499999999953
Switzerland,Chemistry,1983-1987,3137.2357142857068
Switzerland,Chemistry,1988-1992,3646.8675074924977
Switzerland,Chemistry,1993-1997,4835.147691197679
Switzerland,Chemistry,1998-2002,5429.4668151293035
Switzerland,Chemistry,2003-2007,5915.8048842575035
Switzerland,Chemistry,2008-2012,6123.445922438404
Switzerland,Chemistry,2013-2017,6388.491858300448
Switzerland,Clinical Medicine,1973-1977,9261.854148629132
Switzerland,Clinical Medicine,1978-1982,11994.525610500588
Switzerland,Clinical Medicine,1983-1987,12411.121035397331
Switzerland,Clinical Medicine,1988-1992,13136.769258044582
Switzerland,Clinical Medicine,1993-1997,15000.92392417061
Switzerland,Clinical Medicine,1998-2002,16617.72332436548
Switzerland,Clinical Medicine,2003-2007,17673.43361265484
Switzerland,Clinical Medicine,2008-2012,21379.106575793576
Switzerland,Clinical Medicine,2013-2017,23640.375710654087
Switzerland,Earth and Space,1973-1977,344.7833333333326
Switzerland,Earth and Space,1978-1982,721.2591991341981
Switzerland,Earth and Space,1983-1987,1086.5948523698512
Switzerland,Earth and Space,1988-1992,1274.5901515151497
Switzerland,Earth and Space,1993-1997,1981.4621354501323
Switzerland,Earth and Space,1998-2002,2598.604918024373
Switzerland,Earth and Space,2003-2007,3483.3811457062766
Switzerland,Earth and Space,2008-2012,4631.346779622508
Switzerland,Earth and Space,2013-2017,5896.463604935457
Switzerland,Engineering and Technology,1973-1977,1547.499999999997
Switzerland,Engineering and Technology,1978-1982,2058.6277777777736
Switzerland,Engineering and Technology,1983-1987,2271.683730158725
Switzerland,Engineering and Technology,1988-1992,2161.1479463347073
Switzerland,Engineering and Technology,1993-1997,2887.2161911617713
Switzerland,Engineering and Technology,1998-2002,3843.952172344553
Switzerland,Engineering and Technology,2003-2007,5635.961275539547
Switzerland,Engineering and Technology,2008-2012,6625.288682450954
Switzerland,Engineering and Technology,2013-2017,8624.619927477583
Switzerland,Health,1973-1977,172.41666666666666
Switzerland,Health,1978-1982,484.70238095238096
Switzerland,Health,1983-1987,396.25
Switzerland,Health,1988-1992,166.97499999999997
Switzerland,Health,1993-1997,294.2150904650904
Switzerland,Health,1998-2002,385.31256151256116
Switzerland,Health,2003-2007,536.8662010340507
Switzerland,Health,2008-2012,1066.8341931398704
Switzerland,Health,2013-2017,1638.2461443447162
Switzerland,Humanities,1973-1977,115.91666666666666
Switzerland,Humanities,1978-1982,248.16666666666663
Switzerland,Humanities,1983-1987,403.9999999999999
Switzerland,Humanities,1988-1992,436.9999999999999
Switzerland,Humanities,1993-1997,434.4999999999999
Switzerland,Humanities,1998-2002,530.6166666666666
Switzerland,Humanities,2003-2007,496.9761904761902
Switzerland,Humanities,2008-2012,926.2964757464749
Switzerland,Humanities,2013-2017,1297.1091808589238
Switzerland,Mathematics,1973-1977,420.4166666666664
Switzerland,Mathematics,1978-1982,397.4833333333329
Switzerland,Mathematics,1983-1987,549.8833333333324
Switzerland,Mathematics,1988-1992,548.7999999999992
Switzerland,Mathematics,1993-1997,754.2698051948042
Switzerland,Mathematics,1998-2002,860.9674603174594
Switzerland,Mathematics,2003-2007,1138.600829725827
Switzerland,Mathematics,2008-2012,1583.3013332112116
Switzerland,Mathematics,2013-2017,2207.3905658568037
Switzerland,Physics,1973-1977,2845.1609519565345
Switzerland,Physics,1978-1982,3656.1398776060455
Switzerland,Physics,1983-1987,4414.727705904244
Switzerland,Physics,1988-1992,5180.39286478156
Switzerland,Physics,1993-1997,6493.964039931847
Switzerland,Physics,1998-2002,6308.449900614676
Switzerland,Physics,2003-2007,6636.574664263957
Switzerland,Physics,2008-2012,6276.704868536667
Switzerland,Physics,2013-2017,6543.067272893412
Switzerland,Professional Fields,1973-1977,177.42424242424235
Switzerland,Professional Fields,1978-1982,228.6666666666664
Switzerland,Professional Fields,1983-1987,188.49999999999991
Switzerland,Professional Fields,1988-1992,197.41666666666634
Switzerland,Professional Fields,1993-1997,243.84999999999945
Switzerland,Professional Fields,1998-2002,301.893223443223
Switzerland,Professional Fields,2003-2007,578.580158730158
Switzerland,Professional Fields,2008-2012,1382.2187153042987
Switzerland,Professional Fields,2013-2017,1794.220176904119
Switzerland,Psychology,1973-1977,239.7833333333333
Switzerland,Psychology,1978-1982,283.5666666666666
Switzerland,Psychology,1983-1987,352.0409090909089
Switzerland,Psychology,1988-1992,398.0249999999995
Switzerland,Psychology,1993-1997,470.3009670884661
Switzerland,Psychology,1998-2002,557.2293040293029
Switzerland,Psychology,2003-2007,817.4053818365273
Switzerland,Psychology,2008-2012,1584.3117805350146
Switzerland,Psychology,2013-2017,2037.0563257440044
Switzerland,Social Sciences,1973-1977,421.89999999999986
Switzerland,Social Sciences,1978-1982,650.2873015873014
Switzerland,Social Sciences,1983-1987,595.7249999999996
Switzerland,Social Sciences,1988-1992,559.8870370370364
Switzerland,Social Sciences,1993-1997,614.3416666666661
Switzerland,Social Sciences,1998-2002,800.808669108668
Switzerland,Social Sciences,2003-2007,1220.0160082972561
Switzerland,Social Sciences,2008-2012,2464.2934026920725
Switzerland,Social Sciences,2013-2017,3133.492324665108
Syria,Arts,1978-1982,1.0
Syria,Arts,1983-1987,4.0
Syria,Arts,2003-2007,0.5
Syria,Arts,2008-2012,0.125
Syria,Arts,2013-2017,1.25
Syria,Biology,1973-1977,7.333333333333333
Syria,Biology,1978-1982,8.5
Syria,Biology,1983-1987,45.41666666666665
Syria,Biology,1988-1992,125.24999999999996
Syria,Biology,1993-1997,170.91111111111056
Syria,Biology,1998-2002,140.23333333333304
Syria,Biology,2003-2007,175.97857142857083
Syria,Biology,2008-2012,235.40440115440057
Syria,Biology,2013-2017,151.05788676902785
Syria,Biomedical Research,1973-1977,5.333333333333332
Syria,Biomedical Research,1978-1982,0.5
Syria,Biomedical Research,1983-1987,3.999999999999999
Syria,Biomedical Research,1988-1992,13.166666666666654
Syria,Biomedical Research,1993-1997,13.690909090909086
Syria,Biomedical Research,1998-2002,18.142857142857125
Syria,Biomedical Research,2003-2007,26.71966873706001
Syria,Biomedical Research,2008-2012,62.11105006105001
Syria,Biomedical Research,2013-2017,55.915776951806286
Syria,Chemistry,1978-1982,1.333333333333333
Syria,Chemistry,1983-1987,6.0
Syria,Chemistry,1988-1992,11.999999999999996
Syria,Chemistry,1993-1997,29.366666666666653
Syria,Chemistry,1998-2002,42.016666666666644
Syria,Chemistry,2003-2007,60.74999999999999
Syria,Chemistry,2008-2012,102.00952380952373
Syria,Chemistry,2013-2017,98.92499999999991
Syria,Clinical Medicine,1973-1977,6.0
Syria,Clinical Medicine,1978-1982,14.999999999999986
Syria,Clinical Medicine,1983-1987,10.666666666666663
Syria,Clinical Medicine,1988-1992,13.616666666666653
Syria,Clinical Medicine,1993-1997,25.71666666666666
Syria,Clinical Medicine,1998-2002,62.93730158730154
Syria,Clinical Medicine,2003-2007,66.6444444444444
Syria,Clinical Medicine,2008-2012,154.9263314998772
Syria,Clinical Medicine,2013-2017,177.08521404216208
Syria,Earth and Space,1973-1977,2.0
Syria,Earth and Space,1978-1982,1.25
Syria,Earth and Space,1983-1987,3.083333333333333
Syria,Earth and Space,1988-1992,10.333333333333321
Syria,Earth and Space,1993-1997,21.199999999999974
Syria,Earth and Space,1998-2002,21.60833333333331
Syria,Earth and Space,2003-2007,36.67812177502578
Syria,Earth and Space,2008-2012,47.6355778279691
Syria,Earth and Space,2013-2017,78.04478021978
Syria,Engineering and Technology,1973-1977,0.25
Syria,Engineering and Technology,1978-1982,1.5
Syria,Engineering and Technology,1983-1987,8.33333333333333
Syria,Engineering and Technology,1988-1992,9.833333333333332
Syria,Engineering and Technology,1993-1997,24.66666666666665
Syria,Engineering and Technology,1998-2002,38.833333333333314
Syria,Engineering and Technology,2003-2007,64.49999999999997
Syria,Engineering and Technology,2008-2012,124.40833333333322
Syria,Engineering and Technology,2013-2017,108.5301587301585
Syria,Health,1988-1992,0.5
Syria,Health,1998-2002,0.5
Syria,Health,2003-2007,3.094047619047607
Syria,Health,2008-2012,4.614285714285705
Syria,Health,2013-2017,16.327571680774238
Syria,Humanities,1973-1977,1.0
Syria,Humanities,1978-1982,1.0
Syria,Humanities,1983-1987,6.0
Syria,Humanities,1988-1992,2.0
Syria,Humanities,1993-1997,3.0
Syria,Humanities,1998-2002,4.5
Syria,Humanities,2003-2007,2.0
Syria,Humanities,2008-2012,5.0
Syria,Humanities,2013-2017,1.0
Syria,Mathematics,1983-1987,4.0
Syria,Mathematics,1988-1992,9.0
Syria,Mathematics,1993-1997,4.75
Syria,Mathematics,1998-2002,5.833333333333333
Syria,Mathematics,2003-2007,1.333333333333333
Syria,Mathematics,2008-2012,6.833333333333333
Syria,Mathematics,2013-2017,11.08333333333333
Syria,Physics,1978-1982,0.5
Syria,Physics,1983-1987,3.666666666666666
Syria,Physics,1988-1992,7.833333333333331
Syria,Physics,1993-1997,15.833333333333321
Syria,Physics,1998-2002,33.89999999999999
Syria,Physics,2003-2007,68.38912337662335
Syria,Physics,2008-2012,102.61666666666665
Syria,Physics,2013-2017,95.38571428571423
Syria,Professional Fields,1978-1982,2.0
Syria,Professional Fields,1988-1992,1.0
Syria,Professional Fields,1998-2002,4.0
Syria,Professional Fields,2003-2007,0.333333333333333
Syria,Professional Fields,2008-2012,3.0
Syria,Professional Fields,2013-2017,3.833333333333333
Syria,Psychology,2003-2007,0.333333333333333
Syria,Psychology,2013-2017,1.4333333333333331
Syria,Social Sciences,1973-1977,1.0666666666666667
Syria,Social Sciences,1978-1982,3.0
Syria,Social Sciences,1983-1987,2.0
Syria,Social Sciences,1988-1992,2.5
Syria,Social Sciences,1993-1997,4.833333333333333
Syria,Social Sciences,1998-2002,2.658333333333333
Syria,Social Sciences,2003-2007,4.899999999999999
Syria,Social Sciences,2008-2012,13.592857142857142
Syria,Social Sciences,2013-2017,12.938888888888883
Taiwan,Arts,1973-1977,1.0
Taiwan,Arts,1978-1982,2.0
Taiwan,Arts,1983-1987,5.0
Taiwan,Arts,1988-1992,2.0
Taiwan,Arts,1993-1997,16.0
Taiwan,Arts,1998-2002,13.0
Taiwan,Arts,2003-2007,22.75
Taiwan,Arts,2008-2012,67.73333333333316
Taiwan,Arts,2013-2017,94.14999999999975
Taiwan,Biology,1973-1977,294.58333333333303
Taiwan,Biology,1978-1982,436.16666666666634
Taiwan,Biology,1983-1987,595.1350140056018
Taiwan,Biology,1988-1992,1023.9333333333324
Taiwan,Biology,1993-1997,1475.7337662337618
Taiwan,Biology,1998-2002,2031.8125541125487
Taiwan,Biology,2003-2007,2783.253810078804
Taiwan,Biology,2008-2012,4053.504077724449
Taiwan,Biology,2013-2017,3465.2625033041695
Taiwan,Biomedical Research,1973-1977,99.39523809523804
Taiwan,Biomedical Research,1978-1982,174.6166666666664
Taiwan,Biomedical Research,1983-1987,286.523809523809
Taiwan,Biomedical Research,1988-1992,948.8964285714269
Taiwan,Biomedical Research,1993-1997,2284.1865657218527
Taiwan,Biomedical Research,1998-2002,3264.080079642575
Taiwan,Biomedical Research,2003-2007,5341.074630980466
Taiwan,Biomedical Research,2008-2012,9295.399597727155
Taiwan,Biomedical Research,2013-2017,12827.221108221409
Taiwan,Chemistry,1973-1977,224.58333333333323
Taiwan,Chemistry,1978-1982,346.24999999999983
Taiwan,Chemistry,1983-1987,770.9999999999993
Taiwan,Chemistry,1988-1992,1985.8761904761868
Taiwan,Chemistry,1993-1997,3965.567460317446
Taiwan,Chemistry,1998-2002,5653.32182539681
Taiwan,Chemistry,2003-2007,7892.600432900415
Taiwan,Chemistry,2008-2012,10029.698301010982
Taiwan,Chemistry,2013-2017,9573.84386887621
Taiwan,Clinical Medicine,1973-1977,211.1083333333331
Taiwan,Clinical Medicine,1978-1982,323.3690476190473
Taiwan,Clinical Medicine,1983-1987,854.3154761904748
Taiwan,Clinical Medicine,1988-1992,2472.605409356722
Taiwan,Clinical Medicine,1993-1997,6637.505021412262
Taiwan,Clinical Medicine,1998-2002,10835.920026546006
Taiwan,Clinical Medicine,2003-2007,16767.096323238646
Taiwan,Clinical Medicine,2008-2012,23883.13931839653
Taiwan,Clinical Medicine,2013-2017,25651.113466082465
Taiwan,Earth and Space,1973-1977,27.66666666666665
Taiwan,Earth and Space,1978-1982,39.83333333333333
Taiwan,Earth and Space,1983-1987,64.35119047619038
Taiwan,Earth and Space,1988-1992,201.40704334365287
Taiwan,Earth and Space,1993-1997,902.8292000804266
Taiwan,Earth and Space,1998-2002,1925.346302196297
Taiwan,Earth and Space,2003-2007,2911.4587401860404
Taiwan,Earth and Space,2008-2012,4418.412929982809
Taiwan,Earth and Space,2013-2017,4737.742088516483
Taiwan,Engineering and Technology,1973-1977,92.91666666666666
Taiwan,Engineering and Technology,1978-1982,276.3666666666664
Taiwan,Engineering and Technology,1983-1987,1061.0166666666653
Taiwan,Engineering and Technology,1988-1992,3836.266666666657
Taiwan,Engineering and Technology,1993-1997,8970.94999999998
Taiwan,Engineering and Technology,1998-2002,12485.188492063471
Taiwan,Engineering and Technology,2003-2007,20121.947191636824
Taiwan,Engineering and Technology,2008-2012,28984.692112033095
Taiwan,Engineering and Technology,2013-2017,28387.465893208293
Taiwan,Health,1973-1977,0.5
Taiwan,Health,1978-1982,0.5
Taiwan,Health,1983-1987,4.083333333333333
Taiwan,Health,1988-1992,9.833333333333332
Taiwan,Health,1993-1997,46.14999999999998
Taiwan,Health,1998-2002,213.847751322751
Taiwan,Health,2003-2007,651.788765809353
Taiwan,Health,2008-2012,1991.3816160146998
Taiwan,Health,2013-2017,2546.722525615385
Taiwan,Humanities,1973-1977,41.5
Taiwan,Humanities,1978-1982,42.0
Taiwan,Humanities,1983-1987,58.999999999999986
Taiwan,Humanities,1988-1992,34.0
Taiwan,Humanities,1993-1997,50.83333333333332
Taiwan,Humanities,1998-2002,120.5833333333333
Taiwan,Humanities,2003-2007,193.33333333333331
Taiwan,Humanities,2008-2012,778.9999999999994
Taiwan,Humanities,2013-2017,907.7833333333326
Taiwan,Mathematics,1973-1977,40.666666666666664
Taiwan,Mathematics,1978-1982,153.08333333333323
Taiwan,Mathematics,1983-1987,207.41666666666643
Taiwan,Mathematics,1988-1992,383.3333333333327
Taiwan,Mathematics,1993-1997,863.6166666666654
Taiwan,Mathematics,1998-2002,1377.7416666666638
Taiwan,Mathematics,2003-2007,1999.3238095238025
Taiwan,Mathematics,2008-2012,3164.4068033273816
Taiwan,Mathematics,2013-2017,3049.290512265503
Taiwan,Physics,1973-1977,156.7333333333332
Taiwan,Physics,1978-1982,278.78333333333296
Taiwan,Physics,1983-1987,611.0499999999993
Taiwan,Physics,1988-1992,2064.6483648503067
Taiwan,Physics,1993-1997,4667.596283329758
Taiwan,Physics,1998-2002,6519.86826473136
Taiwan,Physics,2003-2007,10943.103025513361
Taiwan,Physics,2008-2012,14165.789113775045
Taiwan,Physics,2013-2017,10642.978898064159
Taiwan,Professional Fields,1973-1977,4.166666666666666
Taiwan,Professional Fields,1978-1982,7.333333333333333
Taiwan,Professional Fields,1983-1987,17.866666666666664
Taiwan,Professional Fields,1988-1992,66.1166666666665
Taiwan,Professional Fields,1993-1997,296.9999999999997
Taiwan,Professional Fields,1998-2002,693.230952380951
Taiwan,Professional Fields,2003-2007,1939.1964285714264
Taiwan,Professional Fields,2008-2012,6648.550027238826
Taiwan,Professional Fields,2013-2017,5664.796832309598
Taiwan,Psychology,1973-1977,74.83333333333333
Taiwan,Psychology,1978-1982,58.316666666666656
Taiwan,Psychology,1983-1987,41.49999999999999
Taiwan,Psychology,1988-1992,46.6845238095238
Taiwan,Psychology,1993-1997,89.16666666666656
Taiwan,Psychology,1998-2002,160.7011904761903
Taiwan,Psychology,2003-2007,502.1439703153981
Taiwan,Psychology,2008-2012,1143.0678194618024
Taiwan,Psychology,2013-2017,1375.6105338494135
Taiwan,Social Sciences,1973-1977,85.44999999999999
Taiwan,Social Sciences,1978-1982,159.58333333333331
Taiwan,Social Sciences,1983-1987,219.91666666666663
Taiwan,Social Sciences,1988-1992,327.73333333333295
Taiwan,Social Sciences,1993-1997,387.84999999999957
Taiwan,Social Sciences,1998-2002,481.15324675324644
Taiwan,Social Sciences,2003-2007,917.3833333333313
Taiwan,Social Sciences,2008-2012,2210.858008658003
Taiwan,Social Sciences,2013-2017,2348.3655844155796
Tajikistan,Arts,2013-2017,1.0
Tajikistan,Biology,1988-1992,2.5
Tajikistan,Biology,1993-1997,10.0
Tajikistan,Biology,1998-2002,9.91666666666666
Tajikistan,Biology,2003-2007,4.583333333333332
Tajikistan,Biology,2008-2012,6.766666666666663
Tajikistan,Biology,2013-2017,8.259956709956706
Tajikistan,Biomedical Research,1988-1992,3.33333333333333
Tajikistan,Biomedical Research,1993-1997,47.86666666666656
Tajikistan,Biomedical Research,1998-2002,18.183333333333263
Tajikistan,Biomedical Research,2003-2007,0.166666666666666
Tajikistan,Biomedical Research,2008-2012,10.988095238095234
Tajikistan,Biomedical Research,2013-2017,4.033333333333332
Tajikistan,Chemistry,1988-1992,13.5
Tajikistan,Chemistry,1993-1997,81.83333333333331
Tajikistan,Chemistry,1998-2002,35.99999999999999
Tajikistan,Chemistry,2003-2007,33.01666666666666
Tajikistan,Chemistry,2008-2012,38.41666666666666
Tajikistan,Chemistry,2013-2017,45.63333333333331
Tajikistan,Clinical Medicine,1988-1992,4.5
Tajikistan,Clinical Medicine,1993-1997,11.83333333333333
Tajikistan,Clinical Medicine,1998-2002,5.202380952380951
Tajikistan,Clinical Medicine,2003-2007,3.999999999999998
Tajikistan,Clinical Medicine,2008-2012,8.33354978354978
Tajikistan,Clinical Medicine,2013-2017,15.56569264069263
Tajikistan,Earth and Space,1988-1992,3.5
Tajikistan,Earth and Space,1993-1997,29.933333333333312
Tajikistan,Earth and Space,1998-2002,24.72619047619046
Tajikistan,Earth and Space,2003-2007,31.38333333333333
Tajikistan,Earth and Space,2008-2012,15.613492063492055
Tajikistan,Earth and Space,2013-2017,28.097406116918258
Tajikistan,Engineering and Technology,1993-1997,9.0
Tajikistan,Engineering and Technology,1998-2002,11.5
Tajikistan,Engineering and Technology,2003-2007,2.0
Tajikistan,Engineering and Technology,2008-2012,12.066666666666665
Tajikistan,Engineering and Technology,2013-2017,12.576190476190465
Tajikistan,Health,2003-2007,0.0555555555555555
Tajikistan,Health,2008-2012,3.366666666666664
Tajikistan,Health,2013-2017,2.109523809523808
Tajikistan,Humanities,2013-2017,1.0
Tajikistan,Mathematics,1988-1992,5.0
Tajikistan,Mathematics,1993-1997,17.0
Tajikistan,Mathematics,1998-2002,21.99999999999999
Tajikistan,Mathematics,2003-2007,28.999999999999993
Tajikistan,Mathematics,2008-2012,23.41666666666664
Tajikistan,Mathematics,2013-2017,27.56666666666666
Tajikistan,Physics,1988-1992,7.5
Tajikistan,Physics,1993-1997,33.68333333333332
Tajikistan,Physics,1998-2002,14.916666666666663
Tajikistan,Physics,2003-2007,12.74999999999998
Tajikistan,Physics,2008-2012,30.066666666666627
Tajikistan,Physics,2013-2017,21.66309523809521
Tajikistan,Professional Fields,1988-1992,1.0
Tajikistan,Psychology,1993-1997,1.0
Tajikistan,Psychology,2008-2012,1.0
Tajikistan,Social Sciences,1993-1997,2.5
Tajikistan,Social Sciences,1998-2002,1.416666666666666
Tajikistan,Social Sciences,2003-2007,1.333333333333333
Tajikistan,Social Sciences,2008-2012,2.166666666666666
Tajikistan,Social Sciences,2013-2017,1.416666666666666
Tanzania,Arts,1978-1982,1.0
Tanzania,Arts,1983-1987,1.0
Tanzania,Arts,1998-2002,1.0
Tanzania,Arts,2003-2007,1.5
Tanzania,Arts,2008-2012,4.0
Tanzania,Arts,2013-2017,4.25
Tanzania,Biology,1973-1977,94.24999999999999
Tanzania,Biology,1978-1982,122.36666666666665
Tanzania,Biology,1983-1987,147.0833333333333
Tanzania,Biology,1988-1992,139.27777777777771
Tanzania,Biology,1993-1997,140.55238095238073
Tanzania,Biology,1998-2002,131.91071428571405
Tanzania,Biology,2003-2007,190.81470473970444
Tanzania,Biology,2008-2012,231.67697691197637
Tanzania,Biology,2013-2017,282.3387912993558
Tanzania,Biomedical Research,1973-1977,20.16666666666666
Tanzania,Biomedical Research,1978-1982,10.733333333333333
Tanzania,Biomedical Research,1983-1987,13.176190476190474
Tanzania,Biomedical Research,1988-1992,30.57612942612939
Tanzania,Biomedical Research,1993-1997,46.91825396825392
Tanzania,Biomedical Research,1998-2002,61.376659451659286
Tanzania,Biomedical Research,2003-2007,75.98548714357526
Tanzania,Biomedical Research,2008-2012,141.09722043564298
Tanzania,Biomedical Research,2013-2017,258.53074645235864
Tanzania,Chemistry,1973-1977,9.0
Tanzania,Chemistry,1978-1982,15.0
Tanzania,Chemistry,1983-1987,6.166666666666666
Tanzania,Chemistry,1988-1992,6.916666666666666
Tanzania,Chemistry,1993-1997,7.333333333333333
Tanzania,Chemistry,1998-2002,5.999999999999993
Tanzania,Chemistry,2003-2007,13.666666666666655
Tanzania,Chemistry,2008-2012,12.699999999999982
Tanzania,Chemistry,2013-2017,40.89642857142853
Tanzania,Clinical Medicine,1973-1977,120.19999999999995
Tanzania,Clinical Medicine,1978-1982,154.89329004328974
Tanzania,Clinical Medicine,1983-1987,188.2111111111108
Tanzania,Clinical Medicine,1988-1992,205.21547619047573
Tanzania,Clinical Medicine,1993-1997,300.1412369493242
Tanzania,Clinical Medicine,1998-2002,264.3663637982706
Tanzania,Clinical Medicine,2003-2007,337.4508592714471
Tanzania,Clinical Medicine,2008-2012,519.9730687363879
Tanzania,Clinical Medicine,2013-2017,671.4585105528755
Tanzania,Earth and Space,1973-1977,2.5
Tanzania,Earth and Space,1978-1982,11.0
Tanzania,Earth and Space,1983-1987,15.0
Tanzania,Earth and Space,1988-1992,23.37424242424241
Tanzania,Earth and Space,1993-1997,33.9095238095238
Tanzania,Earth and Space,1998-2002,49.733333333333306
Tanzania,Earth and Space,2003-2007,114.01825396825366
Tanzania,Earth and Space,2008-2012,86.50025889143518
Tanzania,Earth and Space,2013-2017,130.1584323496517
Tanzania,Engineering and Technology,1973-1977,6.333333333333333
Tanzania,Engineering and Technology,1978-1982,21.166666666666664
Tanzania,Engineering and Technology,1983-1987,17.49999999999999
Tanzania,Engineering and Technology,1988-1992,16.16666666666666
Tanzania,Engineering and Technology,1993-1997,30.83333333333333
Tanzania,Engineering and Technology,1998-2002,30.949999999999985
Tanzania,Engineering and Technology,2003-2007,16.83333333333333
Tanzania,Engineering and Technology,2008-2012,32.71428571428566
Tanzania,Engineering and Technology,2013-2017,67.58055555555543
Tanzania,Health,1973-1977,0.333333333333333
Tanzania,Health,1978-1982,0.9
Tanzania,Health,1983-1987,11.0
Tanzania,Health,1988-1992,6.833333333333333
Tanzania,Health,1993-1997,20.749999999999957
Tanzania,Health,1998-2002,19.97777777777775
Tanzania,Health,2003-2007,30.750082512050533
Tanzania,Health,2008-2012,111.82050857639075
Tanzania,Health,2013-2017,205.83457812787006
Tanzania,Humanities,1973-1977,2.0
Tanzania,Humanities,1978-1982,5.0
Tanzania,Humanities,1983-1987,8.0
Tanzania,Humanities,1988-1992,5.5
Tanzania,Humanities,1993-1997,1.333333333333333
Tanzania,Humanities,1998-2002,3.0
Tanzania,Humanities,2003-2007,2.0
Tanzania,Humanities,2008-2012,8.166666666666666
Tanzania,Humanities,2013-2017,17.833333333333325
Tanzania,Mathematics,1973-1977,4.5
Tanzania,Mathematics,1978-1982,5.0
Tanzania,Mathematics,1983-1987,0.5
Tanzania,Mathematics,1988-1992,7.666666666666666
Tanzania,Mathematics,1993-1997,1.2
Tanzania,Mathematics,1998-2002,3.0
Tanzania,Mathematics,2003-2007,3.33333333333333
Tanzania,Mathematics,2008-2012,4.958333333333333
Tanzania,Mathematics,2013-2017,7.3749999999999964
Tanzania,Physics,1973-1977,6.5
Tanzania,Physics,1978-1982,10.833333333333332
Tanzania,Physics,1983-1987,3.666666666666666
Tanzania,Physics,1988-1992,1.5
Tanzania,Physics,1993-1997,1.4999999999999991
Tanzania,Physics,1998-2002,5.833333333333333
Tanzania,Physics,2003-2007,3.199999999999993
Tanzania,Physics,2008-2012,6.249999999999995
Tanzania,Physics,2013-2017,16.483333333333302
Tanzania,Professional Fields,1973-1977,17.333333333333332
Tanzania,Professional Fields,1978-1982,7.5
Tanzania,Professional Fields,1983-1987,20.933333333333334
Tanzania,Professional Fields,1988-1992,14.5
Tanzania,Professional Fields,1993-1997,6.5
Tanzania,Professional Fields,1998-2002,12.283333333333331
Tanzania,Professional Fields,2003-2007,6.699999999999996
Tanzania,Professional Fields,2008-2012,31.269841269841237
Tanzania,Professional Fields,2013-2017,52.32339544513449
Tanzania,Psychology,1973-1977,3.0
Tanzania,Psychology,1978-1982,7.66666666666666
Tanzania,Psychology,1983-1987,5.333333333333333
Tanzania,Psychology,1988-1992,2.416666666666666
Tanzania,Psychology,1993-1997,5.249999999999986
Tanzania,Psychology,1998-2002,6.067099567099563
Tanzania,Psychology,2003-2007,3.316156462585032
Tanzania,Psychology,2008-2012,5.88809523809523
Tanzania,Psychology,2013-2017,9.642316697977062
Tanzania,Social Sciences,1973-1977,37.33333333333333
Tanzania,Social Sciences,1978-1982,25.0
Tanzania,Social Sciences,1983-1987,36.25
Tanzania,Social Sciences,1988-1992,35.33333333333333
Tanzania,Social Sciences,1993-1997,31.499999999999993
Tanzania,Social Sciences,1998-2002,31.599999999999973
Tanzania,Social Sciences,2003-2007,46.1435897435897
Tanzania,Social Sciences,2008-2012,78.7162087912087
Tanzania,Social Sciences,2013-2017,103.36110139860124
Thailand,Arts,1978-1982,12.75
Thailand,Arts,1988-1992,1.0
Thailand,Arts,1993-1997,2.0
Thailand,Arts,1998-2002,1.0
Thailand,Arts,2003-2007,1.333333333333333
Thailand,Arts,2008-2012,9.91666666666666
Thailand,Arts,2013-2017,20.71590909090909
Thailand,Biology,1973-1977,67.0333333333333
Thailand,Biology,1978-1982,113.03333333333319
Thailand,Biology,1983-1987,150.6333333333331
Thailand,Biology,1988-1992,242.9952380952373
Thailand,Biology,1993-1997,345.01904761904666
Thailand,Biology,1998-2002,672.7580738705726
Thailand,Biology,2003-2007,1286.2993187368156
Thailand,Biology,2008-2012,2516.04605124312
Thailand,Biology,2013-2017,3391.5104096635187
Thailand,Biomedical Research,1973-1977,104.88928571428569
Thailand,Biomedical Research,1978-1982,205.28333333333316
Thailand,Biomedical Research,1983-1987,230.0777777777773
Thailand,Biomedical Research,1988-1992,275.6027777777772
Thailand,Biomedical Research,1993-1997,269.87183227400584
Thailand,Biomedical Research,1998-2002,437.96484626484505
Thailand,Biomedical Research,2003-2007,1178.4128845926894
Thailand,Biomedical Research,2008-2012,3110.461055894405
Thailand,Biomedical Research,2013-2017,4305.81289605183
Thailand,Chemistry,1973-1977,18.583333333333332
Thailand,Chemistry,1978-1982,38.04292929292926
Thailand,Chemistry,1983-1987,68.44999999999995
Thailand,Chemistry,1988-1992,68.32499999999996
Thailand,Chemistry,1993-1997,129.49999999999986
Thailand,Chemistry,1998-2002,452.0999999999991
Thailand,Chemistry,2003-2007,1190.8329365079348
Thailand,Chemistry,2008-2012,2071.582215007207
Thailand,Chemistry,2013-2017,2614.729220779214
Thailand,Clinical Medicine,1973-1977,498.0273809523808
Thailand,Clinical Medicine,1978-1982,876.9962662337638
Thailand,Clinical Medicine,1983-1987,945.235195360193
Thailand,Clinical Medicine,1988-1992,748.9995171495158
Thailand,Clinical Medicine,1993-1997,987.5993873211614
Thailand,Clinical Medicine,1998-2002,1735.8194699301753
Thailand,Clinical Medicine,2003-2007,2825.1135996018784
Thailand,Clinical Medicine,2008-2012,5435.462397662178
Thailand,Clinical Medicine,2013-2017,6979.39763569101
Thailand,Earth and Space,1973-1977,14.666666666666663
Thailand,Earth and Space,1978-1982,50.16666666666663
Thailand,Earth and Space,1983-1987,73.78333333333313
Thailand,Earth and Space,1988-1992,75.99134199134178
Thailand,Earth and Space,1993-1997,125.765512265512
Thailand,Earth and Space,1998-2002,190.58452380952335
Thailand,Earth and Space,2003-2007,372.93368379985975
Thailand,Earth and Space,2008-2012,687.0010239015019
Thailand,Earth and Space,2013-2017,1176.224988966068
Thailand,Engineering and Technology,1973-1977,24.16666666666666
Thailand,Engineering and Technology,1978-1982,98.16666666666666
Thailand,Engineering and Technology,1983-1987,96.27777777777776
Thailand,Engineering and Technology,1988-1992,148.69999999999996
Thailand,Engineering and Technology,1993-1997,262.98333333333295
Thailand,Engineering and Technology,1998-2002,562.4706349206335
Thailand,Engineering and Technology,2003-2007,1539.6238095238066
Thailand,Engineering and Technology,2008-2012,3152.783272283262
Thailand,Engineering and Technology,2013-2017,4318.100013288713
Thailand,Health,1973-1977,0.833333333333333
Thailand,Health,1978-1982,2.976190476190475
Thailand,Health,1983-1987,8.625
Thailand,Health,1988-1992,15.75
Thailand,Health,1993-1997,26.54567099567096
Thailand,Health,1998-2002,56.12826797385617
Thailand,Health,2003-2007,135.65122655122627
Thailand,Health,2008-2012,333.2919191919185
Thailand,Health,2013-2017,525.7214384789945
Thailand,Humanities,1973-1977,5.0
Thailand,Humanities,1978-1982,2.0
Thailand,Humanities,1983-1987,5.833333333333333
Thailand,Humanities,1988-1992,2.0
Thailand,Humanities,1993-1997,3.5
Thailand,Humanities,1998-2002,7.0
Thailand,Humanities,2003-2007,12.5
Thailand,Humanities,2008-2012,34.25
Thailand,Humanities,2013-2017,61.249999999999986
Thailand,Mathematics,1973-1977,5.0
Thailand,Mathematics,1978-1982,8.166666666666663
Thailand,Mathematics,1983-1987,10.833333333333332
Thailand,Mathematics,1988-1992,6.833333333333333
Thailand,Mathematics,1993-1997,11.0
Thailand,Mathematics,1998-2002,45.43333333333331
Thailand,Mathematics,2003-2007,138.93333333333288
Thailand,Mathematics,2008-2012,576.1357142857128
Thailand,Mathematics,2013-2017,705.0656926406904
Thailand,Physics,1973-1977,5.6666666666666625
Thailand,Physics,1978-1982,24.25
Thailand,Physics,1983-1987,43.6666666666666
Thailand,Physics,1988-1992,39.98333333333333
Thailand,Physics,1993-1997,72.46666666666661
Thailand,Physics,1998-2002,138.126923076923
Thailand,Physics,2003-2007,491.2959415584404
Thailand,Physics,2008-2012,1083.5083720304842
Thailand,Physics,2013-2017,1156.0984963441563
Thailand,Professional Fields,1973-1977,15.583333333333332
Thailand,Professional Fields,1978-1982,26.0
Thailand,Professional Fields,1983-1987,29.74999999999998
Thailand,Professional Fields,1988-1992,25.483333333333313
Thailand,Professional Fields,1993-1997,42.08333333333333
Thailand,Professional Fields,1998-2002,43.7833333333333
Thailand,Professional Fields,2003-2007,85.6444444444443
Thailand,Professional Fields,2008-2012,238.28407415597766
Thailand,Professional Fields,2013-2017,310.48472158399767
Thailand,Psychology,1973-1977,3.0
Thailand,Psychology,1978-1982,3.291666666666666
Thailand,Psychology,1983-1987,7.7
Thailand,Psychology,1988-1992,6.249999999999999
Thailand,Psychology,1993-1997,8.849999999999996
Thailand,Psychology,1998-2002,17.433333333333323
Thailand,Psychology,2003-2007,49.967857142857106
Thailand,Psychology,2008-2012,54.06865079365072
Thailand,Psychology,2013-2017,83.16058779369227
Thailand,Social Sciences,1973-1977,42.08333333333332
Thailand,Social Sciences,1978-1982,59.11111111111107
Thailand,Social Sciences,1983-1987,80.80952380952378
Thailand,Social Sciences,1988-1992,85.69999999999996
Thailand,Social Sciences,1993-1997,64.1333333333333
Thailand,Social Sciences,1998-2002,83.07424242424241
Thailand,Social Sciences,2003-2007,142.63571428571416
Thailand,Social Sciences,2008-2012,294.5115633334669
Thailand,Social Sciences,2013-2017,377.44466505716457
Togo,Arts,1973-1977,1.0
Togo,Biology,1973-1977,7.5
Togo,Biology,1978-1982,16.0
Togo,Biology,1983-1987,9.666666666666663
Togo,Biology,1988-1992,24.08333333333333
Togo,Biology,1993-1997,16.116666666666667
Togo,Biology,1998-2002,12.244298245614024
Togo,Biology,2003-2007,29.149999999999945
Togo,Biology,2008-2012,32.60892857142851
Togo,Biology,2013-2017,20.59942834942831
Togo,Biomedical Research,1973-1977,7.166666666666666
Togo,Biomedical Research,1978-1982,4.0
Togo,Biomedical Research,1983-1987,3.658333333333333
Togo,Biomedical Research,1988-1992,2.9444444444444438
Togo,Biomedical Research,1993-1997,2.533333333333332
Togo,Biomedical Research,1998-2002,4.0333333333333306
Togo,Biomedical Research,2003-2007,2.535353535353533
Togo,Biomedical Research,2008-2012,6.913492063492058
Togo,Biomedical Research,2013-2017,9.44963549522371
Togo,Chemistry,1973-1977,0.333333333333333
Togo,Chemistry,1978-1982,0.333333333333333
Togo,Chemistry,1988-1992,1.333333333333333
Togo,Chemistry,1993-1997,0.333333333333333
Togo,Chemistry,1998-2002,4.199999999999999
Togo,Chemistry,2003-2007,2.499999999999993
Togo,Chemistry,2008-2012,0.666666666666666
Togo,Chemistry,2013-2017,1.999999999999999
Togo,Clinical Medicine,1973-1977,10.5
Togo,Clinical Medicine,1978-1982,11.916666666666666
Togo,Clinical Medicine,1983-1987,13.166666666666657
Togo,Clinical Medicine,1988-1992,26.449999999999992
Togo,Clinical Medicine,1993-1997,44.645833333333314
Togo,Clinical Medicine,1998-2002,67.14444444444443
Togo,Clinical Medicine,2003-2007,40.27298534798532
Togo,Clinical Medicine,2008-2012,67.48346142585267
Togo,Clinical Medicine,2013-2017,68.27939782814991
Togo,Earth and Space,1973-1977,1.0
Togo,Earth and Space,1978-1982,0.333333333333333
Togo,Earth and Space,1983-1987,2.166666666666663
Togo,Earth and Space,1988-1992,2.833333333333333
Togo,Earth and Space,1993-1997,1.333333333333333
Togo,Earth and Space,1998-2002,4.333333333333333
Togo,Earth and Space,2003-2007,1.866666666666666
Togo,Earth and Space,2008-2012,4.833333333333332
Togo,Earth and Space,2013-2017,5.898412698412686
Togo,Engineering and Technology,1993-1997,0.333333333333333
Togo,Engineering and Technology,1998-2002,2.5
Togo,Engineering and Technology,2003-2007,3.5
Togo,Engineering and Technology,2008-2012,5.499999999999993
Togo,Engineering and Technology,2013-2017,9.685714285714278
Togo,Health,2003-2007,0.583333333333333
Togo,Health,2008-2012,2.6880952380952317
Togo,Health,2013-2017,11.67687024877425
Togo,Humanities,1983-1987,1.0
Togo,Humanities,2003-2007,1.0
Togo,Humanities,2008-2012,1.5
Togo,Humanities,2013-2017,3.0
Togo,Mathematics,1973-1977,3.0
Togo,Mathematics,1988-1992,1.0
Togo,Mathematics,1998-2002,1.5
Togo,Mathematics,2003-2007,3.166666666666666
Togo,Mathematics,2008-2012,2.833333333333333
Togo,Mathematics,2013-2017,2.749999999999999
Togo,Physics,1973-1977,1.0
Togo,Physics,1988-1992,0.333333333333333
Togo,Physics,1993-1997,1.5
Togo,Physics,1998-2002,2.0
Togo,Physics,2003-2007,1.166666666666666
Togo,Physics,2008-2012,1.866666666666665
Togo,Physics,2013-2017,4.666666666666663
Togo,Professional Fields,1973-1977,1.0
Togo,Professional Fields,1983-1987,2.0
Togo,Professional Fields,1998-2002,1.0
Togo,Psychology,1973-1977,1.0
Togo,Psychology,2013-2017,1.075
Togo,Social Sciences,1973-1977,3.0
Togo,Social Sciences,1978-1982,2.0
Togo,Social Sciences,1983-1987,1.0
Togo,Social Sciences,1988-1992,2.0
Togo,Social Sciences,1993-1997,2.0
Togo,Social Sciences,1998-2002,1.5
Togo,Social Sciences,2003-2007,4.5
Togo,Social Sciences,2008-2012,4.0
Togo,Social Sciences,2013-2017,4.705128205128198
Tonga,Biology,1973-1977,1.0
Tonga,Biology,1978-1982,1.0
Tonga,Biology,1988-1992,1.0
Tonga,Biology,1993-1997,2.083333333333333
Tonga,Biology,1998-2002,2.0
Tonga,Biology,2003-2007,0.95
Tonga,Biology,2013-2017,2.394444444444443
Tonga,Biomedical Research,1983-1987,0.166666666666666
Tonga,Biomedical Research,1988-1992,0.142857142857142
Tonga,Biomedical Research,1993-1997,0.35
Tonga,Biomedical Research,2003-2007,0.45
Tonga,Biomedical Research,2008-2012,0.8333333333333319
Tonga,Biomedical Research,2013-2017,0.36900311526479684
Tonga,Chemistry,1983-1987,0.2
Tonga,Clinical Medicine,1973-1977,1.5
Tonga,Clinical Medicine,1978-1982,2.25
Tonga,Clinical Medicine,1983-1987,2.3611111111111107
Tonga,Clinical Medicine,1988-1992,1.0
Tonga,Clinical Medicine,1993-1997,1.633333333333333
Tonga,Clinical Medicine,1998-2002,0.783333333333333
Tonga,Clinical Medicine,2003-2007,2.616666666666666
Tonga,Clinical Medicine,2008-2012,2.49285714285714
Tonga,Clinical Medicine,2013-2017,1.632687171807059
Tonga,Earth and Space,1988-1992,0.587301587301586
Tonga,Earth and Space,1993-1997,0.6111111111111109
Tonga,Earth and Space,1998-2002,0.125
Tonga,Earth and Space,2003-2007,0.1880341880341879
Tonga,Earth and Space,2008-2012,0.25
Tonga,Earth and Space,2013-2017,0.0934782608695652
Tonga,Engineering and Technology,1983-1987,2.0
Tonga,Health,1983-1987,0.333333333333333
Tonga,Health,2003-2007,0.583333333333333
Tonga,Health,2008-2012,1.226190476190475
Tonga,Health,2013-2017,1.976190476190475
Tonga,Humanities,1978-1982,1.0
Tonga,Professional Fields,2013-2017,0.642857142857142
Tonga,Psychology,2008-2012,0.333333333333333
Tonga,Psychology,2013-2017,0.25
Tonga,Social Sciences,1978-1982,1.0
Tonga,Social Sciences,1998-2002,1.0
Tonga,Social Sciences,2008-2012,0.7
Tonga,Social Sciences,2013-2017,0.5
Trinidad and Tobago,Arts,1993-1997,2.0
Trinidad and Tobago,Arts,1998-2002,1.0
Trinidad and Tobago,Arts,2008-2012,1.0
Trinidad and Tobago,Arts,2013-2017,1.4
Trinidad and Tobago,Biology,1973-1977,118.58333333333333
Trinidad and Tobago,Biology,1978-1982,103.5833333333332
Trinidad and Tobago,Biology,1983-1987,92.44999999999996
Trinidad and Tobago,Biology,1988-1992,97.31666666666655
Trinidad and Tobago,Biology,1993-1997,118.72424242424239
Trinidad and Tobago,Biology,1998-2002,90.78030303030289
Trinidad and Tobago,Biology,2003-2007,119.58333333333329
Trinidad and Tobago,Biology,2008-2012,87.08333333333324
Trinidad and Tobago,Biology,2013-2017,95.89365079365069
Trinidad and Tobago,Biomedical Research,1973-1977,3.5
Trinidad and Tobago,Biomedical Research,1978-1982,4.833333333333333
Trinidad and Tobago,Biomedical Research,1983-1987,4.8
Trinidad and Tobago,Biomedical Research,1988-1992,8.95
Trinidad and Tobago,Biomedical Research,1993-1997,25.166666666666664
Trinidad and Tobago,Biomedical Research,1998-2002,22.60833333333332
Trinidad and Tobago,Biomedical Research,2003-2007,32.02164502164501
Trinidad and Tobago,Biomedical Research,2008-2012,35.859606755934706
Trinidad and Tobago,Biomedical Research,2013-2017,39.136096589262245
Trinidad and Tobago,Chemistry,1973-1977,10.25
Trinidad and Tobago,Chemistry,1978-1982,11.83333333333333
Trinidad and Tobago,Chemistry,1983-1987,17.25
Trinidad and Tobago,Chemistry,1988-1992,18.5
Trinidad and Tobago,Chemistry,1993-1997,12.333333333333325
Trinidad and Tobago,Chemistry,1998-2002,19.583333333333307
Trinidad and Tobago,Chemistry,2003-2007,13.066666666666663
Trinidad and Tobago,Chemistry,2008-2012,17.499999999999982
Trinidad and Tobago,Chemistry,2013-2017,30.924999999999958
Trinidad and Tobago,Clinical Medicine,1973-1977,23.749999999999993
Trinidad and Tobago,Clinical Medicine,1978-1982,45.61666666666665
Trinidad and Tobago,Clinical Medicine,1983-1987,101.64999999999989
Trinidad and Tobago,Clinical Medicine,1988-1992,98.88333333333324
Trinidad and Tobago,Clinical Medicine,1993-1997,95.37177544677542
Trinidad and Tobago,Clinical Medicine,1998-2002,171.831385281385
Trinidad and Tobago,Clinical Medicine,2003-2007,175.2841991341989
Trinidad and Tobago,Clinical Medicine,2008-2012,221.60977443608982
Trinidad and Tobago,Clinical Medicine,2013-2017,145.64298168015534
Trinidad and Tobago,Earth and Space,1973-1977,2.25
Trinidad and Tobago,Earth and Space,1978-1982,14.75
Trinidad and Tobago,Earth and Space,1983-1987,18.833333333333332
Trinidad and Tobago,Earth and Space,1988-1992,11.999999999999998
Trinidad and Tobago,Earth and Space,1993-1997,13.666666666666663
Trinidad and Tobago,Earth and Space,1998-2002,15.48174603174602
Trinidad and Tobago,Earth and Space,2003-2007,32.776190476190436
Trinidad and Tobago,Earth and Space,2008-2012,41.58672438672434
Trinidad and Tobago,Earth and Space,2013-2017,47.0352723665223
Trinidad and Tobago,Engineering and Technology,1973-1977,14.5
Trinidad and Tobago,Engineering and Technology,1978-1982,33.5
Trinidad and Tobago,Engineering and Technology,1983-1987,53.66666666666666
Trinidad and Tobago,Engineering and Technology,1988-1992,28.999999999999996
Trinidad and Tobago,Engineering and Technology,1993-1997,29.16666666666665
Trinidad and Tobago,Engineering and Technology,1998-2002,32.16666666666665
Trinidad and Tobago,Engineering and Technology,2003-2007,53.533333333333275
Trinidad and Tobago,Engineering and Technology,2008-2012,59.81666666666661
Trinidad and Tobago,Engineering and Technology,2013-2017,53.34999999999998
Trinidad and Tobago,Health,1988-1992,4.75
Trinidad and Tobago,Health,1993-1997,2.833333333333333
Trinidad and Tobago,Health,1998-2002,8.95
Trinidad and Tobago,Health,2003-2007,9.391666666666653
Trinidad and Tobago,Health,2008-2012,17.6833333333333
Trinidad and Tobago,Health,2013-2017,21.157251082251076
Trinidad and Tobago,Humanities,1973-1977,12.083333333333334
Trinidad and Tobago,Humanities,1978-1982,10.0
Trinidad and Tobago,Humanities,1983-1987,14.333333333333332
Trinidad and Tobago,Humanities,1988-1992,14.0
Trinidad and Tobago,Humanities,1993-1997,16.5
Trinidad and Tobago,Humanities,1998-2002,5.0
Trinidad and Tobago,Humanities,2003-2007,5.0
Trinidad and Tobago,Humanities,2008-2012,16.33333333333333
Trinidad and Tobago,Humanities,2013-2017,8.66666666666666
Trinidad and Tobago,Mathematics,1973-1977,3.666666666666666
Trinidad and Tobago,Mathematics,1978-1982,14.0
Trinidad and Tobago,Mathematics,1983-1987,14.0
Trinidad and Tobago,Mathematics,1988-1992,7.333333333333333
Trinidad and Tobago,Mathematics,1993-1997,3.833333333333333
Trinidad and Tobago,Mathematics,1998-2002,4.0
Trinidad and Tobago,Mathematics,2003-2007,3.66666666666666
Trinidad and Tobago,Mathematics,2008-2012,4.866666666666664
Trinidad and Tobago,Mathematics,2013-2017,6.333333333333333
Trinidad and Tobago,Physics,1973-1977,7.0
Trinidad and Tobago,Physics,1978-1982,5.83333333333333
Trinidad and Tobago,Physics,1983-1987,15.5
Trinidad and Tobago,Physics,1988-1992,14.333333333333332
Trinidad and Tobago,Physics,1993-1997,15.5
Trinidad and Tobago,Physics,1998-2002,10.53333333333333
Trinidad and Tobago,Physics,2003-2007,10.0
Trinidad and Tobago,Physics,2008-2012,10.166666666666666
Trinidad and Tobago,Physics,2013-2017,11.011904761904752
Trinidad and Tobago,Professional Fields,1973-1977,3.0
Trinidad and Tobago,Professional Fields,1978-1982,3.0
Trinidad and Tobago,Professional Fields,1983-1987,6.0
Trinidad and Tobago,Professional Fields,1988-1992,9.0
Trinidad and Tobago,Professional Fields,1993-1997,9.083333333333334
Trinidad and Tobago,Professional Fields,1998-2002,11.83333333333333
Trinidad and Tobago,Professional Fields,2003-2007,17.616666666666664
Trinidad and Tobago,Professional Fields,2008-2012,35.16666666666666
Trinidad and Tobago,Professional Fields,2013-2017,34.86666666666663
Trinidad and Tobago,Psychology,1973-1977,1.0
Trinidad and Tobago,Psychology,1978-1982,3.0
Trinidad and Tobago,Psychology,1983-1987,0.333333333333333
Trinidad and Tobago,Psychology,1988-1992,1.0
Trinidad and Tobago,Psychology,1993-1997,0.45
Trinidad and Tobago,Psychology,1998-2002,1.333333333333333
Trinidad and Tobago,Psychology,2003-2007,1.1811594202898545
Trinidad and Tobago,Psychology,2008-2012,5.399999999999999
Trinidad and Tobago,Psychology,2013-2017,13.542857142857136
Trinidad and Tobago,Social Sciences,1973-1977,18.0
Trinidad and Tobago,Social Sciences,1978-1982,30.944444444444443
Trinidad and Tobago,Social Sciences,1983-1987,22.5
Trinidad and Tobago,Social Sciences,1988-1992,36.333333333333336
Trinidad and Tobago,Social Sciences,1993-1997,12.833333333333332
Trinidad and Tobago,Social Sciences,1998-2002,12.416666666666663
Trinidad and Tobago,Social Sciences,2003-2007,19.016666666666666
Trinidad and Tobago,Social Sciences,2008-2012,38.499999999999986
Trinidad and Tobago,Social Sciences,2013-2017,50.541666666666636
Tunisia,Arts,1973-1977,1.0
Tunisia,Arts,1978-1982,3.0
Tunisia,Arts,1983-1987,1.0
Tunisia,Arts,1998-2002,1.0
Tunisia,Arts,2003-2007,1.0
Tunisia,Arts,2008-2012,4.0
Tunisia,Arts,2013-2017,1.083333333333333
Tunisia,Biology,1973-1977,23.666666666666647
Tunisia,Biology,1978-1982,45.666666666666636
Tunisia,Biology,1983-1987,37.16666666666664
Tunisia,Biology,1988-1992,67.49999999999996
Tunisia,Biology,1993-1997,92.51666666666654
Tunisia,Biology,1998-2002,158.36666666666633
Tunisia,Biology,2003-2007,449.1251984126977
Tunisia,Biology,2008-2012,1451.9054854474603
Tunisia,Biology,2013-2017,1560.5337492274416
Tunisia,Biomedical Research,1973-1977,17.91666666666665
Tunisia,Biomedical Research,1978-1982,25.338095238095214
Tunisia,Biomedical Research,1983-1987,25.716666666666658
Tunisia,Biomedical Research,1988-1992,36.235256410256376
Tunisia,Biomedical Research,1993-1997,64.5441558441558
Tunisia,Biomedical Research,1998-2002,134.84642574201374
Tunisia,Biomedical Research,2003-2007,389.60278038954436
Tunisia,Biomedical Research,2008-2012,1115.4394439862153
Tunisia,Biomedical Research,2013-2017,1260.3736193205152
Tunisia,Chemistry,1973-1977,23.749999999999975
Tunisia,Chemistry,1978-1982,54.5833333333333
Tunisia,Chemistry,1983-1987,94.38333333333323
Tunisia,Chemistry,1988-1992,173.574242424242
Tunisia,Chemistry,1993-1997,194.38333333333313
Tunisia,Chemistry,1998-2002,330.13333333333264
Tunisia,Chemistry,2003-2007,576.6619047619037
Tunisia,Chemistry,2008-2012,823.4392857142841
Tunisia,Chemistry,2013-2017,1309.6198773448743
Tunisia,Clinical Medicine,1973-1977,48.76666666666664
Tunisia,Clinical Medicine,1978-1982,128.8785714285714
Tunisia,Clinical Medicine,1983-1987,234.30757575757568
Tunisia,Clinical Medicine,1988-1992,540.251473922902
Tunisia,Clinical Medicine,1993-1997,545.2396605024003
Tunisia,Clinical Medicine,1998-2002,628.6952707238992
Tunisia,Clinical Medicine,2003-2007,1393.9426105536331
Tunisia,Clinical Medicine,2008-2012,2482.3546424897795
Tunisia,Clinical Medicine,2013-2017,2256.4272842945597
Tunisia,Earth and Space,1973-1977,2.5
Tunisia,Earth and Space,1978-1982,4.916666666666666
Tunisia,Earth and Space,1983-1987,27.14999999999996
Tunisia,Earth and Space,1988-1992,28.54166666666664
Tunisia,Earth and Space,1993-1997,42.24285714285709
Tunisia,Earth and Space,1998-2002,84.3246031746031
Tunisia,Earth and Space,2003-2007,178.31093857832926
Tunisia,Earth and Space,2008-2012,576.5880292121662
Tunisia,Earth and Space,2013-2017,942.7674700204933
Tunisia,Engineering and Technology,1973-1977,2.0
Tunisia,Engineering and Technology,1978-1982,7.833333333333333
Tunisia,Engineering and Technology,1983-1987,21.16666666666666
Tunisia,Engineering and Technology,1988-1992,36.83333333333331
Tunisia,Engineering and Technology,1993-1997,97.78333333333325
Tunisia,Engineering and Technology,1998-2002,322.77619047618936
Tunisia,Engineering and Technology,2003-2007,843.7999999999979
Tunisia,Engineering and Technology,2008-2012,1570.3071428571407
Tunisia,Engineering and Technology,2013-2017,3063.8747113997047
Tunisia,Health,1973-1977,0.5
Tunisia,Health,1983-1987,2.0
Tunisia,Health,1988-1992,1.0
Tunisia,Health,1993-1997,2.0
Tunisia,Health,1998-2002,1.633333333333333
Tunisia,Health,2003-2007,5.56666666666666
Tunisia,Health,2008-2012,16.99563492063491
Tunisia,Health,2013-2017,65.872123469647
Tunisia,Humanities,1973-1977,3.0
Tunisia,Humanities,1978-1982,5.0
Tunisia,Humanities,1983-1987,8.0
Tunisia,Humanities,1988-1992,5.0
Tunisia,Humanities,1993-1997,7.0
Tunisia,Humanities,1998-2002,24.5
Tunisia,Humanities,2003-2007,24.0
Tunisia,Humanities,2008-2012,47.0
Tunisia,Humanities,2013-2017,31.749999999999996
Tunisia,Mathematics,1973-1977,20.0
Tunisia,Mathematics,1978-1982,25.0
Tunisia,Mathematics,1983-1987,52.16666666666666
Tunisia,Mathematics,1988-1992,51.94999999999996
Tunisia,Mathematics,1993-1997,60.183333333333316
Tunisia,Mathematics,1998-2002,236.78809523809505
Tunisia,Mathematics,2003-2007,396.5499999999994
Tunisia,Mathematics,2008-2012,713.4333333333325
Tunisia,Mathematics,2013-2017,965.1857142857102
Tunisia,Physics,1973-1977,12.83333333333332
Tunisia,Physics,1978-1982,30.94999999999998
Tunisia,Physics,1983-1987,52.14999999999995
Tunisia,Physics,1988-1992,64.44999999999987
Tunisia,Physics,1993-1997,120.47499999999977
Tunisia,Physics,1998-2002,257.52993197278823
Tunisia,Physics,2003-2007,439.8751082251069
Tunisia,Physics,2008-2012,651.2422183507534
Tunisia,Physics,2013-2017,1225.8422292612518
Tunisia,Professional Fields,1973-1977,1.333333333333333
Tunisia,Professional Fields,1978-1982,2.0
Tunisia,Professional Fields,1983-1987,2.666666666666666
Tunisia,Professional Fields,1988-1992,1.0
Tunisia,Professional Fields,1993-1997,7.6666666666666625
Tunisia,Professional Fields,1998-2002,8.333333333333329
Tunisia,Professional Fields,2003-2007,20.3333333333333
Tunisia,Professional Fields,2008-2012,75.58333333333314
Tunisia,Professional Fields,2013-2017,110.03611111111069
Tunisia,Psychology,1978-1982,2.33333333333333
Tunisia,Psychology,1983-1987,2.0
Tunisia,Psychology,1993-1997,1.111111111111111
Tunisia,Psychology,1998-2002,0.583333333333333
Tunisia,Psychology,2003-2007,1.166666666666666
Tunisia,Psychology,2008-2012,9.944444444444427
Tunisia,Psychology,2013-2017,26.243668831168804
Tunisia,Social Sciences,1973-1977,6.0
Tunisia,Social Sciences,1978-1982,15.5
Tunisia,Social Sciences,1983-1987,8.166666666666663
Tunisia,Social Sciences,1988-1992,8.916666666666663
Tunisia,Social Sciences,1993-1997,6.309523809523808
Tunisia,Social Sciences,1998-2002,14.45833333333333
Tunisia,Social Sciences,2003-2007,27.13333333333332
Tunisia,Social Sciences,2008-2012,106.30119047619029
Tunisia,Social Sciences,2013-2017,206.7234487734483
Turkey,Arts,1973-1977,1.0
Turkey,Arts,1978-1982,2.0
Turkey,Arts,1983-1987,6.0
Turkey,Arts,1988-1992,6.5
Turkey,Arts,1993-1997,5.0
Turkey,Arts,1998-2002,22.33333333333333
Turkey,Arts,2003-2007,54.75
Turkey,Arts,2008-2012,227.83333333333331
Turkey,Arts,2013-2017,318.34999999999957
Turkey,Biology,1973-1977,69.16666666666666
Turkey,Biology,1978-1982,102.16666666666643
Turkey,Biology,1983-1987,140.1499999999998
Turkey,Biology,1988-1992,246.533333333333
Turkey,Biology,1993-1997,516.754761904761
Turkey,Biology,1998-2002,1370.8499999999967
Turkey,Biology,2003-2007,4670.715010398093
Turkey,Biology,2008-2012,8245.669540552803
Turkey,Biology,2013-2017,8865.543836023986
Turkey,Biomedical Research,1973-1977,101.28333333333332
Turkey,Biomedical Research,1978-1982,86.94999999999997
Turkey,Biomedical Research,1983-1987,148.23333333333323
Turkey,Biomedical Research,1988-1992,246.85490523968767
Turkey,Biomedical Research,1993-1997,693.4568780892303
Turkey,Biomedical Research,1998-2002,1495.1723861141684
Turkey,Biomedical Research,2003-2007,3710.1729885054383
Turkey,Biomedical Research,2008-2012,6699.247578696585
Turkey,Biomedical Research,2013-2017,8191.367169754871
Turkey,Chemistry,1973-1977,64.74999999999999
Turkey,Chemistry,1978-1982,113.86666666666665
Turkey,Chemistry,1983-1987,326.08333333333303
Turkey,Chemistry,1988-1992,650.149999999999
Turkey,Chemistry,1993-1997,1537.9666666666637
Turkey,Chemistry,1998-2002,2831.526190476181
Turkey,Chemistry,2003-2007,5997.016666666648
Turkey,Chemistry,2008-2012,7836.383564066637
Turkey,Chemistry,2013-2017,8427.908336494931
Turkey,Clinical Medicine,1973-1977,272.9095238095237
Turkey,Clinical Medicine,1978-1982,372.29285714285703
Turkey,Clinical Medicine,1983-1987,678.942857142857
Turkey,Clinical Medicine,1988-1992,1989.9250933706796
Turkey,Clinical Medicine,1993-1997,5513.704426764829
Turkey,Clinical Medicine,1998-2002,13531.498981954075
Turkey,Clinical Medicine,2003-2007,30197.90214215018
Turkey,Clinical Medicine,2008-2012,41713.68207470885
Turkey,Clinical Medicine,2013-2017,47351.42858011106
Turkey,Earth and Space,1973-1977,32.33333333333332
Turkey,Earth and Space,1978-1982,89.81666666666665
Turkey,Earth and Space,1983-1987,156.23809523809499
Turkey,Earth and Space,1988-1992,308.20659983291506
Turkey,Earth and Space,1993-1997,653.8883116883105
Turkey,Earth and Space,1998-2002,1325.116059757232
Turkey,Earth and Space,2003-2007,3143.7802810103735
Turkey,Earth and Space,2008-2012,4686.995238963259
Turkey,Earth and Space,2013-2017,6290.287994937096
Turkey,Engineering and Technology,1973-1977,176.58333333333323
Turkey,Engineering and Technology,1978-1982,262.6666666666666
Turkey,Engineering and Technology,1983-1987,327.83333333333303
Turkey,Engineering and Technology,1988-1992,687.0833333333323
Turkey,Engineering and Technology,1993-1997,1689.1214285714254
Turkey,Engineering and Technology,1998-2002,3593.0282106782015
Turkey,Engineering and Technology,2003-2007,9359.349487500782
Turkey,Engineering and Technology,2008-2012,15666.357865350761
Turkey,Engineering and Technology,2013-2017,21100.027417083722
Turkey,Health,1973-1977,1.0
Turkey,Health,1978-1982,2.0
Turkey,Health,1983-1987,3.0
Turkey,Health,1988-1992,10.166666666666666
Turkey,Health,1993-1997,17.5
Turkey,Health,1998-2002,107.29999999999993
Turkey,Health,2003-2007,578.1666666666662
Turkey,Health,2008-2012,1642.9337828837772
Turkey,Health,2013-2017,2465.888633871433
Turkey,Humanities,1973-1977,2.0
Turkey,Humanities,1978-1982,17.0
Turkey,Humanities,1983-1987,12.5
Turkey,Humanities,1988-1992,18.0
Turkey,Humanities,1993-1997,30.83333333333333
Turkey,Humanities,1998-2002,78.41666666666666
Turkey,Humanities,2003-2007,174.16666666666663
Turkey,Humanities,2008-2012,683.096703296703
Turkey,Humanities,2013-2017,628.1174603174596
Turkey,Mathematics,1973-1977,35.166666666666664
Turkey,Mathematics,1978-1982,52.666666666666664
Turkey,Mathematics,1983-1987,66.11666666666666
Turkey,Mathematics,1988-1992,117.7499999999999
Turkey,Mathematics,1993-1997,220.66666666666634
Turkey,Mathematics,1998-2002,475.59285714285653
Turkey,Mathematics,2003-2007,1617.4619047619008
Turkey,Mathematics,2008-2012,3343.7325396825327
Turkey,Mathematics,2013-2017,4516.344841269835
Turkey,Physics,1973-1977,122.33333333333331
Turkey,Physics,1978-1982,167.86666666666656
Turkey,Physics,1983-1987,237.58333333333312
Turkey,Physics,1988-1992,364.116666666666
Turkey,Physics,1993-1997,893.1351579300313
Turkey,Physics,1998-2002,1775.85656474709
Turkey,Physics,2003-2007,3757.9418402329406
Turkey,Physics,2008-2012,4777.944988821633
Turkey,Physics,2013-2017,6718.616467352873
Turkey,Professional Fields,1973-1977,12.49999999999999
Turkey,Professional Fields,1978-1982,11.83333333333332
Turkey,Professional Fields,1983-1987,27.58333333333333
Turkey,Professional Fields,1988-1992,55.16666666666656
Turkey,Professional Fields,1993-1997,113.56666666666644
Turkey,Professional Fields,1998-2002,209.0717948717945
Turkey,Professional Fields,2003-2007,792.7852646321664
Turkey,Professional Fields,2008-2012,4100.883664026885
Turkey,Professional Fields,2013-2017,3873.9864270969106
Turkey,Psychology,1973-1977,10.33333333333333
Turkey,Psychology,1978-1982,12.83333333333333
Turkey,Psychology,1983-1987,13.547619047619047
Turkey,Psychology,1988-1992,37.75
Turkey,Psychology,1993-1997,85.18333333333331
Turkey,Psychology,1998-2002,167.8228354978354
Turkey,Psychology,2003-2007,396.4539485359357
Turkey,Psychology,2008-2012,670.7925354458978
Turkey,Psychology,2013-2017,883.0143303248249
Turkey,Social Sciences,1973-1977,37.49999999999999
Turkey,Social Sciences,1978-1982,57.166666666666664
Turkey,Social Sciences,1983-1987,50.166666666666664
Turkey,Social Sciences,1988-1992,92.36666666666662
Turkey,Social Sciences,1993-1997,176.7364468864467
Turkey,Social Sciences,1998-2002,392.07499999999965
Turkey,Social Sciences,2003-2007,962.466666666665
Turkey,Social Sciences,2008-2012,3112.9343767343694
Turkey,Social Sciences,2013-2017,4120.2896333977105
Turkmenistan,Biology,1988-1992,1.0
Turkmenistan,Biology,1993-1997,18.0
Turkmenistan,Biology,1998-2002,4.866666666666666
Turkmenistan,Biology,2003-2007,2.999999999999999
Turkmenistan,Biology,2008-2012,1.166666666666666
Turkmenistan,Biology,2013-2017,1.333333333333333
Turkmenistan,Biomedical Research,1988-1992,2.5
Turkmenistan,Biomedical Research,1993-1997,4.666666666666666
Turkmenistan,Biomedical Research,1998-2002,0.583333333333333
Turkmenistan,Biomedical Research,2003-2007,0.166666666666666
Turkmenistan,Biomedical Research,2008-2012,0.266666666666666
Turkmenistan,Biomedical Research,2013-2017,0.75
Turkmenistan,Chemistry,1988-1992,3.333333333333333
Turkmenistan,Chemistry,1993-1997,7.9999999999999964
Turkmenistan,Chemistry,1998-2002,0.5
Turkmenistan,Chemistry,2003-2007,0.5
Turkmenistan,Chemistry,2013-2017,0.2
Turkmenistan,Clinical Medicine,1988-1992,1.25
Turkmenistan,Clinical Medicine,1993-1997,7.0
Turkmenistan,Clinical Medicine,1998-2002,5.033333333333333
Turkmenistan,Clinical Medicine,2008-2012,2.0
Turkmenistan,Clinical Medicine,2013-2017,1.666666666666666
Turkmenistan,Earth and Space,1988-1992,3.0
Turkmenistan,Earth and Space,1993-1997,7.083333333333332
Turkmenistan,Earth and Space,1998-2002,2.193650793650792
Turkmenistan,Earth and Space,2003-2007,1.466666666666666
Turkmenistan,Earth and Space,2008-2012,1.452380952380952
Turkmenistan,Earth and Space,2013-2017,4.235714285714283
Turkmenistan,Engineering and Technology,1998-2002,1.333333333333333
Turkmenistan,Engineering and Technology,2003-2007,0.666666666666666
Turkmenistan,Engineering and Technology,2008-2012,4.2
Turkmenistan,Engineering and Technology,2013-2017,4.624999999999999
Turkmenistan,Humanities,2013-2017,1.0
Turkmenistan,Mathematics,1993-1997,5.5
Turkmenistan,Mathematics,1998-2002,0.75
Turkmenistan,Mathematics,2003-2007,4.4166666666666625
Turkmenistan,Mathematics,2008-2012,14.166666666666663
Turkmenistan,Mathematics,2013-2017,14.166666666666643
Turkmenistan,Physics,1988-1992,0.5
Turkmenistan,Physics,1993-1997,11.333333333333332
Turkmenistan,Physics,1998-2002,3.499999999999998
Turkmenistan,Physics,2003-2007,3.25
Turkmenistan,Physics,2008-2012,1.5333333333333319
Turkmenistan,Physics,2013-2017,1.333333333333333
Turkmenistan,Psychology,1998-2002,1.0
Turkmenistan,Social Sciences,1993-1997,0.142857142857142
Turkmenistan,Social Sciences,1998-2002,0.5
Turkmenistan,Social Sciences,2003-2007,0.5
Turkmenistan,Social Sciences,2008-2012,0.333333333333333
Tuvalu,Biology,1998-2002,1.0
Tuvalu,Biology,2003-2007,0.333333333333333
Tuvalu,Biology,2013-2017,0.7
Tuvalu,Clinical Medicine,1978-1982,0.5
Tuvalu,Clinical Medicine,1988-1992,3.0
Tuvalu,Clinical Medicine,1993-1997,1.0
Tuvalu,Clinical Medicine,2003-2007,0.25
Tuvalu,Clinical Medicine,2008-2012,0.0666666666666666
Tuvalu,Clinical Medicine,2013-2017,0.35
Tuvalu,Earth and Space,2013-2017,0.8434782608695652
Tuvalu,Engineering and Technology,1998-2002,1.0
Uganda,Arts,2008-2012,2.5
Uganda,Arts,2013-2017,2.933333333333333
Uganda,Biology,1973-1977,81.08333333333331
Uganda,Biology,1978-1982,50.44999999999999
Uganda,Biology,1983-1987,54.08333333333333
Uganda,Biology,1988-1992,57.41666666666665
Uganda,Biology,1993-1997,72.17916666666662
Uganda,Biology,1998-2002,130.49906015037584
Uganda,Biology,2003-2007,221.47272727272704
Uganda,Biology,2008-2012,223.68096041597124
Uganda,Biology,2013-2017,216.71170305507954
Uganda,Biomedical Research,1973-1977,32.266666666666666
Uganda,Biomedical Research,1978-1982,7.96190476190476
Uganda,Biomedical Research,1983-1987,9.083333333333332
Uganda,Biomedical Research,1988-1992,2.416666666666666
Uganda,Biomedical Research,1993-1997,10.494810744810724
Uganda,Biomedical Research,1998-2002,31.288070263070217
Uganda,Biomedical Research,2003-2007,50.745741186917556
Uganda,Biomedical Research,2008-2012,171.20680689543772
Uganda,Biomedical Research,2013-2017,289.22365685400666
Uganda,Chemistry,1973-1977,11.49999999999999
Uganda,Chemistry,1978-1982,13.5
Uganda,Chemistry,1983-1987,5.35
Uganda,Chemistry,1988-1992,5.098484848484844
Uganda,Chemistry,1993-1997,1.5
Uganda,Chemistry,1998-2002,0.2
Uganda,Chemistry,2003-2007,2.033333333333333
Uganda,Chemistry,2008-2012,6.216666666666663
Uganda,Chemistry,2013-2017,6.126190476190472
Uganda,Clinical Medicine,1973-1977,205.73333333333306
Uganda,Clinical Medicine,1978-1982,83.48333333333332
Uganda,Clinical Medicine,1983-1987,48.324242424242414
Uganda,Clinical Medicine,1988-1992,63.308333333333294
Uganda,Clinical Medicine,1993-1997,156.24371325192183
Uganda,Clinical Medicine,1998-2002,220.7801770459549
Uganda,Clinical Medicine,2003-2007,312.22655359691987
Uganda,Clinical Medicine,2008-2012,648.9343797004597
Uganda,Clinical Medicine,2013-2017,929.770312384517
Uganda,Earth and Space,1973-1977,1.0
Uganda,Earth and Space,1978-1982,3.5
Uganda,Earth and Space,1983-1987,4.5
Uganda,Earth and Space,1988-1992,3.0
Uganda,Earth and Space,1993-1997,8.726190476190471
Uganda,Earth and Space,1998-2002,13.376190476190462
Uganda,Earth and Space,2003-2007,32.524999999999956
Uganda,Earth and Space,2008-2012,50.926821789321735
Uganda,Earth and Space,2013-2017,90.95622597741217
Uganda,Engineering and Technology,1973-1977,1.0
Uganda,Engineering and Technology,1993-1997,2.5
Uganda,Engineering and Technology,1998-2002,5.5
Uganda,Engineering and Technology,2003-2007,14.741666666666664
Uganda,Engineering and Technology,2008-2012,20.844444444444434
Uganda,Engineering and Technology,2013-2017,45.31984126984119
Uganda,Health,1973-1977,3.0
Uganda,Health,1983-1987,2.0
Uganda,Health,1988-1992,5.5
Uganda,Health,1993-1997,13.26666666666665
Uganda,Health,1998-2002,34.89999999999997
Uganda,Health,2003-2007,48.290443298531464
Uganda,Health,2008-2012,159.24923638453012
Uganda,Health,2013-2017,297.96874697527494
Uganda,Humanities,1973-1977,1.25
Uganda,Humanities,1978-1982,1.0
Uganda,Humanities,1983-1987,1.0
Uganda,Humanities,1993-1997,4.0
Uganda,Humanities,1998-2002,3.0
Uganda,Humanities,2003-2007,1.5
Uganda,Humanities,2008-2012,11.233333333333329
Uganda,Humanities,2013-2017,11.583333333333332
Uganda,Mathematics,1973-1977,0.5
Uganda,Mathematics,1978-1982,2.0
Uganda,Mathematics,1983-1987,2.333333333333333
Uganda,Mathematics,1993-1997,1.0
Uganda,Mathematics,1998-2002,1.5
Uganda,Mathematics,2003-2007,4.0
Uganda,Mathematics,2008-2012,12.749999999999996
Uganda,Mathematics,2013-2017,15.051680672268862
Uganda,Physics,1973-1977,1.5
Uganda,Physics,1983-1987,3.0
Uganda,Physics,1998-2002,0.5
Uganda,Physics,2003-2007,1.033333333333333
Uganda,Physics,2008-2012,3.416666666666659
Uganda,Physics,2013-2017,3.444444444444443
Uganda,Professional Fields,1973-1977,6.0
Uganda,Professional Fields,1978-1982,9.5
Uganda,Professional Fields,1983-1987,2.5
Uganda,Professional Fields,1988-1992,3.0
Uganda,Professional Fields,1993-1997,5.3125
Uganda,Professional Fields,1998-2002,12.6
Uganda,Professional Fields,2003-2007,9.119047619047613
Uganda,Professional Fields,2008-2012,43.979166666666636
Uganda,Professional Fields,2013-2017,49.62204968944093
Uganda,Psychology,1973-1977,5.11111111111111
Uganda,Psychology,1978-1982,4.833333333333333
Uganda,Psychology,1983-1987,0.5
Uganda,Psychology,1988-1992,2.666666666666666
Uganda,Psychology,1993-1997,0.75
Uganda,Psychology,1998-2002,4.416666666666661
Uganda,Psychology,2003-2007,5.176190476190462
Uganda,Psychology,2008-2012,17.75678893178889
Uganda,Psychology,2013-2017,22.775456912908055
Uganda,Social Sciences,1973-1977,26.5
Uganda,Social Sciences,1978-1982,4.0
Uganda,Social Sciences,1983-1987,7.0
Uganda,Social Sciences,1988-1992,11.583333333333332
Uganda,Social Sciences,1993-1997,15.0
Uganda,Social Sciences,1998-2002,13.833333333333332
Uganda,Social Sciences,2003-2007,28.392857142857117
Uganda,Social Sciences,2008-2012,62.76904761904757
Uganda,Social Sciences,2013-2017,114.02077732209284
Ukraine,Arts,1993-1997,8.5
Ukraine,Arts,2003-2007,2.0
Ukraine,Arts,2008-2012,1.0
Ukraine,Arts,2013-2017,4.666666666666666
Ukraine,Biology,1988-1992,24.5
Ukraine,Biology,1993-1997,314.7261904761901
Ukraine,Biology,1998-2002,281.33611111111065
Ukraine,Biology,2003-2007,253.023145318733
Ukraine,Biology,2008-2012,312.01844588515627
Ukraine,Biology,2013-2017,466.0847852169871
Ukraine,Biomedical Research,1988-1992,124.16666666666643
Ukraine,Biomedical Research,1993-1997,797.3511294261283
Ukraine,Biomedical Research,1998-2002,534.6429540266485
Ukraine,Biomedical Research,2003-2007,453.58879723927595
Ukraine,Biomedical Research,2008-2012,593.4490427946203
Ukraine,Biomedical Research,2013-2017,656.2098588599724
Ukraine,Chemistry,1988-1992,829.2499999999989
Ukraine,Chemistry,1993-1997,3603.1845238095134
Ukraine,Chemistry,1998-2002,2926.8023809523747
Ukraine,Chemistry,2003-2007,2743.1404761904673
Ukraine,Chemistry,2008-2012,3071.329458450037
Ukraine,Chemistry,2013-2017,2620.4179505135326
Ukraine,Clinical Medicine,1988-1992,306.99999999999915
Ukraine,Clinical Medicine,1993-1997,880.0426587301578
Ukraine,Clinical Medicine,1998-2002,789.965941411527
Ukraine,Clinical Medicine,2003-2007,353.7108228585844
Ukraine,Clinical Medicine,2008-2012,617.361458138988
Ukraine,Clinical Medicine,2013-2017,721.8693486115023
Ukraine,Earth and Space,1978-1982,0.333333333333333
Ukraine,Earth and Space,1988-1992,46.16666666666658
Ukraine,Earth and Space,1993-1997,628.5795426463596
Ukraine,Earth and Space,1998-2002,620.4710949485298
Ukraine,Earth and Space,2003-2007,618.9249470675387
Ukraine,Earth and Space,2008-2012,773.3819653427882
Ukraine,Earth and Space,2013-2017,790.3419928779632
Ukraine,Engineering and Technology,1983-1987,2.0
Ukraine,Engineering and Technology,1988-1992,338.9999999999993
Ukraine,Engineering and Technology,1993-1997,3471.527380952374
Ukraine,Engineering and Technology,1998-2002,3973.324801587288
Ukraine,Engineering and Technology,2003-2007,3780.999925951231
Ukraine,Engineering and Technology,2008-2012,5101.2448945482465
Ukraine,Engineering and Technology,2013-2017,4233.322320319698
Ukraine,Health,1993-1997,2.0
Ukraine,Health,1998-2002,2.416666666666666
Ukraine,Health,2003-2007,16.446825396825396
Ukraine,Health,2008-2012,22.89130591630589
Ukraine,Health,2013-2017,31.517272191410058
Ukraine,Humanities,1988-1992,3.0
Ukraine,Humanities,1993-1997,32.5
Ukraine,Humanities,1998-2002,26.66666666666666
Ukraine,Humanities,2003-2007,29.0
Ukraine,Humanities,2008-2012,35.33333333333333
Ukraine,Humanities,2013-2017,66.42424242424242
Ukraine,Mathematics,1988-1992,52.0
Ukraine,Mathematics,1993-1997,526.0416666666661
Ukraine,Mathematics,1998-2002,664.7444444444423
Ukraine,Mathematics,2003-2007,688.2019841269818
Ukraine,Mathematics,2008-2012,1471.5992063492038
Ukraine,Mathematics,2013-2017,1313.666269841266
Ukraine,Physics,1973-1977,6.0
Ukraine,Physics,1988-1992,534.3333333333319
Ukraine,Physics,1993-1997,6354.553485403475
Ukraine,Physics,1998-2002,6216.214499565899
Ukraine,Physics,2003-2007,5481.532778743137
Ukraine,Physics,2008-2012,5499.828980320163
Ukraine,Physics,2013-2017,4147.223158912683
Ukraine,Professional Fields,1988-1992,3.0
Ukraine,Professional Fields,1993-1997,32.0
Ukraine,Professional Fields,1998-2002,7.5
Ukraine,Professional Fields,2003-2007,19.416666666666654
Ukraine,Professional Fields,2008-2012,19.30384615384614
Ukraine,Professional Fields,2013-2017,26.133333333333304
Ukraine,Psychology,1988-1992,3.0
Ukraine,Psychology,1993-1997,31.83333333333333
Ukraine,Psychology,1998-2002,30.26666666666666
Ukraine,Psychology,2003-2007,10.85
Ukraine,Psychology,2008-2012,20.58333333333333
Ukraine,Psychology,2013-2017,21.086132324589045
Ukraine,Social Sciences,1988-1992,2.0
Ukraine,Social Sciences,1993-1997,48.48571428571428
Ukraine,Social Sciences,1998-2002,59.199999999999974
Ukraine,Social Sciences,2003-2007,53.109523809523765
Ukraine,Social Sciences,2008-2012,1244.5988095238085
Ukraine,Social Sciences,2013-2017,122.24897276636392
United Arab Emirates,Arts,1988-1992,1.0
United Arab Emirates,Arts,2003-2007,2.0
United Arab Emirates,Arts,2008-2012,14.86666666666666
United Arab Emirates,Arts,2013-2017,15.73888888888888
United Arab Emirates,Biology,1978-1982,1.0
United Arab Emirates,Biology,1983-1987,2.0
United Arab Emirates,Biology,1988-1992,12.16666666666666
United Arab Emirates,Biology,1993-1997,45.99999999999999
United Arab Emirates,Biology,1998-2002,55.1833333333333
United Arab Emirates,Biology,2003-2007,94.03571428571422
United Arab Emirates,Biology,2008-2012,117.49173881673869
United Arab Emirates,Biology,2013-2017,191.08265646813715
United Arab Emirates,Biomedical Research,1978-1982,3.0
United Arab Emirates,Biomedical Research,1983-1987,1.5
United Arab Emirates,Biomedical Research,1988-1992,12.333333333333332
United Arab Emirates,Biomedical Research,1993-1997,89.08730158730148
United Arab Emirates,Biomedical Research,1998-2002,86.70364357864351
United Arab Emirates,Biomedical Research,2003-2007,174.82408099147193
United Arab Emirates,Biomedical Research,2008-2012,228.88946742686628
United Arab Emirates,Biomedical Research,2013-2017,449.632161457389
United Arab Emirates,Chemistry,1973-1977,0.5
United Arab Emirates,Chemistry,1978-1982,2.33333333333333
United Arab Emirates,Chemistry,1983-1987,15.333333333333332
United Arab Emirates,Chemistry,1988-1992,40.66666666666666
United Arab Emirates,Chemistry,1993-1997,58.81666666666663
United Arab Emirates,Chemistry,1998-2002,54.91666666666663
United Arab Emirates,Chemistry,2003-2007,99.23571428571418
United Arab Emirates,Chemistry,2008-2012,161.5190476190473
United Arab Emirates,Chemistry,2013-2017,357.8375050875043
United Arab Emirates,Clinical Medicine,1973-1977,3.0
United Arab Emirates,Clinical Medicine,1978-1982,19.166666666666664
United Arab Emirates,Clinical Medicine,1983-1987,28.53333333333333
United Arab Emirates,Clinical Medicine,1988-1992,112.40952380952378
United Arab Emirates,Clinical Medicine,1993-1997,354.561611090059
United Arab Emirates,Clinical Medicine,1998-2002,440.8960317460312
United Arab Emirates,Clinical Medicine,2003-2007,453.89475235725143
United Arab Emirates,Clinical Medicine,2008-2012,714.3916806916999
United Arab Emirates,Clinical Medicine,2013-2017,880.367467309691
United Arab Emirates,Earth and Space,1973-1977,0.25
United Arab Emirates,Earth and Space,1978-1982,1.0
United Arab Emirates,Earth and Space,1983-1987,7.5
United Arab Emirates,Earth and Space,1988-1992,15.66666666666665
United Arab Emirates,Earth and Space,1993-1997,70.49999999999999
United Arab Emirates,Earth and Space,1998-2002,55.82142857142853
United Arab Emirates,Earth and Space,2003-2007,75.95119047619033
United Arab Emirates,Earth and Space,2008-2012,125.36704080943177
United Arab Emirates,Earth and Space,2013-2017,344.51239557231423
United Arab Emirates,Engineering and Technology,1973-1977,1.0
United Arab Emirates,Engineering and Technology,1978-1982,5.333333333333333
United Arab Emirates,Engineering and Technology,1983-1987,46.16666666666666
United Arab Emirates,Engineering and Technology,1988-1992,81.5
United Arab Emirates,Engineering and Technology,1993-1997,150.55952380952368
United Arab Emirates,Engineering and Technology,1998-2002,218.1499999999996
United Arab Emirates,Engineering and Technology,2003-2007,455.1852564102553
United Arab Emirates,Engineering and Technology,2008-2012,896.3150793650774
United Arab Emirates,Engineering and Technology,2013-2017,1894.1724969474935
United Arab Emirates,Health,1983-1987,2.5
United Arab Emirates,Health,1988-1992,1.0
United Arab Emirates,Health,1993-1997,10.0
United Arab Emirates,Health,1998-2002,14.36666666666666
United Arab Emirates,Health,2003-2007,15.116666666666656
United Arab Emirates,Health,2008-2012,48.91428571428566
United Arab Emirates,Health,2013-2017,79.55298950395519
United Arab Emirates,Humanities,1998-2002,6.0
United Arab Emirates,Humanities,2003-2007,10.0
United Arab Emirates,Humanities,2008-2012,53.83333333333333
United Arab Emirates,Humanities,2013-2017,92.1853174603174
United Arab Emirates,Mathematics,1978-1982,1.0
United Arab Emirates,Mathematics,1983-1987,12.0
United Arab Emirates,Mathematics,1988-1992,11.83333333333333
United Arab Emirates,Mathematics,1993-1997,20.08333333333333
United Arab Emirates,Mathematics,1998-2002,40.58333333333328
United Arab Emirates,Mathematics,2003-2007,151.24999999999963
United Arab Emirates,Mathematics,2008-2012,149.46666666666636
United Arab Emirates,Mathematics,2013-2017,222.56428571428515
United Arab Emirates,Physics,1978-1982,6.0
United Arab Emirates,Physics,1983-1987,3.0
United Arab Emirates,Physics,1988-1992,22.33333333333333
United Arab Emirates,Physics,1993-1997,27.116666666666656
United Arab Emirates,Physics,1998-2002,60.69999999999996
United Arab Emirates,Physics,2003-2007,122.53333333333293
United Arab Emirates,Physics,2008-2012,160.5104108309988
United Arab Emirates,Physics,2013-2017,278.1642835442563
United Arab Emirates,Professional Fields,1978-1982,0.5
United Arab Emirates,Professional Fields,1988-1992,2.33333333333333
United Arab Emirates,Professional Fields,1993-1997,9.99999999999999
United Arab Emirates,Professional Fields,1998-2002,19.99999999999999
United Arab Emirates,Professional Fields,2003-2007,67.24999999999996
United Arab Emirates,Professional Fields,2008-2012,224.56111111111082
United Arab Emirates,Professional Fields,2013-2017,310.82340102707684
United Arab Emirates,Psychology,1983-1987,0.25
United Arab Emirates,Psychology,1988-1992,0.5
United Arab Emirates,Psychology,1993-1997,13.0
United Arab Emirates,Psychology,1998-2002,23.66666666666666
United Arab Emirates,Psychology,2003-2007,17.264492753623184
United Arab Emirates,Psychology,2008-2012,37.33968253968252
United Arab Emirates,Psychology,2013-2017,87.84820261437893
United Arab Emirates,Social Sciences,1978-1982,2.0
United Arab Emirates,Social Sciences,1983-1987,0.5
United Arab Emirates,Social Sciences,1988-1992,3.25
United Arab Emirates,Social Sciences,1993-1997,23.999999999999993
United Arab Emirates,Social Sciences,1998-2002,28.366666666666664
United Arab Emirates,Social Sciences,2003-2007,62.77777777777776
United Arab Emirates,Social Sciences,2008-2012,137.56666666666626
United Arab Emirates,Social Sciences,2013-2017,231.9805555555551
United Arab Republic,Biology,1973-1977,341.4166666666663
United Arab Republic,Biomedical Research,1973-1977,217.89999999999986
United Arab Republic,Chemistry,1973-1977,697.75
United Arab Republic,Clinical Medicine,1973-1977,547.4071428571427
United Arab Republic,Earth and Space,1973-1977,28.5
United Arab Republic,Engineering and Technology,1973-1977,255.99999999999991
United Arab Republic,Health,1973-1977,4.833333333333333
United Arab Republic,Mathematics,1973-1977,8.16666666666666
United Arab Republic,Physics,1973-1977,125.83333333333329
United Arab Republic,Professional Fields,1973-1977,3.833333333333333
United Arab Republic,Psychology,1973-1977,2.0
United Arab Republic,Social Sciences,1973-1977,19.66666666666666
United Kingdom,Arts,1973-1977,497.3809523809523
United Kingdom,Arts,1978-1982,841.3666666666666
United Kingdom,Arts,1983-1987,990.366666666666
United Kingdom,Arts,1988-1992,1042.6666666666656
United Kingdom,Arts,1993-1997,1354.885714285712
United Kingdom,Arts,1998-2002,1716.48333333333
United Kingdom,Arts,2003-2007,1479.009523809518
United Kingdom,Arts,2008-2012,2596.166738816732
United Kingdom,Arts,2013-2017,3241.614977534538
United Kingdom,Biology,1973-1977,12933.024999999972
United Kingdom,Biology,1978-1982,16956.669047619
United Kingdom,Biology,1983-1987,17787.923938806234
United Kingdom,Biology,1988-1992,15745.598051947996
United Kingdom,Biology,1993-1997,17034.498830789056
United Kingdom,Biology,1998-2002,17475.880718904344
United Kingdom,Biology,2003-2007,16196.659201317434
United Kingdom,Biology,2008-2012,15927.02428945407
United Kingdom,Biology,2013-2017,15513.824270225758
United Kingdom,Biomedical Research,1973-1977,22446.760400139025
United Kingdom,Biomedical Research,1978-1982,25290.33582183575
United Kingdom,Biomedical Research,1983-1987,28689.035259052045
United Kingdom,Biomedical Research,1988-1992,30942.047203703823
United Kingdom,Biomedical Research,1993-1997,37323.80326033068
United Kingdom,Biomedical Research,1998-2002,36952.26548407941
United Kingdom,Biomedical Research,2003-2007,36483.78996407184
United Kingdom,Biomedical Research,2008-2012,40359.97357104436
United Kingdom,Biomedical Research,2013-2017,46890.05056794639
United Kingdom,Chemistry,1973-1977,17200.645238095214
United Kingdom,Chemistry,1978-1982,17073.80785048283
United Kingdom,Chemistry,1983-1987,17452.87150072148
United Kingdom,Chemistry,1988-1992,18879.35850258955
United Kingdom,Chemistry,1993-1997,22486.985912698347
United Kingdom,Chemistry,1998-2002,22248.260051059984
United Kingdom,Chemistry,2003-2007,21290.761337772394
United Kingdom,Chemistry,2008-2012,20758.244942933743
United Kingdom,Chemistry,2013-2017,20210.613998163622
United Kingdom,Clinical Medicine,1973-1977,44700.22063214552
United Kingdom,Clinical Medicine,1978-1982,55856.26490475885
United Kingdom,Clinical Medicine,1983-1987,71731.35782047578
United Kingdom,Clinical Medicine,1988-1992,82109.3423001422
United Kingdom,Clinical Medicine,1993-1997,91050.86943955142
United Kingdom,Clinical Medicine,1998-2002,93514.7332522163
United Kingdom,Clinical Medicine,2003-2007,95462.52738400162
United Kingdom,Clinical Medicine,2008-2012,102129.75584903787
United Kingdom,Clinical Medicine,2013-2017,102623.76822562818
United Kingdom,Earth and Space,1973-1977,4658.743589743577
United Kingdom,Earth and Space,1978-1982,6941.098468198457
United Kingdom,Earth and Space,1983-1987,9023.44196065371
United Kingdom,Earth and Space,1988-1992,9479.110193646096
United Kingdom,Earth and Space,1993-1997,13043.285645347803
United Kingdom,Earth and Space,1998-2002,15689.870600042374
United Kingdom,Earth and Space,2003-2007,16853.998492376377
United Kingdom,Earth and Space,2008-2012,19279.028130666044
United Kingdom,Earth and Space,2013-2017,22786.660280333203
United Kingdom,Engineering and Technology,1973-1977,14405.410317460299
United Kingdom,Engineering and Technology,1978-1982,16785.10238095233
United Kingdom,Engineering and Technology,1983-1987,18590.54007936503
United Kingdom,Engineering and Technology,1988-1992,19430.653318168715
United Kingdom,Engineering and Technology,1993-1997,26087.574406138687
United Kingdom,Engineering and Technology,1998-2002,29086.16587751184
United Kingdom,Engineering and Technology,2003-2007,32014.265527477724
United Kingdom,Engineering and Technology,2008-2012,30750.627287645286
United Kingdom,Engineering and Technology,2013-2017,38737.563475704395
United Kingdom,Health,1973-1977,1255.8428571428556
United Kingdom,Health,1978-1982,1547.804761904761
United Kingdom,Health,1983-1987,1849.5583333333316
United Kingdom,Health,1988-1992,2595.655882352937
United Kingdom,Health,1993-1997,4904.870640470629
United Kingdom,Health,1998-2002,6865.060478384403
United Kingdom,Health,2003-2007,8414.24799977239
United Kingdom,Health,2008-2012,11734.307306353148
United Kingdom,Health,2013-2017,14215.743796684368
United Kingdom,Humanities,1973-1977,3379.574999999996
United Kingdom,Humanities,1978-1982,5975.143589743584
United Kingdom,Humanities,1983-1987,6906.854761904755
United Kingdom,Humanities,1988-1992,5849.53333333333
United Kingdom,Humanities,1993-1997,6766.765934065929
United Kingdom,Humanities,1998-2002,8023.94642857142
United Kingdom,Humanities,2003-2007,8532.538888888876
United Kingdom,Humanities,2008-2012,14012.659920634904
United Kingdom,Humanities,2013-2017,16637.88299210378
United Kingdom,Mathematics,1973-1977,3691.9833333333263
United Kingdom,Mathematics,1978-1982,3497.6333333333246
United Kingdom,Mathematics,1983-1987,4218.316666666658
United Kingdom,Mathematics,1988-1992,3946.92499999999
United Kingdom,Mathematics,1993-1997,4662.8143578643485
United Kingdom,Mathematics,1998-2002,5376.093253968244
United Kingdom,Mathematics,2003-2007,6162.334559884552
United Kingdom,Mathematics,2008-2012,8355.489853637517
United Kingdom,Mathematics,2013-2017,9025.604140371282
United Kingdom,Physics,1973-1977,14478.037987012967
United Kingdom,Physics,1978-1982,15414.806416373422
United Kingdom,Physics,1983-1987,16816.13652953596
United Kingdom,Physics,1988-1992,19166.99877359813
United Kingdom,Physics,1993-1997,23685.358526758297
United Kingdom,Physics,1998-2002,23753.179551836427
United Kingdom,Physics,2003-2007,23994.482300392072
United Kingdom,Physics,2008-2012,22886.81242386972
United Kingdom,Physics,2013-2017,21925.634077495415
United Kingdom,Professional Fields,1973-1977,3596.839393939388
United Kingdom,Professional Fields,1978-1982,5260.785714285707
United Kingdom,Professional Fields,1983-1987,5845.716666666656
United Kingdom,Professional Fields,1988-1992,5585.964285714274
United Kingdom,Professional Fields,1993-1997,7453.412536075024
United Kingdom,Professional Fields,1998-2002,8339.739026251513
United Kingdom,Professional Fields,2003-2007,10136.018030580515
United Kingdom,Professional Fields,2008-2012,16055.186932909815
United Kingdom,Professional Fields,2013-2017,19010.50097794408
United Kingdom,Psychology,1973-1977,3059.761111111106
United Kingdom,Psychology,1978-1982,4057.7452380952304
United Kingdom,Psychology,1983-1987,4504.059956709945
United Kingdom,Psychology,1988-1992,4330.346825396811
United Kingdom,Psychology,1993-1997,5880.803618603601
United Kingdom,Psychology,1998-2002,7247.900225651521
United Kingdom,Psychology,2003-2007,8700.5199125126
United Kingdom,Psychology,2008-2012,11327.362990498017
United Kingdom,Psychology,2013-2017,12946.966420048779
United Kingdom,Social Sciences,1973-1977,7224.316666666652
United Kingdom,Social Sciences,1978-1982,8876.032142857128
United Kingdom,Social Sciences,1983-1987,9306.601190476174
United Kingdom,Social Sciences,1988-1992,9040.416500574573
United Kingdom,Social Sciences,1993-1997,12363.406890331862
United Kingdom,Social Sciences,1998-2002,14845.924131424097
United Kingdom,Social Sciences,2003-2007,17443.394451080287
United Kingdom,Social Sciences,2008-2012,25298.60636294221
United Kingdom,Social Sciences,2013-2017,28531.245290836363
United States,Arts,1973-1977,3146.7619047619037
United States,Arts,1978-1982,6525.733333333332
United States,Arts,1983-1987,7597.183333333329
United States,Arts,1988-1992,6834.1666666666615
United States,Arts,1993-1997,6421.2809523809465
United States,Arts,1998-2002,6091.678571428568
United States,Arts,2003-2007,5194.409523809519
United States,Arts,2008-2012,5975.582792207787
United States,Arts,2013-2017,6467.711191916392
United States,Biology,1973-1977,55351.654329004195
United States,Biology,1978-1982,72988.08055555535
United States,Biology,1983-1987,79148.57811355293
United States,Biology,1988-1992,79008.55808913292
United States,Biology,1993-1997,72655.55028860012
United States,Biology,1998-2002,73392.57946745897
United States,Biology,2003-2007,85337.91118355238
United States,Biology,2008-2012,89168.69502996122
United States,Biology,2013-2017,90078.94038980381
United States,Biomedical Research,1973-1977,90765.47158560377
United States,Biomedical Research,1978-1982,112211.19342324322
United States,Biomedical Research,1983-1987,132293.8448773547
United States,Biomedical Research,1988-1992,155491.40662432965
United States,Biomedical Research,1993-1997,175817.64628473597
United States,Biomedical Research,1998-2002,178826.5249543909
United States,Biomedical Research,2003-2007,189320.84871648083
United States,Biomedical Research,2008-2012,209694.30806938367
United States,Biomedical Research,2013-2017,227176.61949255565
United States,Chemistry,1973-1977,48014.721428571254
United States,Chemistry,1978-1982,53031.600654900496
United States,Chemistry,1983-1987,62345.953271728096
United States,Chemistry,1988-1992,71608.02099721451
United States,Chemistry,1993-1997,78154.27724155453
United States,Chemistry,1998-2002,75352.14344621226
United States,Chemistry,2003-2007,83994.52331076986
United States,Chemistry,2008-2012,85336.39869455657
United States,Chemistry,2013-2017,85614.2510589442
United States,Clinical Medicine,1973-1977,184340.30571013907
United States,Clinical Medicine,1978-1982,252435.55219628362
United States,Clinical Medicine,1983-1987,298352.23582335585
United States,Clinical Medicine,1988-1992,333424.9994387077
United States,Clinical Medicine,1993-1997,365348.5551345798
United States,Clinical Medicine,1998-2002,371765.96705595055
United States,Clinical Medicine,2003-2007,408030.71413936606
United States,Clinical Medicine,2008-2012,470147.8637041966
United States,Clinical Medicine,2013-2017,502868.9192496708
United States,Earth and Space,1973-1977,31343.48043345534
United States,Earth and Space,1978-1982,38971.44751082241
United States,Earth and Space,1983-1987,45337.61475134334
United States,Earth and Space,1988-1992,48775.27777895031
United States,Earth and Space,1993-1997,57320.24108555004
United States,Earth and Space,1998-2002,60316.419492663226
United States,Earth and Space,2003-2007,69542.66069501269
United States,Earth and Space,2008-2012,78196.25163843328
United States,Earth and Space,2013-2017,91073.26972406494
United States,Engineering and Technology,1973-1977,54716.78961038944
United States,Engineering and Technology,1978-1982,69961.08015872992
United States,Engineering and Technology,1983-1987,85282.70198412679
United States,Engineering and Technology,1988-1992,93326.94545732027
United States,Engineering and Technology,1993-1997,108000.154486356
United States,Engineering and Technology,1998-2002,106021.07125363137
United States,Engineering and Technology,2003-2007,123080.8056160472
United States,Engineering and Technology,2008-2012,129496.82948874748
United States,Engineering and Technology,2013-2017,152579.4469589418
United States,Health,1973-1977,9902.490476190465
United States,Health,1978-1982,12826.799999999983
United States,Health,1983-1987,14480.73888888887
United States,Health,1988-1992,16127.289495798299
United States,Health,1993-1997,22705.615758364387
United States,Health,1998-2002,27167.018861639383
United States,Health,2003-2007,34668.12327517207
United States,Health,2008-2012,53404.162064581695
United States,Health,2013-2017,69196.78826636531
United States,Humanities,1973-1977,22327.508333333295
United States,Humanities,1978-1982,35999.646489621446
United States,Humanities,1983-1987,36969.37864357856
United States,Humanities,1988-1992,33599.51666666659
United States,Humanities,1993-1997,31530.822619047573
United States,Humanities,1998-2002,30631.13333333327
United States,Humanities,2003-2007,29690.03253968246
United States,Humanities,2008-2012,38718.7028416027
United States,Humanities,2013-2017,41074.358663539875
United States,Mathematics,1973-1977,19947.807142857102
United States,Mathematics,1978-1982,19662.783333333282
United States,Mathematics,1983-1987,23966.73333333325
United States,Mathematics,1988-1992,26311.97936507925
United States,Mathematics,1993-1997,27997.406096681003
United States,Mathematics,1998-2002,28030.686111111005
United States,Mathematics,2003-2007,32632.048881673792
United States,Mathematics,2008-2012,39972.759623600454
United States,Mathematics,2013-2017,40653.47343076384
United States,Physics,1973-1977,62558.86696799918
United States,Physics,1978-1982,70483.93453133102
United States,Physics,1983-1987,85571.15646721005
United States,Physics,1988-1992,100269.42526139878
United States,Physics,1993-1997,100582.72490325177
United States,Physics,1998-2002,92698.19012057788
United States,Physics,2003-2007,102741.15639614672
United States,Physics,2008-2012,98628.00199851593
United States,Physics,2013-2017,90613.1998942268
United States,Professional Fields,1973-1977,41971.771428571315
United States,Professional Fields,1978-1982,47175.94365079354
United States,Professional Fields,1983-1987,48470.749999999854
United States,Professional Fields,1988-1992,47060.947619047496
United States,Professional Fields,1993-1997,47779.04016955253
United States,Professional Fields,1998-2002,44673.72535520026
United States,Professional Fields,2003-2007,46514.171592146144
United States,Professional Fields,2008-2012,61418.17457113176
United States,Professional Fields,2013-2017,67277.97376996154
United States,Psychology,1973-1977,34279.79444444438
United States,Psychology,1978-1982,37016.670238095154
United States,Psychology,1983-1987,37321.35411255405
United States,Psychology,1988-1992,36302.124999999935
United States,Psychology,1993-1997,39611.49287934278
United States,Psychology,1998-2002,39801.75751676933
United States,Psychology,2003-2007,42636.62693829858
United States,Psychology,2008-2012,54034.478945494164
United States,Psychology,2013-2017,60825.30145271183
United States,Social Sciences,1973-1977,36085.883333333244
United States,Social Sciences,1978-1982,42658.07010073247
United States,Social Sciences,1983-1987,46700.51580086569
United States,Social Sciences,1988-1992,48943.213049314414
United States,Social Sciences,1993-1997,50127.38056763486
United States,Social Sciences,1998-2002,50158.580158730045
United States,Social Sciences,2003-2007,52749.772477944636
United States,Social Sciences,2008-2012,68519.47966545403
United States,Social Sciences,2013-2017,72832.73412511319
Uruguay,Arts,1978-1982,1.0
Uruguay,Arts,1983-1987,2.0
Uruguay,Arts,1988-1992,2.0
Uruguay,Arts,1993-1997,1.0
Uruguay,Arts,1998-2002,2.0
Uruguay,Arts,2003-2007,1.0
Uruguay,Arts,2008-2012,1.5
Uruguay,Arts,2013-2017,2.83333333333333
Uruguay,Biology,1973-1977,10.5
Uruguay,Biology,1978-1982,23.58333333333333
Uruguay,Biology,1983-1987,26.833333333333314
Uruguay,Biology,1988-1992,55.249999999999964
Uruguay,Biology,1993-1997,98.03333333333327
Uruguay,Biology,1998-2002,161.18333333333317
Uruguay,Biology,2003-2007,267.9279761904756
Uruguay,Biology,2008-2012,479.2100903725891
Uruguay,Biology,2013-2017,619.3204861535258
Uruguay,Biomedical Research,1973-1977,40.41666666666666
Uruguay,Biomedical Research,1978-1982,28.0
Uruguay,Biomedical Research,1983-1987,38.83333333333331
Uruguay,Biomedical Research,1988-1992,60.17619047619045
Uruguay,Biomedical Research,1993-1997,126.54548872180438
Uruguay,Biomedical Research,1998-2002,170.80074345943885
Uruguay,Biomedical Research,2003-2007,245.80783938283878
Uruguay,Biomedical Research,2008-2012,333.8826134200368
Uruguay,Biomedical Research,2013-2017,443.4074102275873
Uruguay,Chemistry,1973-1977,4.5
Uruguay,Chemistry,1978-1982,1.0
Uruguay,Chemistry,1983-1987,12.916666666666666
Uruguay,Chemistry,1988-1992,42.833333333333336
Uruguay,Chemistry,1993-1997,54.083333333333286
Uruguay,Chemistry,1998-2002,97.1333333333332
Uruguay,Chemistry,2003-2007,106.50595238095222
Uruguay,Chemistry,2008-2012,164.96587301587266
Uruguay,Chemistry,2013-2017,206.3523809523805
Uruguay,Clinical Medicine,1973-1977,93.49999999999999
Uruguay,Clinical Medicine,1978-1982,113.9642857142857
Uruguay,Clinical Medicine,1983-1987,105.7166666666665
Uruguay,Clinical Medicine,1988-1992,132.14999999999995
Uruguay,Clinical Medicine,1993-1997,203.73986291486275
Uruguay,Clinical Medicine,1998-2002,266.54667734226524
Uruguay,Clinical Medicine,2003-2007,305.9804085433618
Uruguay,Clinical Medicine,2008-2012,426.1189991987472
Uruguay,Clinical Medicine,2013-2017,505.16255600980037
Uruguay,Earth and Space,1973-1977,0.5
Uruguay,Earth and Space,1978-1982,1.142857142857142
Uruguay,Earth and Space,1983-1987,2.5
Uruguay,Earth and Space,1988-1992,12.166666666666663
Uruguay,Earth and Space,1993-1997,37.286111111111076
Uruguay,Earth and Space,1998-2002,50.123412698412665
Uruguay,Earth and Space,2003-2007,68.4339466089465
Uruguay,Earth and Space,2008-2012,115.77380952380932
Uruguay,Earth and Space,2013-2017,154.40508015703304
Uruguay,Engineering and Technology,1973-1977,0.5
Uruguay,Engineering and Technology,1978-1982,2.0
Uruguay,Engineering and Technology,1988-1992,10.5
Uruguay,Engineering and Technology,1993-1997,12.666666666666663
Uruguay,Engineering and Technology,1998-2002,56.016666666666644
Uruguay,Engineering and Technology,2003-2007,86.06911976911971
Uruguay,Engineering and Technology,2008-2012,104.74285714285703
Uruguay,Engineering and Technology,2013-2017,204.23198051948006
Uruguay,Health,1973-1977,1.0
Uruguay,Health,1978-1982,2.0
Uruguay,Health,1988-1992,2.0
Uruguay,Health,1993-1997,2.2
Uruguay,Health,1998-2002,1.75
Uruguay,Health,2003-2007,13.701923076923052
Uruguay,Health,2008-2012,18.715390165390147
Uruguay,Health,2013-2017,40.37580056819175
Uruguay,Humanities,1973-1977,1.0
Uruguay,Humanities,1978-1982,7.333333333333333
Uruguay,Humanities,1983-1987,4.25
Uruguay,Humanities,1988-1992,17.5
Uruguay,Humanities,1993-1997,8.5
Uruguay,Humanities,1998-2002,14.5
Uruguay,Humanities,2003-2007,15.0
Uruguay,Humanities,2008-2012,21.75
Uruguay,Humanities,2013-2017,43.49999999999998
Uruguay,Mathematics,1973-1977,2.5
Uruguay,Mathematics,1988-1992,5.83333333333333
Uruguay,Mathematics,1993-1997,29.916666666666654
Uruguay,Mathematics,1998-2002,39.83333333333329
Uruguay,Mathematics,2003-2007,47.14285714285711
Uruguay,Mathematics,2008-2012,71.1666666666666
Uruguay,Mathematics,2013-2017,101.31111111111082
Uruguay,Physics,1973-1977,3.833333333333333
Uruguay,Physics,1978-1982,1.0
Uruguay,Physics,1983-1987,7.166666666666666
Uruguay,Physics,1988-1992,24.833333333333307
Uruguay,Physics,1993-1997,61.69999999999994
Uruguay,Physics,1998-2002,107.55764411027536
Uruguay,Physics,2003-2007,122.03333333333305
Uruguay,Physics,2008-2012,113.10757575757557
Uruguay,Physics,2013-2017,133.5339646464644
Uruguay,Professional Fields,1973-1977,2.0
Uruguay,Professional Fields,1988-1992,3.0
Uruguay,Professional Fields,1993-1997,4.749999999999999
Uruguay,Professional Fields,1998-2002,9.5
Uruguay,Professional Fields,2003-2007,8.33333333333333
Uruguay,Professional Fields,2008-2012,22.449999999999974
Uruguay,Professional Fields,2013-2017,40.722222222222186
Uruguay,Psychology,1973-1977,2.0
Uruguay,Psychology,1978-1982,1.0
Uruguay,Psychology,1983-1987,2.0
Uruguay,Psychology,1988-1992,7.0
Uruguay,Psychology,1993-1997,3.2
Uruguay,Psychology,1998-2002,4.75
Uruguay,Psychology,2003-2007,14.75
Uruguay,Psychology,2008-2012,24.449732620320827
Uruguay,Psychology,2013-2017,48.26139228418636
Uruguay,Social Sciences,1978-1982,7.0
Uruguay,Social Sciences,1983-1987,4.33333333333333
Uruguay,Social Sciences,1988-1992,11.0
Uruguay,Social Sciences,1993-1997,7.619047619047617
Uruguay,Social Sciences,1998-2002,11.66666666666666
Uruguay,Social Sciences,2003-2007,22.999999999999975
Uruguay,Social Sciences,2008-2012,59.53730158730154
Uruguay,Social Sciences,2013-2017,133.413617754794
Uzbekistan,Biology,1988-1992,5.0
Uzbekistan,Biology,1993-1997,25.49999999999999
Uzbekistan,Biology,1998-2002,24.049999999999986
Uzbekistan,Biology,2003-2007,30.933065953654133
Uzbekistan,Biology,2008-2012,47.224206349206284
Uzbekistan,Biology,2013-2017,40.27571960203531
Uzbekistan,Biomedical Research,1988-1992,10.5
Uzbekistan,Biomedical Research,1993-1997,82.66666666666666
Uzbekistan,Biomedical Research,1998-2002,63.92499999999997
Uzbekistan,Biomedical Research,2003-2007,33.78333333333331
Uzbekistan,Biomedical Research,2008-2012,31.33095238095235
Uzbekistan,Biomedical Research,2013-2017,30.6481139457909
Uzbekistan,Chemistry,1988-1992,166.49999999999994
Uzbekistan,Chemistry,1993-1997,749.9166666666646
Uzbekistan,Chemistry,1998-2002,528.9333333333319
Uzbekistan,Chemistry,2003-2007,315.0261904761899
Uzbekistan,Chemistry,2008-2012,270.07619047619005
Uzbekistan,Chemistry,2013-2017,203.0898809523803
Uzbekistan,Clinical Medicine,1988-1992,50.49999999999999
Uzbekistan,Clinical Medicine,1993-1997,93.57796101949023
Uzbekistan,Clinical Medicine,1998-2002,40.233333333333334
Uzbekistan,Clinical Medicine,2003-2007,40.42854645354643
Uzbekistan,Clinical Medicine,2008-2012,67.24999999999997
Uzbekistan,Clinical Medicine,2013-2017,43.90978694508104
Uzbekistan,Earth and Space,1988-1992,6.33333333333333
Uzbekistan,Earth and Space,1993-1997,43.0072799422799
Uzbekistan,Earth and Space,1998-2002,37.41504941418731
Uzbekistan,Earth and Space,2003-2007,44.870367230353374
Uzbekistan,Earth and Space,2008-2012,69.4011857805518
Uzbekistan,Earth and Space,2013-2017,45.175766884198644
Uzbekistan,Engineering and Technology,1988-1992,5.33333333333333
Uzbekistan,Engineering and Technology,1993-1997,53.5
Uzbekistan,Engineering and Technology,1998-2002,91.25952380952376
Uzbekistan,Engineering and Technology,2003-2007,78.56666666666663
Uzbekistan,Engineering and Technology,2008-2012,90.01921182265994
Uzbekistan,Engineering and Technology,2013-2017,129.53809523809494
Uzbekistan,Health,1998-2002,0.333333333333333
Uzbekistan,Health,2003-2007,5.424603174603172
Uzbekistan,Health,2008-2012,1.3690476190476186
Uzbekistan,Health,2013-2017,1.283333333333333
Uzbekistan,Humanities,1993-1997,1.0
Uzbekistan,Humanities,1998-2002,2.0
Uzbekistan,Humanities,2003-2007,2.0
Uzbekistan,Humanities,2008-2012,3.5
Uzbekistan,Humanities,2013-2017,4.833333333333333
Uzbekistan,Mathematics,1988-1992,9.5
Uzbekistan,Mathematics,1993-1997,63.99999999999993
Uzbekistan,Mathematics,1998-2002,68.75
Uzbekistan,Mathematics,2003-2007,79.62222222222205
Uzbekistan,Mathematics,2008-2012,120.76666666666637
Uzbekistan,Mathematics,2013-2017,144.61904761904714
Uzbekistan,Physics,1973-1977,2.0
Uzbekistan,Physics,1988-1992,46.5052631578947
Uzbekistan,Physics,1993-1997,519.3664772933641
Uzbekistan,Physics,1998-2002,431.76938032129715
Uzbekistan,Physics,2003-2007,386.1133489270575
Uzbekistan,Physics,2008-2012,365.6300486063634
Uzbekistan,Physics,2013-2017,295.508336459657
Uzbekistan,Professional Fields,1993-1997,1.0
Uzbekistan,Professional Fields,1998-2002,0.5
Uzbekistan,Professional Fields,2003-2007,1.0
Uzbekistan,Professional Fields,2013-2017,4.999999999999999
Uzbekistan,Psychology,2003-2007,2.0
Uzbekistan,Psychology,2008-2012,0.5
Uzbekistan,Psychology,2013-2017,7.2333333333333325
Uzbekistan,Social Sciences,1988-1992,1.0
Uzbekistan,Social Sciences,1993-1997,4.833333333333333
Uzbekistan,Social Sciences,1998-2002,9.86666666666666
Uzbekistan,Social Sciences,2003-2007,8.1
Uzbekistan,Social Sciences,2008-2012,6.685714285714281
Uzbekistan,Social Sciences,2013-2017,14.249999999999984
Vanuatu,Biology,1978-1982,2.0
Vanuatu,Biology,1983-1987,8.74999999999999
Vanuatu,Biology,1988-1992,1.333333333333333
Vanuatu,Biology,1993-1997,2.833333333333333
Vanuatu,Biology,1998-2002,3.892857142857142
Vanuatu,Biology,2003-2007,8.492857142857122
Vanuatu,Biology,2008-2012,12.883333333333313
Vanuatu,Biology,2013-2017,18.234523809523772
Vanuatu,Biomedical Research,1978-1982,0.5
Vanuatu,Biomedical Research,1983-1987,0.833333333333333
Vanuatu,Biomedical Research,1988-1992,0.20833333333333331
Vanuatu,Biomedical Research,1993-1997,0.583333333333333
Vanuatu,Biomedical Research,1998-2002,1.0
Vanuatu,Biomedical Research,2003-2007,0.5
Vanuatu,Biomedical Research,2008-2012,1.269480519480519
Vanuatu,Biomedical Research,2013-2017,3.760606060606051
Vanuatu,Chemistry,1983-1987,0.533333333333333
Vanuatu,Chemistry,1988-1992,0.583333333333333
Vanuatu,Clinical Medicine,1973-1977,1.333333333333333
Vanuatu,Clinical Medicine,1978-1982,4.0
Vanuatu,Clinical Medicine,1983-1987,3.0
Vanuatu,Clinical Medicine,1988-1992,10.083333333333332
Vanuatu,Clinical Medicine,1993-1997,6.383333333333333
Vanuatu,Clinical Medicine,1998-2002,5.261904761904759
Vanuatu,Clinical Medicine,2003-2007,8.299999999999992
Vanuatu,Clinical Medicine,2008-2012,6.576190476190467
Vanuatu,Clinical Medicine,2013-2017,6.526756370564414
Vanuatu,Earth and Space,1978-1982,1.0
Vanuatu,Earth and Space,1988-1992,0.333333333333333
Vanuatu,Earth and Space,1993-1997,3.144444444444437
Vanuatu,Earth and Space,1998-2002,1.791666666666666
Vanuatu,Earth and Space,2003-2007,1.8197802197802189
Vanuatu,Earth and Space,2008-2012,5.004040404040401
Vanuatu,Earth and Space,2013-2017,3.796591813983117
Vanuatu,Engineering and Technology,1973-1977,1.0
Vanuatu,Engineering and Technology,1978-1982,1.0
Vanuatu,Engineering and Technology,1998-2002,0.25
Vanuatu,Engineering and Technology,2013-2017,0.166666666666666
Vanuatu,Health,2003-2007,0.733333333333333
Vanuatu,Health,2008-2012,0.755555555555555
Vanuatu,Health,2013-2017,2.691520467836256
Vanuatu,Humanities,1998-2002,7.0
Vanuatu,Humanities,2003-2007,5.0
Vanuatu,Professional Fields,1998-2002,1.0
Vanuatu,Professional Fields,2003-2007,0.333333333333333
Vanuatu,Professional Fields,2008-2012,0.75
Vanuatu,Professional Fields,2013-2017,0.47619047619047494
Vanuatu,Social Sciences,1988-1992,1.0
Vanuatu,Social Sciences,1993-1997,0.666666666666666
Vanuatu,Social Sciences,1998-2002,3.0
Vanuatu,Social Sciences,2003-2007,0.333333333333333
Vanuatu,Social Sciences,2008-2012,2.033333333333333
Vanuatu,Social Sciences,2013-2017,6.212409812409802
Vatican,Arts,1973-1977,1.0
Vatican,Arts,1983-1987,5.0
Vatican,Arts,1993-1997,1.0
Vatican,Biomedical Research,1978-1982,0.5
Vatican,Biomedical Research,1988-1992,0.36666666666666603
Vatican,Biomedical Research,2003-2007,0.5
Vatican,Biomedical Research,2013-2017,0.4142857142857134
Vatican,Chemistry,1978-1982,0.5
Vatican,Clinical Medicine,1988-1992,0.333333333333333
Vatican,Clinical Medicine,1998-2002,1.1
Vatican,Clinical Medicine,2003-2007,0.166666666666666
Vatican,Clinical Medicine,2008-2012,0.583333333333333
Vatican,Clinical Medicine,2013-2017,5.040810359231403
Vatican,Earth and Space,1983-1987,6.16666666666665
Vatican,Earth and Space,1988-1992,2.783333333333323
Vatican,Earth and Space,1993-1997,3.199999999999996
Vatican,Earth and Space,1998-2002,1.4166666666666663
Vatican,Earth and Space,2003-2007,4.376190476190471
Vatican,Earth and Space,2008-2012,12.952878830479234
Vatican,Earth and Space,2013-2017,9.505490941806704
Vatican,Engineering and Technology,1993-1997,0.5
Vatican,Engineering and Technology,2003-2007,0.5
Vatican,Health,2003-2007,1.5
Vatican,Health,2013-2017,0.0714285714285714
Vatican,Humanities,1973-1977,1.0
Vatican,Humanities,1983-1987,3.0
Vatican,Humanities,1988-1992,1.166666666666666
Vatican,Humanities,1993-1997,4.0
Vatican,Humanities,1998-2002,1.0
Vatican,Humanities,2003-2007,2.0
Vatican,Humanities,2008-2012,4.583333333333333
Vatican,Humanities,2013-2017,7.2
Vatican,Mathematics,1998-2002,0.333333333333333
Vatican,Physics,1983-1987,2.45
Vatican,Physics,1988-1992,3.333333333333332
Vatican,Physics,1993-1997,4.499999999999995
Vatican,Physics,1998-2002,3.0
Vatican,Physics,2003-2007,4.0
Vatican,Physics,2008-2012,1.59090909090909
Vatican,Physics,2013-2017,0.25
Vatican,Social Sciences,1983-1987,1.0
Venezuela,Arts,1973-1977,2.0
Venezuela,Arts,1978-1982,3.5
Venezuela,Arts,1983-1987,9.5
Venezuela,Arts,1988-1992,7.0
Venezuela,Arts,1993-1997,1.0
Venezuela,Arts,1998-2002,2.0
Venezuela,Arts,2003-2007,3.0
Venezuela,Arts,2008-2012,6.83333333333333
Venezuela,Arts,2013-2017,3.783333333333333
Venezuela,Biology,1973-1977,112.16666666666666
Venezuela,Biology,1978-1982,197.7666666666665
Venezuela,Biology,1983-1987,255.06666666666638
Venezuela,Biology,1988-1992,260.80357142857105
Venezuela,Biology,1993-1997,383.4928571428565
Venezuela,Biology,1998-2002,517.346212121211
Venezuela,Biology,2003-2007,580.3955608718749
Venezuela,Biology,2008-2012,699.8367909659773
Venezuela,Biology,2013-2017,551.9310372631741
Venezuela,Biomedical Research,1973-1977,349.033333333333
Venezuela,Biomedical Research,1978-1982,525.9619047619045
Venezuela,Biomedical Research,1983-1987,460.18333333333277
Venezuela,Biomedical Research,1988-1992,420.73809523809473
Venezuela,Biomedical Research,1993-1997,391.391736918052
Venezuela,Biomedical Research,1998-2002,481.8781746031737
Venezuela,Biomedical Research,2003-2007,497.6251570427487
Venezuela,Biomedical Research,2008-2012,627.0536913815849
Venezuela,Biomedical Research,2013-2017,418.5949757009878
Venezuela,Chemistry,1973-1977,109.83333333333329
Venezuela,Chemistry,1978-1982,184.3333333333332
Venezuela,Chemistry,1983-1987,239.74999999999974
Venezuela,Chemistry,1988-1992,263.1999999999996
Venezuela,Chemistry,1993-1997,453.58333333333246
Venezuela,Chemistry,1998-2002,502.53333333333217
Venezuela,Chemistry,2003-2007,535.592857142856
Venezuela,Chemistry,2008-2012,411.5305555555546
Venezuela,Chemistry,2013-2017,218.29209956709903
Venezuela,Clinical Medicine,1973-1977,256.95833333333314
Venezuela,Clinical Medicine,1978-1982,399.34126984126965
Venezuela,Clinical Medicine,1983-1987,445.82142857142804
Venezuela,Clinical Medicine,1988-1992,446.4766233766225
Venezuela,Clinical Medicine,1993-1997,508.5393217893209
Venezuela,Clinical Medicine,1998-2002,963.9391680782967
Venezuela,Clinical Medicine,2003-2007,932.8381771006752
Venezuela,Clinical Medicine,2008-2012,1094.279398390291
Venezuela,Clinical Medicine,2013-2017,703.6949736226397
Venezuela,Earth and Space,1973-1977,33.49999999999999
Venezuela,Earth and Space,1978-1982,56.99999999999998
Venezuela,Earth and Space,1983-1987,88.74999999999993
Venezuela,Earth and Space,1988-1992,86.95952380952372
Venezuela,Earth and Space,1993-1997,135.89761904761883
Venezuela,Earth and Space,1998-2002,160.84204014939286
Venezuela,Earth and Space,2003-2007,141.95561922311117
Venezuela,Earth and Space,2008-2012,132.2372337703991
Venezuela,Earth and Space,2013-2017,138.16518797946247
Venezuela,Engineering and Technology,1973-1977,38.24999999999998
Venezuela,Engineering and Technology,1978-1982,105.33333333333324
Venezuela,Engineering and Technology,1983-1987,129.83333333333326
Venezuela,Engineering and Technology,1988-1992,137.2499999999999
Venezuela,Engineering and Technology,1993-1997,228.26666666666617
Venezuela,Engineering and Technology,1998-2002,407.03333333333234
Venezuela,Engineering and Technology,2003-2007,471.7544011543999
Venezuela,Engineering and Technology,2008-2012,442.7019230769221
Venezuela,Engineering and Technology,2013-2017,290.792314118629
Venezuela,Health,1978-1982,0.333333333333333
Venezuela,Health,1983-1987,4.0
Venezuela,Health,1988-1992,5.0
Venezuela,Health,1993-1997,9.0
Venezuela,Health,1998-2002,14.613636363636363
Venezuela,Health,2003-2007,22.44670329670328
Venezuela,Health,2008-2012,33.1274281274281
Venezuela,Health,2013-2017,11.95638528138527
Venezuela,Humanities,1973-1977,13.0
Venezuela,Humanities,1978-1982,23.0
Venezuela,Humanities,1983-1987,32.0
Venezuela,Humanities,1988-1992,20.0
Venezuela,Humanities,1993-1997,34.5
Venezuela,Humanities,1998-2002,31.5
Venezuela,Humanities,2003-2007,38.33333333333332
Venezuela,Humanities,2008-2012,91.83333333333333
Venezuela,Humanities,2013-2017,47.0
Venezuela,Mathematics,1973-1977,29.999999999999993
Venezuela,Mathematics,1978-1982,59.16666666666662
Venezuela,Mathematics,1983-1987,67.08333333333329
Venezuela,Mathematics,1988-1992,97.16666666666644
Venezuela,Mathematics,1993-1997,135.7666666666663
Venezuela,Mathematics,1998-2002,174.01666666666623
Venezuela,Mathematics,2003-2007,163.97619047619014
Venezuela,Mathematics,2008-2012,178.39523809523737
Venezuela,Mathematics,2013-2017,153.60119047618994
Venezuela,Physics,1973-1977,98.33333333333331
Venezuela,Physics,1978-1982,212.2499999999997
Venezuela,Physics,1983-1987,285.68333333333277
Venezuela,Physics,1988-1992,281.29166666666606
Venezuela,Physics,1993-1997,315.73116883116813
Venezuela,Physics,1998-2002,428.87416785102624
Venezuela,Physics,2003-2007,460.8929778822737
Venezuela,Physics,2008-2012,259.94701625322546
Venezuela,Physics,2013-2017,188.39086948738444
Venezuela,Professional Fields,1973-1977,5.083333333333333
Venezuela,Professional Fields,1978-1982,10.999999999999993
Venezuela,Professional Fields,1983-1987,6.833333333333333
Venezuela,Professional Fields,1988-1992,25.9
Venezuela,Professional Fields,1993-1997,28.41666666666666
Venezuela,Professional Fields,1998-2002,34.66666666666666
Venezuela,Professional Fields,2003-2007,41.29166666666662
Venezuela,Professional Fields,2008-2012,101.8333333333332
Venezuela,Professional Fields,2013-2017,30.817676767676748
Venezuela,Psychology,1973-1977,9.5
Venezuela,Psychology,1978-1982,16.16666666666666
Venezuela,Psychology,1983-1987,17.83333333333333
Venezuela,Psychology,1988-1992,19.09090909090909
Venezuela,Psychology,1993-1997,32.77777777777776
Venezuela,Psychology,1998-2002,29.559523809523807
Venezuela,Psychology,2003-2007,16.955927405927397
Venezuela,Psychology,2008-2012,27.95694444444443
Venezuela,Psychology,2013-2017,12.3599567099567
Venezuela,Social Sciences,1973-1977,29.25
Venezuela,Social Sciences,1978-1982,15.833333333333332
Venezuela,Social Sciences,1983-1987,26.833333333333332
Venezuela,Social Sciences,1988-1992,37.83333333333332
Venezuela,Social Sciences,1993-1997,30.916666666666657
Venezuela,Social Sciences,1998-2002,44.91666666666666
Venezuela,Social Sciences,2003-2007,62.485714285714266
Venezuela,Social Sciences,2008-2012,174.6436868686867
Venezuela,Social Sciences,2013-2017,48.64152236652229
Vietnam,Arts,1973-1977,1.0
Vietnam,Arts,1983-1987,1.0
Vietnam,Arts,2003-2007,3.083333333333326
Vietnam,Arts,2008-2012,3.833333333333333
Vietnam,Arts,2013-2017,4.366666666666666
Vietnam,Biology,1973-1977,8.5
Vietnam,Biology,1978-1982,14.33333333333333
Vietnam,Biology,1983-1987,29.333333333333314
Vietnam,Biology,1988-1992,25.44999999999998
Vietnam,Biology,1993-1997,38.11666666666664
Vietnam,Biology,1998-2002,122.36300921300898
Vietnam,Biology,2003-2007,201.01988844488798
Vietnam,Biology,2008-2012,409.99717406776125
Vietnam,Biology,2013-2017,865.7761628687634
Vietnam,Biomedical Research,1973-1977,2.5
Vietnam,Biomedical Research,1978-1982,10.0
Vietnam,Biomedical Research,1983-1987,12.333333333333332
Vietnam,Biomedical Research,1988-1992,23.483333333333324
Vietnam,Biomedical Research,1993-1997,33.04755799755795
Vietnam,Biomedical Research,1998-2002,49.600793650793534
Vietnam,Biomedical Research,2003-2007,119.14537203988395
Vietnam,Biomedical Research,2008-2012,263.15292820912464
Vietnam,Biomedical Research,2013-2017,597.1009845591361
Vietnam,Chemistry,1973-1977,5.083333333333333
Vietnam,Chemistry,1978-1982,8.333333333333332
Vietnam,Chemistry,1983-1987,34.33333333333332
Vietnam,Chemistry,1988-1992,29.91666666666665
Vietnam,Chemistry,1993-1997,49.49999999999997
Vietnam,Chemistry,1998-2002,53.67619047619041
Vietnam,Chemistry,2003-2007,67.91666666666657
Vietnam,Chemistry,2008-2012,246.548015873015
Vietnam,Chemistry,2013-2017,706.5071340209485
Vietnam,Clinical Medicine,1973-1977,47.48333333333332
Vietnam,Clinical Medicine,1978-1982,19.749999999999993
Vietnam,Clinical Medicine,1983-1987,24.583333333333325
Vietnam,Clinical Medicine,1988-1992,25.9111111111111
Vietnam,Clinical Medicine,1993-1997,91.47775787014908
Vietnam,Clinical Medicine,1998-2002,164.10851407364547
Vietnam,Clinical Medicine,2003-2007,262.97812310238737
Vietnam,Clinical Medicine,2008-2012,468.24935430943117
Vietnam,Clinical Medicine,2013-2017,776.2668451200045
Vietnam,Earth and Space,1973-1977,0.5
Vietnam,Earth and Space,1978-1982,5.5
Vietnam,Earth and Space,1983-1987,6.5
Vietnam,Earth and Space,1988-1992,16.88943001443
Vietnam,Earth and Space,1993-1997,23.49090909090907
Vietnam,Earth and Space,1998-2002,44.62142857142851
Vietnam,Earth and Space,2003-2007,73.42897857864853
Vietnam,Earth and Space,2008-2012,173.88935881574244
Vietnam,Earth and Space,2013-2017,468.05934216540373
Vietnam,Engineering and Technology,1973-1977,5.333333333333333
Vietnam,Engineering and Technology,1978-1982,1.833333333333333
Vietnam,Engineering and Technology,1983-1987,21.5
Vietnam,Engineering and Technology,1988-1992,38.5
Vietnam,Engineering and Technology,1993-1997,48.78333333333332
Vietnam,Engineering and Technology,1998-2002,85.19999999999997
Vietnam,Engineering and Technology,2003-2007,151.38095238095204
Vietnam,Engineering and Technology,2008-2012,436.7725326075785
Vietnam,Engineering and Technology,2013-2017,2176.81786700924
Vietnam,Health,1973-1977,2.0
Vietnam,Health,1983-1987,1.0
Vietnam,Health,1988-1992,1.0
Vietnam,Health,1993-1997,4.704545454545454
Vietnam,Health,1998-2002,12.913636363636341
Vietnam,Health,2003-2007,39.01399711399707
Vietnam,Health,2008-2012,105.04300560550521
Vietnam,Health,2013-2017,183.42875500465394
Vietnam,Humanities,1973-1977,5.0
Vietnam,Humanities,1978-1982,3.0
Vietnam,Humanities,1983-1987,3.0
Vietnam,Humanities,1988-1992,1.0
Vietnam,Humanities,1993-1997,1.0
Vietnam,Humanities,2003-2007,4.0
Vietnam,Humanities,2008-2012,16.0
Vietnam,Humanities,2013-2017,16.94999999999999
Vietnam,Mathematics,1973-1977,9.0
Vietnam,Mathematics,1978-1982,47.5
Vietnam,Mathematics,1983-1987,79.66666666666663
Vietnam,Mathematics,1988-1992,143.16666666666643
Vietnam,Mathematics,1993-1997,165.1666666666664
Vietnam,Mathematics,1998-2002,163.1666666666662
Vietnam,Mathematics,2003-2007,255.9166666666661
Vietnam,Mathematics,2008-2012,669.1690476190466
Vietnam,Mathematics,2013-2017,1147.0980158730126
Vietnam,Physics,1973-1977,22.734952955541186
Vietnam,Physics,1978-1982,52.58333333333333
Vietnam,Physics,1983-1987,77.16666666666666
Vietnam,Physics,1988-1992,117.39285714285693
Vietnam,Physics,1993-1997,121.75952380952349
Vietnam,Physics,1998-2002,156.55396825396784
Vietnam,Physics,2003-2007,290.133928571428
Vietnam,Physics,2008-2012,453.7803998505609
Vietnam,Physics,2013-2017,822.8833740609558
Vietnam,Professional Fields,1978-1982,1.0
Vietnam,Professional Fields,1983-1987,0.5
Vietnam,Professional Fields,1988-1992,1.0
Vietnam,Professional Fields,1993-1997,4.0
Vietnam,Professional Fields,1998-2002,7.916666666666666
Vietnam,Professional Fields,2003-2007,12.694444444444423
Vietnam,Professional Fields,2008-2012,54.17083333333324
Vietnam,Professional Fields,2013-2017,135.39804175293264
Vietnam,Psychology,1973-1977,3.5
Vietnam,Psychology,1998-2002,0.25
Vietnam,Psychology,2003-2007,3.667099567099562
Vietnam,Psychology,2008-2012,8.188034188034182
Vietnam,Psychology,2013-2017,17.309288876841023
Vietnam,Social Sciences,1973-1977,1.2
Vietnam,Social Sciences,1978-1982,1.833333333333333
Vietnam,Social Sciences,1983-1987,6.5
Vietnam,Social Sciences,1988-1992,2.833333333333333
Vietnam,Social Sciences,1993-1997,20.999999999999986
Vietnam,Social Sciences,1998-2002,16.833333333333318
Vietnam,Social Sciences,2003-2007,32.044444444444416
Vietnam,Social Sciences,2008-2012,94.44090909090892
Vietnam,Social Sciences,2013-2017,152.367338217338
Western Sahara,Biomedical Research,1978-1982,0.333333333333333
Western Sahara,Social Sciences,2013-2017,0.25
Yemen,Arts,2003-2007,0.333333333333333
Yemen,Arts,2008-2012,0.5
Yemen,Biology,1973-1977,3.33333333333333
Yemen,Biology,1978-1982,8.0
Yemen,Biology,1983-1987,15.33333333333333
Yemen,Biology,1988-1992,14.333333333333332
Yemen,Biology,1993-1997,9.783333333333319
Yemen,Biology,1998-2002,11.333333333333329
Yemen,Biology,2003-2007,9.449999999999983
Yemen,Biology,2008-2012,25.1928571428571
Yemen,Biology,2013-2017,26.163827838827782
Yemen,Biomedical Research,1988-1992,1.5
Yemen,Biomedical Research,1993-1997,5.320289855072463
Yemen,Biomedical Research,1998-2002,8.691666666666663
Yemen,Biomedical Research,2003-2007,6.3583333333333325
Yemen,Biomedical Research,2008-2012,32.1694444444444
Yemen,Biomedical Research,2013-2017,34.036438969527154
Yemen,Chemistry,1978-1982,0.5
Yemen,Chemistry,1983-1987,3.0
Yemen,Chemistry,1988-1992,33.833333333333336
Yemen,Chemistry,1993-1997,10.75
Yemen,Chemistry,1998-2002,17.033333333333324
Yemen,Chemistry,2003-2007,23.999999999999993
Yemen,Chemistry,2008-2012,32.89999999999997
Yemen,Chemistry,2013-2017,41.246428571428496
Yemen,Clinical Medicine,1973-1977,1.0
Yemen,Clinical Medicine,1978-1982,3.0
Yemen,Clinical Medicine,1983-1987,11.233333333333333
Yemen,Clinical Medicine,1988-1992,19.708333333333325
Yemen,Clinical Medicine,1993-1997,15.933333333333325
Yemen,Clinical Medicine,1998-2002,42.733333333333334
Yemen,Clinical Medicine,2003-2007,56.42900432900431
Yemen,Clinical Medicine,2008-2012,110.69094239094227
Yemen,Clinical Medicine,2013-2017,118.15587310615489
Yemen,Earth and Space,1983-1987,2.333333333333333
Yemen,Earth and Space,1988-1992,7.174242424242423
Yemen,Earth and Space,1993-1997,8.059523809523798
Yemen,Earth and Space,1998-2002,7.774999999999998
Yemen,Earth and Space,2003-2007,12.646918767506984
Yemen,Earth and Space,2008-2012,22.670232399179746
Yemen,Earth and Space,2013-2017,56.395177045176894
Yemen,Engineering and Technology,1978-1982,2.0
Yemen,Engineering and Technology,1983-1987,6.1666666666666625
Yemen,Engineering and Technology,1988-1992,3.333333333333333
Yemen,Engineering and Technology,1993-1997,13.083333333333323
Yemen,Engineering and Technology,1998-2002,13.866666666666665
Yemen,Engineering and Technology,2003-2007,10.5
Yemen,Engineering and Technology,2008-2012,37.30952380952376
Yemen,Engineering and Technology,2013-2017,73.7892857142856
Yemen,Health,1983-1987,0.5
Yemen,Health,1988-1992,0.916666666666666
Yemen,Health,1998-2002,0.5
Yemen,Health,2003-2007,0.5
Yemen,Health,2008-2012,6.333333333333328
Yemen,Health,2013-2017,13.134529326460795
Yemen,Humanities,1998-2002,0.5
Yemen,Humanities,2008-2012,1.0
Yemen,Humanities,2013-2017,2.5
Yemen,Mathematics,1978-1982,1.0
Yemen,Mathematics,1983-1987,2.0
Yemen,Mathematics,1993-1997,2.666666666666663
Yemen,Mathematics,1998-2002,4.833333333333333
Yemen,Mathematics,2003-2007,2.0
Yemen,Mathematics,2008-2012,12.833333333333327
Yemen,Mathematics,2013-2017,13.099999999999993
Yemen,Physics,1973-1977,1.333333333333333
Yemen,Physics,1978-1982,5.5
Yemen,Physics,1988-1992,3.333333333333333
Yemen,Physics,1993-1997,0.5
Yemen,Physics,1998-2002,2.733333333333332
Yemen,Physics,2003-2007,10.899999999999991
Yemen,Physics,2008-2012,30.19999999999997
Yemen,Physics,2013-2017,53.427380952380844
Yemen,Professional Fields,1983-1987,2.5
Yemen,Professional Fields,1988-1992,0.833333333333333
Yemen,Professional Fields,1993-1997,0.5
Yemen,Professional Fields,2008-2012,1.5
Yemen,Professional Fields,2013-2017,3.833333333333333
Yemen,Psychology,1993-1997,1.333333333333333
Yemen,Psychology,1998-2002,1.25
Yemen,Psychology,2013-2017,0.333333333333333
Yemen,Social Sciences,1978-1982,1.0
Yemen,Social Sciences,1983-1987,2.0
Yemen,Social Sciences,1988-1992,2.0
Yemen,Social Sciences,1993-1997,4.666666666666666
Yemen,Social Sciences,1998-2002,1.4999999999999991
Yemen,Social Sciences,2003-2007,1.333333333333333
Yemen,Social Sciences,2008-2012,5.290909090909086
Yemen,Social Sciences,2013-2017,4.333333333333333
Yugoslavia,Arts,1973-1977,11.0
Yugoslavia,Arts,1978-1982,21.0
Yugoslavia,Arts,1983-1987,18.0
Yugoslavia,Arts,1988-1992,16.5
Yugoslavia,Arts,1993-1997,3.0
Yugoslavia,Biology,1973-1977,176.2499999999998
Yugoslavia,Biology,1978-1982,372.3095238095235
Yugoslavia,Biology,1983-1987,296.6666666666663
Yugoslavia,Biology,1988-1992,338.5527777777772
Yugoslavia,Biology,1993-1997,186.20263157894706
Yugoslavia,Biology,1998-2002,263.883333333333
Yugoslavia,Biology,2003-2007,135.5273809523807
Yugoslavia,Biomedical Research,1973-1977,466.6409090909087
Yugoslavia,Biomedical Research,1978-1982,786.8936936936929
Yugoslavia,Biomedical Research,1983-1987,812.7349206349191
Yugoslavia,Biomedical Research,1988-1992,981.1946248196223
Yugoslavia,Biomedical Research,1993-1997,423.20952380952275
Yugoslavia,Biomedical Research,1998-2002,396.0338575675527
Yugoslavia,Biomedical Research,2003-2007,138.37136752136723
Yugoslavia,Chemistry,1973-1977,1139.4999999999984
Yugoslavia,Chemistry,1978-1982,1112.8999999999987
Yugoslavia,Chemistry,1983-1987,1175.7111111111094
Yugoslavia,Chemistry,1988-1992,1510.3833333333303
Yugoslavia,Chemistry,1993-1997,537.5499999999988
Yugoslavia,Chemistry,1998-2002,930.4833333333313
Yugoslavia,Chemistry,2003-2007,404.34999999999945
Yugoslavia,Clinical Medicine,1973-1977,1057.4095238095224
Yugoslavia,Clinical Medicine,1978-1982,1593.3313242313227
Yugoslavia,Clinical Medicine,1983-1987,2003.842288267285
Yugoslavia,Clinical Medicine,1988-1992,2495.408945246355
Yugoslavia,Clinical Medicine,1993-1997,921.9924275428804
Yugoslavia,Clinical Medicine,1998-2002,868.2012045694229
Yugoslavia,Clinical Medicine,2003-2007,360.39501470751395
Yugoslavia,Earth and Space,1973-1977,64.74999999999999
Yugoslavia,Earth and Space,1978-1982,101.3686868686868
Yugoslavia,Earth and Space,1983-1987,231.8630952380948
Yugoslavia,Earth and Space,1988-1992,359.4065998329149
Yugoslavia,Earth and Space,1993-1997,155.41904761904743
Yugoslavia,Earth and Space,1998-2002,129.5035714285712
Yugoslavia,Earth and Space,2003-2007,69.68690476190454
Yugoslavia,Engineering and Technology,1973-1977,319.6666666666664
Yugoslavia,Engineering and Technology,1978-1982,604.833333333333
Yugoslavia,Engineering and Technology,1983-1987,737.1166666666661
Yugoslavia,Engineering and Technology,1988-1992,1180.4333333333318
Yugoslavia,Engineering and Technology,1993-1997,825.0285714285702
Yugoslavia,Engineering and Technology,1998-2002,869.8166666666656
Yugoslavia,Engineering and Technology,2003-2007,402.27380952380884
Yugoslavia,Health,1973-1977,9.16666666666666
Yugoslavia,Health,1978-1982,11.0
Yugoslavia,Health,1983-1987,8.249999999999996
Yugoslavia,Health,1988-1992,13.23333333333333
Yugoslavia,Health,1993-1997,6.833333333333333
Yugoslavia,Health,1998-2002,3.13888888888888
Yugoslavia,Health,2003-2007,4.016666666666666
Yugoslavia,Humanities,1973-1977,12.0
Yugoslavia,Humanities,1978-1982,45.999999999999986
Yugoslavia,Humanities,1983-1987,92.66666666666666
Yugoslavia,Humanities,1988-1992,62.5
Yugoslavia,Humanities,1993-1997,16.5
Yugoslavia,Humanities,1998-2002,11.0
Yugoslavia,Humanities,2003-2007,1.0
Yugoslavia,Mathematics,1973-1977,87.16666666666666
Yugoslavia,Mathematics,1978-1982,126.8333333333332
Yugoslavia,Mathematics,1983-1987,289.61666666666633
Yugoslavia,Mathematics,1988-1992,433.36666666666605
Yugoslavia,Mathematics,1993-1997,217.13333333333298
Yugoslavia,Mathematics,1998-2002,286.61666666666616
Yugoslavia,Mathematics,2003-2007,120.68333333333305
Yugoslavia,Physics,1973-1977,569.6035714285704
Yugoslavia,Physics,1978-1982,761.642265087852
Yugoslavia,Physics,1983-1987,1042.0419126624993
Yugoslavia,Physics,1988-1992,1341.536417940281
Yugoslavia,Physics,1993-1997,527.9238095238087
Yugoslavia,Physics,1998-2002,660.7738095238086
Yugoslavia,Physics,2003-2007,249.88134920634855
Yugoslavia,Professional Fields,1973-1977,18.58333333333333
Yugoslavia,Professional Fields,1978-1982,26.5
Yugoslavia,Professional Fields,1983-1987,38.83333333333333
Yugoslavia,Professional Fields,1988-1992,53.66666666666665
Yugoslavia,Professional Fields,1993-1997,20.999999999999993
Yugoslavia,Professional Fields,1998-2002,21.555555555555554
Yugoslavia,Professional Fields,2003-2007,7.083333333333333
Yugoslavia,Psychology,1973-1977,11.833333333333332
Yugoslavia,Psychology,1978-1982,12.666666666666663
Yugoslavia,Psychology,1983-1987,44.80952380952379
Yugoslavia,Psychology,1988-1992,50.458333333333314
Yugoslavia,Psychology,1993-1997,8.566666666666663
Yugoslavia,Psychology,1998-2002,13.392857142857132
Yugoslavia,Psychology,2003-2007,4.774489795918366
Yugoslavia,Social Sciences,1973-1977,54.05
Yugoslavia,Social Sciences,1978-1982,102.5
Yugoslavia,Social Sciences,1983-1987,82.33333333333333
Yugoslavia,Social Sciences,1988-1992,131.32619047619045
Yugoslavia,Social Sciences,1993-1997,17.916666666666664
Yugoslavia,Social Sciences,1998-2002,21.999999999999993
Yugoslavia,Social Sciences,2003-2007,10.916666666666659
Zambia,Arts,1973-1977,2.0
Zambia,Arts,1978-1982,1.0
Zambia,Arts,1983-1987,2.0
Zambia,Arts,2003-2007,1.0
Zambia,Arts,2013-2017,0.1333333333333333
Zambia,Biology,1973-1977,37.83333333333333
Zambia,Biology,1978-1982,42.5
Zambia,Biology,1983-1987,37.83333333333332
Zambia,Biology,1988-1992,71.31111111111107
Zambia,Biology,1993-1997,41.73809523809522
Zambia,Biology,1998-2002,39.65238095238089
Zambia,Biology,2003-2007,48.91349206349201
Zambia,Biology,2008-2012,31.760851648351615
Zambia,Biology,2013-2017,68.5063472751552
Zambia,Biomedical Research,1973-1977,17.5
Zambia,Biomedical Research,1978-1982,9.333333333333332
Zambia,Biomedical Research,1983-1987,3.65
Zambia,Biomedical Research,1988-1992,9.726190476190474
Zambia,Biomedical Research,1993-1997,11.336904761904753
Zambia,Biomedical Research,1998-2002,8.479365079365076
Zambia,Biomedical Research,2003-2007,14.944552669552657
Zambia,Biomedical Research,2008-2012,49.22816685230468
Zambia,Biomedical Research,2013-2017,90.18643002295397
Zambia,Chemistry,1973-1977,8.333333333333332
Zambia,Chemistry,1978-1982,4.5
Zambia,Chemistry,1983-1987,3.833333333333333
Zambia,Chemistry,1988-1992,3.5
Zambia,Chemistry,1993-1997,6.5
Zambia,Chemistry,1998-2002,5.833333333333333
Zambia,Chemistry,2003-2007,3.0
Zambia,Chemistry,2008-2012,0.833333333333333
Zambia,Chemistry,2013-2017,2.81111111111111
Zambia,Clinical Medicine,1973-1977,174.78333333333333
Zambia,Clinical Medicine,1978-1982,129.30340909090907
Zambia,Clinical Medicine,1983-1987,114.35833333333316
Zambia,Clinical Medicine,1988-1992,127.04444444444438
Zambia,Clinical Medicine,1993-1997,104.68404567557475
Zambia,Clinical Medicine,1998-2002,92.2671356421355
Zambia,Clinical Medicine,2003-2007,105.83381286755885
Zambia,Clinical Medicine,2008-2012,181.585811992322
Zambia,Clinical Medicine,2013-2017,252.70269651659572
Zambia,Earth and Space,1973-1977,17.5
Zambia,Earth and Space,1978-1982,12.833333333333332
Zambia,Earth and Space,1983-1987,18.083333333333325
Zambia,Earth and Space,1988-1992,7.666666666666666
Zambia,Earth and Space,1993-1997,4.535714285714284
Zambia,Earth and Space,1998-2002,13.643347338935566
Zambia,Earth and Space,2003-2007,23.617857142857126
Zambia,Earth and Space,2008-2012,13.064052795031033
Zambia,Earth and Space,2013-2017,25.121996141113744
Zambia,Engineering and Technology,1973-1977,3.833333333333333
Zambia,Engineering and Technology,1978-1982,14.833333333333332
Zambia,Engineering and Technology,1983-1987,3.166666666666666
Zambia,Engineering and Technology,1988-1992,5.0
Zambia,Engineering and Technology,1993-1997,10.166666666666663
Zambia,Engineering and Technology,1998-2002,7.2
Zambia,Engineering and Technology,2003-2007,5.583333333333333
Zambia,Engineering and Technology,2008-2012,7.116666666666649
Zambia,Engineering and Technology,2013-2017,17.42549019607841
Zambia,Health,1973-1977,0.5
Zambia,Health,1978-1982,2.5
Zambia,Health,1983-1987,9.5
Zambia,Health,1988-1992,1.125
Zambia,Health,1993-1997,5.178571428571427
Zambia,Health,1998-2002,11.439285714285699
Zambia,Health,2003-2007,12.163492063492042
Zambia,Health,2008-2012,45.82188367188361
Zambia,Health,2013-2017,74.76849737465824
Zambia,Humanities,1973-1977,12.0
Zambia,Humanities,1978-1982,11.0
Zambia,Humanities,1983-1987,20.0
Zambia,Humanities,1988-1992,5.0
Zambia,Humanities,1993-1997,1.0
Zambia,Humanities,1998-2002,1.0
Zambia,Humanities,2003-2007,2.0
Zambia,Humanities,2008-2012,4.0
Zambia,Humanities,2013-2017,14.583333333333332
Zambia,Mathematics,1973-1977,6.5
Zambia,Mathematics,1978-1982,3.5
Zambia,Mathematics,1983-1987,4.5
Zambia,Mathematics,1988-1992,1.333333333333333
Zambia,Mathematics,1993-1997,0.2
Zambia,Mathematics,1998-2002,2.0
Zambia,Mathematics,2003-2007,0.5
Zambia,Mathematics,2008-2012,0.333333333333333
Zambia,Mathematics,2013-2017,2.4499999999999957
Zambia,Physics,1973-1977,4.5
Zambia,Physics,1978-1982,9.0
Zambia,Physics,1983-1987,5.0
Zambia,Physics,1988-1992,2.5
Zambia,Physics,1993-1997,1.5
Zambia,Physics,1998-2002,5.999999999999996
Zambia,Physics,2003-2007,1.583333333333333
Zambia,Physics,2008-2012,3.733333333333333
Zambia,Physics,2013-2017,3.816666666666666
Zambia,Professional Fields,1973-1977,8.25
Zambia,Professional Fields,1978-1982,6.25
Zambia,Professional Fields,1983-1987,17.0
Zambia,Professional Fields,1988-1992,8.5
Zambia,Professional Fields,1993-1997,9.5
Zambia,Professional Fields,1998-2002,1.0
Zambia,Professional Fields,2003-2007,6.277777777777777
Zambia,Professional Fields,2008-2012,11.25
Zambia,Professional Fields,2013-2017,8.37989417989417
Zambia,Psychology,1973-1977,5.0
Zambia,Psychology,1978-1982,4.5
Zambia,Psychology,1983-1987,2.5
Zambia,Psychology,1988-1992,2.0
Zambia,Psychology,1998-2002,0.333333333333333
Zambia,Psychology,2003-2007,0.783333333333333
Zambia,Psychology,2008-2012,4.3999999999999995
Zambia,Psychology,2013-2017,7.683712121212112
Zambia,Social Sciences,1973-1977,39.0
Zambia,Social Sciences,1978-1982,50.33333333333333
Zambia,Social Sciences,1983-1987,35.16666666666665
Zambia,Social Sciences,1988-1992,32.416666666666664
Zambia,Social Sciences,1993-1997,15.916666666666666
Zambia,Social Sciences,1998-2002,6.999999999999992
Zambia,Social Sciences,2003-2007,10.283333333333331
Zambia,Social Sciences,2008-2012,23.29523809523807
Zambia,Social Sciences,2013-2017,38.74508121077884
Zimbabwe,Arts,1988-1992,2.0
Zimbabwe,Arts,1998-2002,1.0
Zimbabwe,Arts,2008-2012,1.625
Zimbabwe,Arts,2013-2017,8.05
Zimbabwe,Biology,1973-1977,150.16666666666666
Zimbabwe,Biology,1978-1982,301.99999999999994
Zimbabwe,Biology,1983-1987,131.16666666666657
Zimbabwe,Biology,1988-1992,168.17222222222202
Zimbabwe,Biology,1993-1997,224.97619047619003
Zimbabwe,Biology,1998-2002,194.57142857142827
Zimbabwe,Biology,2003-2007,139.61904761904717
Zimbabwe,Biology,2008-2012,152.91111111111059
Zimbabwe,Biology,2013-2017,266.02216553527626
Zimbabwe,Biomedical Research,1973-1977,41.58333333333333
Zimbabwe,Biomedical Research,1978-1982,42.0
Zimbabwe,Biomedical Research,1983-1987,22.533333333333324
Zimbabwe,Biomedical Research,1988-1992,33.708333333333314
Zimbabwe,Biomedical Research,1993-1997,59.92499999999994
Zimbabwe,Biomedical Research,1998-2002,62.064880952380875
Zimbabwe,Biomedical Research,2003-2007,41.232972582972536
Zimbabwe,Biomedical Research,2008-2012,54.329622244457774
Zimbabwe,Biomedical Research,2013-2017,94.40316990606715
Zimbabwe,Chemistry,1973-1977,19.0
Zimbabwe,Chemistry,1978-1982,15.83333333333333
Zimbabwe,Chemistry,1983-1987,3.5
Zimbabwe,Chemistry,1988-1992,16.5
Zimbabwe,Chemistry,1993-1997,16.83333333333333
Zimbabwe,Chemistry,1998-2002,12.083333333333329
Zimbabwe,Chemistry,2003-2007,6.699999999999999
Zimbabwe,Chemistry,2008-2012,2.583333333333333
Zimbabwe,Chemistry,2013-2017,18.644444444444435
Zimbabwe,Clinical Medicine,1973-1977,187.91666666666652
Zimbabwe,Clinical Medicine,1978-1982,256.0833333333333
Zimbabwe,Clinical Medicine,1983-1987,338.9666666666665
Zimbabwe,Clinical Medicine,1988-1992,487.1599567099563
Zimbabwe,Clinical Medicine,1993-1997,284.7526633563679
Zimbabwe,Clinical Medicine,1998-2002,220.38229224086567
Zimbabwe,Clinical Medicine,2003-2007,173.41414141414117
Zimbabwe,Clinical Medicine,2008-2012,150.5788074875372
Zimbabwe,Clinical Medicine,2013-2017,245.95875479382082
Zimbabwe,Earth and Space,1973-1977,14.49999999999999
Zimbabwe,Earth and Space,1978-1982,21.333333333333325
Zimbabwe,Earth and Space,1983-1987,13.083333333333325
Zimbabwe,Earth and Space,1988-1992,28.26666666666666
Zimbabwe,Earth and Space,1993-1997,55.37619047619044
Zimbabwe,Earth and Space,1998-2002,62.82787114845924
Zimbabwe,Earth and Space,2003-2007,91.9873015873013
Zimbabwe,Earth and Space,2008-2012,57.22335164835158
Zimbabwe,Earth and Space,2013-2017,105.88763736263714
Zimbabwe,Engineering and Technology,1973-1977,12.5
Zimbabwe,Engineering and Technology,1978-1982,15.5
Zimbabwe,Engineering and Technology,1983-1987,10.0
Zimbabwe,Engineering and Technology,1988-1992,13.83333333333333
Zimbabwe,Engineering and Technology,1993-1997,28.999999999999993
Zimbabwe,Engineering and Technology,1998-2002,40.916666666666664
Zimbabwe,Engineering and Technology,2003-2007,20.66666666666665
Zimbabwe,Engineering and Technology,2008-2012,11.416666666666655
Zimbabwe,Engineering and Technology,2013-2017,36.976190476190425
Zimbabwe,Health,1978-1982,3.0
Zimbabwe,Health,1983-1987,5.66666666666666
Zimbabwe,Health,1988-1992,17.366666666666656
Zimbabwe,Health,1993-1997,24.13939393939392
Zimbabwe,Health,1998-2002,21.108823529411747
Zimbabwe,Health,2003-2007,12.128210678210648
Zimbabwe,Health,2008-2012,38.33572538572532
Zimbabwe,Health,2013-2017,54.78154619428586
Zimbabwe,Humanities,1973-1977,10.0
Zimbabwe,Humanities,1978-1982,11.0
Zimbabwe,Humanities,1983-1987,13.5
Zimbabwe,Humanities,1988-1992,14.0
Zimbabwe,Humanities,1993-1997,11.0
Zimbabwe,Humanities,1998-2002,8.0
Zimbabwe,Humanities,2003-2007,19.25
Zimbabwe,Humanities,2008-2012,22.33333333333332
Zimbabwe,Humanities,2013-2017,30.83333333333333
Zimbabwe,Mathematics,1973-1977,2.0
Zimbabwe,Mathematics,1978-1982,9.0
Zimbabwe,Mathematics,1983-1987,11.5
Zimbabwe,Mathematics,1988-1992,8.833333333333332
Zimbabwe,Mathematics,1993-1997,11.333333333333332
Zimbabwe,Mathematics,1998-2002,8.0
Zimbabwe,Mathematics,2003-2007,10.166666666666663
Zimbabwe,Mathematics,2008-2012,20.99999999999997
Zimbabwe,Mathematics,2013-2017,19.11666666666665
Zimbabwe,Physics,1973-1977,2.0
Zimbabwe,Physics,1978-1982,1.0
Zimbabwe,Physics,1983-1987,7.5
Zimbabwe,Physics,1988-1992,1.666666666666666
Zimbabwe,Physics,1993-1997,8.583333333333332
Zimbabwe,Physics,1998-2002,8.333333333333332
Zimbabwe,Physics,2003-2007,7.1666666666666625
Zimbabwe,Physics,2008-2012,10.059523809523808
Zimbabwe,Physics,2013-2017,2.783333333333332
Zimbabwe,Professional Fields,1973-1977,4.0
Zimbabwe,Professional Fields,1978-1982,5.5
Zimbabwe,Professional Fields,1983-1987,10.0
Zimbabwe,Professional Fields,1988-1992,10.5
Zimbabwe,Professional Fields,1993-1997,12.0
Zimbabwe,Professional Fields,1998-2002,14.291666666666655
Zimbabwe,Professional Fields,2003-2007,10.0
Zimbabwe,Professional Fields,2008-2012,11.945833333333333
Zimbabwe,Professional Fields,2013-2017,36.126190476190445
Zimbabwe,Psychology,1973-1977,4.0
Zimbabwe,Psychology,1978-1982,6.0
Zimbabwe,Psychology,1983-1987,3.5
Zimbabwe,Psychology,1988-1992,37.166666666666664
Zimbabwe,Psychology,1993-1997,9.766666666666666
Zimbabwe,Psychology,1998-2002,7.386446886446885
Zimbabwe,Psychology,2003-2007,1.441156462585033
Zimbabwe,Psychology,2008-2012,12.766666666666655
Zimbabwe,Psychology,2013-2017,8.101315789473682
Zimbabwe,Social Sciences,1973-1977,21.0
Zimbabwe,Social Sciences,1978-1982,15.25
Zimbabwe,Social Sciences,1983-1987,29.24999999999999
Zimbabwe,Social Sciences,1988-1992,62.23333333333332
Zimbabwe,Social Sciences,1993-1997,40.99999999999999
Zimbabwe,Social Sciences,1998-2002,58.345238095238074
Zimbabwe,Social Sciences,2003-2007,31.58333333333329
Zimbabwe,Social Sciences,2008-2012,49.88571428571426
Zimbabwe,Social Sciences,2013-2017,82.25225885225878
