Country,Time_Interval,Total_Papers,Diversity,ECI,ECI+,GDP,Nestedness_NODF,Modularity_Q
Afghanistan,1973-1977,29.23333333333333,0.41943907900091204,,,2352888872.6,0.27520515347294855,0.22901721117518653
Afghanistan,1978-1982,31.749999999999993,0.309318069258957,,,3529612937.5,0.2891861082862083,0.22422940460866872
Afghanistan,1983-1987,16.333333333333332,0.13807208217245226,,,,0.26408051080252964,0.21552684594487367
Afghanistan,1988-1992,9.666666666666666,0.19089215220763,,,,0.2608418555255483,0.2757009991570048
Afghanistan,1993-1997,1.0,0.0714285714285714,,,,0.24557021014643515,0.27107123843861186
Afghanistan,1998-2002,1.8333333333333321,0.08630019186928439,,,4055179566.0,0.27282079664694203,0.2625174188578835
Afghanistan,2003-2007,23.111904761904732,0.2749452439892758,,,6534128073.8,0.2596958358994229,0.23727412551345609
Afghanistan,2008-2012,81.37003968253961,0.3734388059908653,,,15242155818.4,0.28717402025853084,0.2308756681103245
Afghanistan,2013-2017,109.06328056290386,0.30188442607287314,,,20101493672.8,0.2709120283792509,0.22884322635683815
Albania,1978-1982,5.333333333333333,0.20809693087713899,0.1926582,-0.267726,,0.2891861082862083,0.22422940460866872
Albania,1983-1987,11.5,0.18160628967881198,-0.12581,-0.313858,1983127661.25,0.26408051080252964,0.21552684594487367
Albania,1988-1992,50.1095238095238,0.34406780881814547,-0.23946579999999998,-0.3005616,1616922803.76,0.2608418555255483,0.2757009991570048
Albania,1993-1997,113.6502228163992,0.3504808558906135,-0.28848219999999997,-0.289838,2183438006.2,0.24557021014643515,0.27107123843861186
Albania,1998-2002,99.4261904761904,0.43289640200049706,-0.24025219999999997,-0.3779382,3501722224.4,0.27282079664694203,0.2625174188578835
Albania,2003-2007,85.45825417123365,0.469814956150747,-0.2568854,-0.2704692,8084328950.4,0.2596958358994229,0.23727412551345609
Albania,2008-2012,335.876507054107,0.495281837909758,0.21346879999999996,0.1965022,12412620307.8,0.28717402025853084,0.2308756681103245
Albania,2013-2017,456.757571456362,0.5439561917252896,-0.7625567999999999,-0.41134699999999996,12454420354.0,0.2709120283792509,0.22884322635683815
Algeria,1973-1977,276.7333333333331,0.6547033640154789,-0.7405042,-0.17348780000000003,15236600497.8,0.27520515347294855,0.22901721117518653
Algeria,1978-1982,339.3261904761904,0.6051031773484363,-0.9488016,-0.41445419999999994,38301790439.4,0.2891861082862083,0.22422940460866872
Algeria,1983-1987,467.7675324675321,0.6317067847440885,-1.0962118,-0.478603,58175217408.4,0.26408051080252964,0.21552684594487367
Algeria,1988-1992,611.3505050505046,0.613840077960977,-0.5286126,-0.287819,54096864388.4,0.2608418555255483,0.2757009991570048
Algeria,1993-1997,860.743964182408,0.4797058494868891,-0.7466928,-0.6637398,45874487651.4,0.24557021014643515,0.27107123843861186
Algeria,1998-2002,1363.6669300255955,0.4069093943392994,-0.8204288,-0.913791,52624710677.8,0.27282079664694203,0.2625174188578835
Algeria,2003-2007,2970.213530991703,0.37049556003461603,-0.9143508,-0.8766830000000001,101677923276.0,0.2596958358994229,0.23727412551345609
Algeria,2008-2012,5745.139887522527,0.41516572668055807,-1.223476,-0.8166522,175699800000.0,0.28717402025853084,0.2308756681103245
Algeria,2013-2017,9903.69879461798,0.4207752571363006,-1.3228624,-1.70547,183393200000.0,0.2709120283792509,0.22884322635683815
Andorra,1988-1992,1.0,0.0714285714285714,,,972573197.72,0.2608418555255483,0.2757009991570048
Andorra,1993-1997,0.833333333333333,0.1050403964769091,,,1121571300.0,0.24557021014643515,0.27107123843861186
Andorra,1998-2002,3.783333333333333,0.2577031316479991,,,1436738821.4,0.27282079664694203,0.2625174188578835
Andorra,2003-2007,8.709523809523807,0.18172378327417094,,,3165119365.8,0.2596958358994229,0.23727412551345609
Andorra,2008-2012,5.333333333333332,0.29557087365774637,,,3605603945.6,0.28717402025853084,0.2308756681103245
Andorra,2013-2017,16.981902537690004,0.3950514967096902,,,3030448530.0,0.2709120283792509,0.22884322635683815
Angola,1973-1977,18.5,0.3534704851117867,-1.291844,-1.081832,,0.27520515347294855,0.22901721117518653
Angola,1978-1982,3.75,0.1681373174368913,-1.566572,-1.445058,5677156491.0,0.2891861082862083,0.22422940460866872
Angola,1983-1987,8.666666666666666,0.17566785378953398,-1.766632,-0.8761129999999999,6925062495.4,0.26408051080252964,0.21552684594487367
Angola,1988-1992,12.144444444444442,0.27057776463801686,-1.7378900000000002,-0.8681914000000001,9822142013.6,0.2608418555255483,0.2757009991570048
Angola,1993-1997,12.716666666666665,0.22833783164207844,-1.597358,-1.043417,6184122943.6,0.24557021014643515,0.27107123843861186
Angola,1998-2002,25.588095238095224,0.4078310278233209,-1.73012,-1.198445,9202081184.0,0.27282079664694203,0.2625174188578835
Angola,2003-2007,19.209523809523795,0.27096859668690954,-1.2548392,-0.9687496,39196627074.8,0.2596958358994229,0.23727412551345609
Angola,2008-2012,52.41743534243526,0.5336694020858906,-2.161968,-1.0236602000000001,96497654298.8,0.28717402025853084,0.2308756681103245
Angola,2013-2017,110.96427610471483,0.4480152398145143,-1.24797,,124372800000.0,0.2709120283792509,0.22884322635683815
Antarctica,1973-1977,6.0,0.08759822797453387,,,,0.27520515347294855,0.22901721117518653
Antarctica,1978-1982,5.5,0.1905546426233038,,,,0.2891861082862083,0.22422940460866872
Antarctica,1983-1987,1.5,0.09751566938509681,,,,0.26408051080252964,0.21552684594487367
Antarctica,1988-1992,0.499999999999999,0.11469688443834125,,,,0.2608418555255483,0.2757009991570048
Antarctica,1998-2002,1.0,0.0714285714285714,,,,0.27282079664694203,0.2625174188578835
Antarctica,2003-2007,0.333333333333333,0.0714285714285714,,,,0.2596958358994229,0.23727412551345609
Antarctica,2008-2012,2.161111111111111,0.1687610574768802,,,,0.28717402025853084,0.2308756681103245
Antarctica,2013-2017,0.9761904761904749,0.0935538902362063,,,,0.2709120283792509,0.22884322635683815
Antigua & Barbuda,1988-1992,0.5,0.0714285714285714,,,,0.2608418555255483,0.2757009991570048
Antigua & Barbuda,1993-1997,2.0,0.08411608472009369,,,,0.24557021014643515,0.27107123843861186
Antigua & Barbuda,1998-2002,5.0,0.0714285714285714,,,,0.27282079664694203,0.2625174188578835
Antigua & Barbuda,2003-2007,7.277777777777756,0.20493866749608736,,,,0.2596958358994229,0.23727412551345609
Antigua & Barbuda,2008-2012,8.776190476190468,0.1754904891804232,,,,0.28717402025853084,0.2308756681103245
Antigua & Barbuda,2013-2017,6.440339732731033,0.26677182670181077,,,,0.2709120283792509,0.22884322635683815
Argentina,1973-1977,4125.544537815123,0.5953189947485348,0.2181498,0.5326068,57073985074.6,0.27520515347294855,0.22901721117518653
Argentina,1978-1982,5241.765079365075,0.6233733371727829,-0.031744400000000006,0.47154559999999995,73456290410.8,0.2891861082862083,0.22422940460866872
Argentina,1983-1987,7914.241057553547,0.6470148687910269,0.0610496,0.446486,98705534179.6,0.26408051080252964,0.21552684594487367
Argentina,1988-1992,9092.455681884545,0.6773333780700077,0.04609300000000001,0.3839138,152540979607.2,0.2608418555255483,0.2757009991570048
Argentina,1993-1997,11910.887442622861,0.6186924026167602,-0.0065065999999999995,0.3943498,263444600000.0,0.24557021014643515,0.27107123843861186
Argentina,1998-2002,17544.16164632273,0.6211205726272855,0.0419954,0.3583008,246619200850.4,0.27282079664694203,0.2625174188578835
Argentina,2003-2007,20013.483795783985,0.6217496541997305,0.028639199999999997,0.22068339999999997,202214000000.0,0.2596958358994229,0.23727412551345609
Argentina,2008-2012,28463.005063062017,0.6776354297350786,-0.005942200000000003,0.1870136,438861200000.0,0.28717402025853084,0.2308756681103245
Argentina,2013-2017,32349.354560356034,0.6610077988165224,0.01127140000000001,-0.13964433333333334,574664200000.0,0.2709120283792509,0.22884322635683815
Armenia,1973-1977,2.5,0.15969628197896435,,,,0.27520515347294855,0.22901721117518653
Armenia,1988-1992,135.93596491228067,0.3257144186167338,,,1865980945.3333333,0.2608418555255483,0.2757009991570048
Armenia,1993-1997,1010.3470406864562,0.362762181420892,,,1444250111.6,0.24557021014643515,0.27107123843861186
Armenia,1998-2002,1039.4869879836415,0.3589284257548445,,,2029115048.8,0.27282079664694203,0.2625174188578835
Armenia,2003-2007,1206.505181262253,0.38348805004907316,,,5374979901.0,0.2596958358994229,0.23727412551345609
Armenia,2008-2012,1825.4282093140635,0.39960177827177745,,,10066338756.6,0.28717402025853084,0.2308756681103245
Armenia,2013-2017,1773.0451613540185,0.4001406410401904,,,11071582021.2,0.2709120283792509,0.22884322635683815
Australia,1973-1977,33305.58492618486,0.7514206459657067,-0.0323832,0.692989,92972430352.4,0.27520515347294855,0.22901721117518653
Australia,1978-1982,47244.98526057267,0.7748948861240472,-0.0665878,0.5419457999999999,154647600000.0,0.2891861082862083,0.22422940460866872
Australia,1983-1987,55876.60219112661,0.773677142640858,-0.0694036,0.5863196,184320800000.0,0.26408051080252964,0.21552684594487367
Australia,1988-1992,61798.37713826094,0.7822973412179803,-0.1400326,0.548195,299178600000.0,0.2608418555255483,0.2757009991570048
Australia,1993-1997,78697.09882359486,0.7866332523891362,0.002762200000000001,0.4858392,367168600000.0,0.24557021014643515,0.27107123843861186
Australia,1998-2002,89836.47511363961,0.7834873208367779,-0.0304452,0.3986004,395151000000.0,0.27282079664694203,0.2625174188578835
Australia,2003-2007,108151.86731097139,0.7696280459203106,-0.1594258,0.318347,674308000000.0,0.2596958358994229,0.23727412551345609
Australia,2008-2012,153753.46099332068,0.7324148567708891,-0.3969264,0.2019044,1214149000000.0,0.28717402025853084,0.2308756681103245
Australia,2013-2017,206094.39572370946,0.7162551128641321,-0.26668656,-0.09713100000000001,1386868000000.0,0.2709120283792509,0.22884322635683815
Austria,1973-1977,9721.596933621922,0.685867189825119,1.819032,1.549556,39853942005.0,0.27520515347294855,0.22901721117518653
Austria,1978-1982,13441.617526814416,0.7478956033916677,1.852872,1.51867,72071596647.8,0.2891861082862083,0.22422940460866872
Austria,1983-1987,14724.790948739199,0.7259250990970174,1.83508,1.445378,86539460294.0,0.26408051080252964,0.21552684594487367
Austria,1988-1992,16890.660910662653,0.7587999986763567,1.940026,1.450786,160356000000.0,0.2608418555255483,0.2757009991570048
Austria,1993-1997,21349.872808263637,0.7674306838926817,2.044616,1.3761379999999999,216998800000.0,0.24557021014643515,0.27107123843861186
Austria,1998-2002,26933.982956344906,0.7939248490825558,1.7805440000000001,1.2922600000000002,208592400000.0,0.27282079664694203,0.2625174188578835
Austria,2003-2007,30609.398422955805,0.7992947033827748,1.7555520000000002,1.238334,320652800000.0,0.2596958358994229,0.23727412551345609
Austria,2008-2012,36281.06413585666,0.8276765011253284,1.7134819999999997,1.216468,412580800000.0,0.28717402025853084,0.2308756681103245
Austria,2013-2017,42392.68498688392,0.8410220341937777,1.6658339999999998,1.1856,413485400000.0,0.2709120283792509,0.22884322635683815
Azerbaijan,1973-1977,2.0,0.0714285714285714,,,,0.27520515347294855,0.22901721117518653
Azerbaijan,1983-1987,1.0,0.0714285714285714,,,,0.26408051080252964,0.21552684594487367
Azerbaijan,1988-1992,164.08333333333326,0.2618100701753434,-0.392366,-1.11976,7547240768.333333,0.2608418555255483,0.2757009991570048
Azerbaijan,1993-1997,878.3214285714278,0.3014545260006446,0.03923079999999999,-0.3358598,3495359764.2,0.24557021014643515,0.27107123843861186
Azerbaijan,1998-2002,663.3783730158723,0.3253730644247541,-0.1320044,-0.26426720000000004,5248762298.2,0.27282079664694203,0.2625174188578835
Azerbaijan,2003-2007,883.0549975644002,0.35574950174838393,-0.7601812,-0.2615652,16647085933.2,0.2596958358994229,0.23727412551345609
Azerbaijan,2008-2012,1554.5876795233237,0.3476598737354605,-1.226792,-0.34042019999999995,56336447960.4,0.28717402025853084,0.2308756681103245
Azerbaijan,2013-2017,1439.080972968031,0.3733316081816461,-1.0409644,-0.673707,56243235715.2,0.2709120283792509,0.22884322635683815
Bahamas,1973-1977,12.916666666666664,0.46688808095125967,,,,0.27520515347294855,0.22901721117518653
Bahamas,1978-1982,8.333333333333332,0.2294175858222106,,,,0.2891861082862083,0.22422940460866872
Bahamas,1983-1987,13.445707070707059,0.21070595152210603,,,,0.26408051080252964,0.21552684594487367
Bahamas,1988-1992,10.616666666666664,0.1809656771410132,,,,0.2608418555255483,0.2757009991570048
Bahamas,1993-1997,7.784523809523808,0.2554951989709602,,,,0.24557021014643515,0.27107123843861186
Bahamas,1998-2002,20.508874458874455,0.4580475675973068,,,,0.27282079664694203,0.2625174188578835
Bahamas,2003-2007,26.07821067821067,0.42776568807102067,,,,0.2596958358994229,0.23727412551345609
Bahamas,2008-2012,30.675250626566395,0.3798814842880168,,,,0.28717402025853084,0.2308756681103245
Bahamas,2013-2017,69.9501899908876,0.4763446574576726,,,,0.2709120283792509,0.22884322635683815
Bahrain,1973-1977,1.0,0.0714285714285714,,,,0.27520515347294855,0.22901721117518653
Bahrain,1978-1982,11.166666666666666,0.24590229269109398,,,3395420719.3333335,0.2891861082862083,0.22422940460866872
Bahrain,1983-1987,120.41666666666666,0.3528755010750001,,,3547393563.8,0.26408051080252964,0.21552684594487367
Bahrain,1988-1992,307.7333333333333,0.49373475392474775,,,4232606383.0,0.2608418555255483,0.2757009991570048
Bahrain,1993-1997,293.91666666666663,0.5219574432377873,,,5813670212.6,0.24557021014643515,0.27107123843861186
Bahrain,1998-2002,246.06944444444437,0.5874667357279812,,,8087478670.2,0.27282079664694203,0.2625174188578835
Bahrain,2003-2007,371.67393805025347,0.5988849600637995,,,16085691489.2,0.2596958358994229,0.23727412551345609
Bahrain,2008-2012,398.67633704015253,0.663755753429479,,,26777659574.6,0.28717402025853084,0.2308756681103245
Bahrain,2013-2017,437.52534019598335,0.684476419435935,,,32945361702.2,0.2709120283792509,0.22884322635683815
Bangladesh,1973-1977,210.09999999999997,0.40855063584015117,-0.5638403999999999,-1.589186,11963159391.4,0.27520515347294855,0.22901721117518653
Bangladesh,1978-1982,439.1694805194803,0.4905558486997581,-0.5634826000000001,-1.560082,17152077953.0,0.2891861082862083,0.22422940460866872
Bangladesh,1983-1987,734.8222222222217,0.5335271059243838,-0.6745076,-1.31303,20976075498.0,0.26408051080252964,0.21552684594487367
Bangladesh,1988-1992,878.1249999999992,0.4758880810852537,-0.6776956000000001,-1.118306,29925084060.4,0.2608418555255483,0.2757009991570048
Bangladesh,1993-1997,1246.2124209124197,0.48650262251858745,-0.9626428,-1.0493320000000002,39911544462.2,0.24557021014643515,0.27107123843861186
Bangladesh,1998-2002,1339.5013040690378,0.5430934934092906,-1.0379332,-0.9885190000000001,52668057601.8,0.27282079664694203,0.2625174188578835
Bangladesh,2003-2007,1700.42160115213,0.6327883852917449,-1.148298,-0.8618774,69228277684.8,0.2596958358994229,0.23727412551345609
Bangladesh,2008-2012,3154.430905853126,0.6429677446327419,-0.9841431999999999,-0.6462452,114276455647.8,0.28717402025853084,0.2308756681103245
Bangladesh,2013-2017,4807.545987071722,0.6291143060730587,-1.60732,-0.780446,197816000000.0,0.2709120283792509,0.22884322635683815
Barbados,1973-1977,48.08333333333333,0.3754989127756403,,,411249219.75,0.27520515347294855,0.22901721117518653
Barbados,1978-1982,77.58333333333333,0.3449485869108636,,,902731069.4399999,0.2891861082862083,0.22422940460866872
Barbados,1983-1987,115.11666666666665,0.43392492367120195,,,1448913638.0,0.26408051080252964,0.21552684594487367
Barbados,1988-1992,118.14285714285711,0.3634280277159707,,,1961727648.8,0.2608418555255483,0.2757009991570048
Barbados,1993-1997,119.16091269841264,0.4523000541302903,,,2258738129.4,0.24557021014643515,0.27107123843861186
Barbados,1998-2002,139.75584415584413,0.6039976126848565,,,2997881136.6,0.27282079664694203,0.2625174188578835
Barbados,2003-2007,177.79197330447323,0.5751562648519877,,,3873000000.0,0.2596958358994229,0.23727412551345609
Barbados,2008-2012,167.72673293439345,0.6091990600017267,,,4609600000.0,0.28717402025853084,0.2308756681103245
Barbados,2013-2017,192.4880291287559,0.5648714871953071,,,4779300000.0,0.2709120283792509,0.22884322635683815
Belgium,1973-1977,13983.532834648988,0.7567349269845076,1.424564,1.44255,64681771372.4,0.27520515347294855,0.22901721117518653
Belgium,1978-1982,19186.58428912845,0.7387022051251635,1.4492720000000001,1.3535080000000002,108243385325.8,0.2891861082862083,0.22422940460866872
Belgium,1983-1987,22106.32632338172,0.7921087844001922,1.4095220000000002,1.332698,105243006605.4,0.26408051080252964,0.21552684594487367
Belgium,1988-1992,25023.079237873222,0.805011784913402,1.477212,1.362166,195429000000.0,0.2608418555255483,0.2757009991570048
Belgium,1993-1997,31692.49364615393,0.8057227583335744,1.487806,1.2692780000000001,257908200000.0,0.24557021014643515,0.27107123843861186
Belgium,1998-2002,36620.276980140436,0.8490612248157887,1.4314779999999998,1.194158,249318200000.0,0.27282079664694203,0.2625174188578835
Belgium,2003-2007,44506.50045083223,0.8819391212991683,1.296902,1.118224,389946400000.0,0.2596958358994229,0.23727412551345609
Belgium,2008-2012,55544.83841106664,0.8450174184027577,1.1511140000000002,1.06472,499269800000.0,0.28717402025853084,0.2308756681103245
Belgium,2013-2017,62678.387529838576,0.8064524854794665,0.928436,1.0623,499632200000.0,0.2709120283792509,0.22884322635683815
Belize,1973-1977,1.0,0.0714285714285714,,,102836412.096,0.27520515347294855,0.22901721117518653
Belize,1978-1982,9.333333333333332,0.11156607906197669,,,172866880.82,0.2891861082862083,0.22422940460866872
Belize,1983-1987,1.5,0.19511720984613845,,,226369951.35999998,0.26408051080252964,0.21552684594487367
Belize,1988-1992,5.033333333333333,0.09903903924976643,,,412854709.3,0.2608418555255483,0.2757009991570048
Belize,1993-1997,10.594444444444441,0.16913999098185128,,,611312100.0,0.24557021014643515,0.27107123843861186
Belize,1998-2002,8.958333333333327,0.20805875703492382,,,809434960.0,0.27282079664694203,0.2625174188578835
Belize,2003-2007,18.31783216783216,0.20495841666437353,,,1123730000.0,0.2596958358994229,0.23727412551345609
Belize,2008-2012,22.63880286380285,0.2667380694199092,,,1405910000.0,0.28717402025853084,0.2308756681103245
Belize,2013-2017,31.834362317389317,0.2903786829032856,,,1715540000.0,0.2709120283792509,0.22884322635683815
Benin,1973-1977,10.166666666666666,0.16135940368480595,,,636871789.3199999,0.27520515347294855,0.22901721117518653
Benin,1978-1982,11.0,0.3652311065501961,,,1215844914.16,0.2891861082862083,0.22422940460866872
Benin,1983-1987,29.76666666666665,0.3453746546621722,,,1218141800.8,0.26408051080252964,0.21552684594487367
Benin,1988-1992,59.2928571428571,0.35053480879123,,,1752851801.6,0.2608418555255483,0.2757009991570048
Benin,1993-1997,121.26666666666655,0.30988370193868064,,,2134335844.6,0.24557021014643515,0.27107123843861186
Benin,1998-2002,157.8488455988455,0.3315791494757063,,,3496007871.0,0.27282079664694203,0.2625174188578835
Benin,2003-2007,239.42987012986978,0.41367137129129716,,,6653521440.8,0.2596958358994229,0.23727412551345609
Benin,2008-2012,472.4547609052394,0.38842047360655596,,,10163577747.6,0.28717402025853084,0.2308756681103245
Benin,2013-2017,637.5599253091683,0.43925066901200227,,,12342651685.6,0.2709120283792509,0.22884322635683815
Bermuda,1973-1977,24.599999999999998,0.3596411720154552,,,352080000.0,0.27520515347294855,0.22901721117518653
Bermuda,1978-1982,32.08333333333332,0.2958490067572408,,,626180006.4,0.2891861082862083,0.22422940460866872
Bermuda,1983-1987,34.7095238095238,0.22844211460274788,,,1076920000.0,0.26408051080252964,0.21552684594487367
Bermuda,1988-1992,37.02619047619046,0.24101391319607768,,,1564760012.8,0.2608418555255483,0.2757009991570048
Bermuda,1993-1997,38.28333333333329,0.2477046637029231,,,2269297390.4,0.24557021014643515,0.27107123843861186
Bermuda,1998-2002,60.26013708513703,0.21305176563119332,,,3510622200.0,0.27282079664694203,0.2625174188578835
Bermuda,2003-2007,45.45717893217888,0.20263706926489622,,,4969742200.0,0.2596958358994229,0.23727412551345609
Bermuda,2008-2012,63.746059649414825,0.19554871873095403,,,5749805600.0,0.28717402025853084,0.2308756681103245
Bermuda,2013-2017,66.67513779537532,0.2535646227165971,,,5573710000.0,0.2709120283792509,0.22884322635683815
Bhutan,1978-1982,1.0,0.0714285714285714,,,143659756.29999998,0.2891861082862083,0.22422940460866872
Bhutan,1983-1987,1.0,0.0714285714285714,,,192325322.61999997,0.26408051080252964,0.21552684594487367
Bhutan,1988-1992,6.666666666666666,0.12945873638807026,,,272086639.54,0.2608418555255483,0.2757009991570048
Bhutan,1993-1997,7.833333333333333,0.22092068219415673,,,298295991.88,0.24557021014643515,0.27107123843861186
Bhutan,1998-2002,9.2,0.2138392710804793,,,440549810.58000004,0.27282079664694203,0.2625174188578835
Bhutan,2003-2007,28.401190476190468,0.2770694445284738,,,825360469.54,0.2596958358994229,0.23727412551345609
Bhutan,2008-2012,46.24136321195141,0.3601311931315977,,,1513639400.0,0.28717402025853084,0.2308756681103245
Bhutan,2013-2017,105.73403078122013,0.5126219322546697,,,2055248349.6,0.2709120283792509,0.22884322635683815
Bolivia,1973-1977,43.64285714285713,0.5173593200409412,-0.9639656000000001,-1.874128,2345467266.4,0.27520515347294855,0.22901721117518653
Bolivia,1978-1982,55.474999999999966,0.4126044404913689,-0.9662668,-1.22751,4833345699.4,0.2891861082862083,0.22422940460866872
Bolivia,1983-1987,73.7373015873015,0.5417254600234069,-0.9224322,-1.078862,5050236382.4,0.26408051080252964,0.21552684594487367
Bolivia,1988-1992,89.75119047619043,0.436443583131081,-0.8878389999999999,-0.8352617999999999,5033668942.0,0.2608418555255483,0.2757009991570048
Bolivia,1993-1997,156.77128237259797,0.4487003100770939,-0.8036996000000001,-0.7680694,6750756412.0,0.24557021014643515,0.27107123843861186
Bolivia,1998-2002,198.37946719946694,0.46504561161694613,-0.7862698,-0.6034538,8245511426.6,0.27282079664694203,0.2625174188578835
Bolivia,2003-2007,292.5627289498203,0.33844039087732625,-0.8593301999999999,-0.8742557999999999,10195389359.6,0.2596958358994229,0.23727412551345609
Bolivia,2008-2012,387.9882548149347,0.44285586664386056,-0.8475227999999999,-0.8100786,20942295875.6,0.28717402025853084,0.2308756681103245
Bolivia,2013-2017,397.66595318556944,0.49625222583127704,-1.109664,-1.2063333333333333,33621098697.4,0.2709120283792509,0.22884322635683815
Bosnia & Herzegovina,1973-1977,0.333333333333333,0.0714285714285714,,,,0.27520515347294855,0.22901721117518653
Bosnia & Herzegovina,1988-1992,9.7,0.2035383569551089,,,,0.2608418555255483,0.2757009991570048
Bosnia & Herzegovina,1993-1997,74.39999999999998,0.4536201875722127,,,,0.24557021014643515,0.27107123843861186
Bosnia & Herzegovina,1998-2002,99.67182539682534,0.5001616601735681,,,,0.27282079664694203,0.2625174188578835
Bosnia & Herzegovina,2003-2007,368.56698579198513,0.6144719744892084,,,,0.2596958358994229,0.23727412551345609
Bosnia & Herzegovina,2008-2012,1418.5756869813665,0.5698401709763347,,,,0.28717402025853084,0.2308756681103245
Bosnia & Herzegovina,2013-2017,1160.7928268995138,0.7152098773593303,,,,0.2709120283792509,0.22884322635683815
Botswana,1973-1977,30.333333333333332,0.36593554171835707,,,345789759.04,0.27520515347294855,0.22901721117518653
Botswana,1978-1982,76.58333333333333,0.25249070941611396,,,911989340.8399999,0.2891861082862083,0.22422940460866872
Botswana,1983-1987,88.73333333333332,0.4864949578012877,,,1377145641.6,0.26408051080252964,0.21552684594487367
Botswana,1988-1992,106.31111111111107,0.3399320281329613,,,3521642220.0,0.2608418555255483,0.2757009991570048
Botswana,1993-1997,242.51507936507932,0.4256778762886969,,,4603599181.8,0.24557021014643515,0.27107123843861186
Botswana,1998-2002,404.76351487654773,0.4649507222518925,-0.6414973333333333,-1.2457399999999998,5398302254.0,0.27282079664694203,0.2625174188578835
Botswana,2003-2007,515.7168932718599,0.5246546247227148,-0.8239836,-1.6758020000000002,9493235739.8,0.2596958358994229,0.23727412551345609
Botswana,2008-2012,555.231137254934,0.5794101674306456,-0.22435940000000004,-0.7188568,12754244756.0,0.28717402025853084,0.2308756681103245
Botswana,2013-2017,613.354119883177,0.6429709836458876,-0.6825749999999999,-1.0996350000000001,15724992133.2,0.2709120283792509,0.22884322635683815
Brazil,1973-1977,4725.480984701568,0.7022945558451018,-0.2993996,0.3802624,127394611546.2,0.27520515347294855,0.22901721117518653
Brazil,1978-1982,8592.602353550103,0.7360466209893508,0.0366624,0.6123608,241207600000.0,0.2891861082862083,0.22422940460866872
Brazil,1983-1987,11363.750375033444,0.6408106206492783,0.3110976,0.7353522,239498600000.0,0.26408051080252964,0.21552684594487367
Brazil,1988-1992,15951.356294957366,0.6573573472441003,0.4028632,0.680839,444280600000.0,0.2608418555255483,0.2757009991570048
Brazil,1993-1997,23731.210806208517,0.6671993775177059,0.5363758,0.6122004000000001,699768400000.0,0.24557021014643515,0.27107123843861186
Brazil,1998-2002,44700.236958902606,0.6839522964695943,0.5659536000000001,0.6216292,637173400000.0,0.27282079664694203,0.2625174188578835
Brazil,2003-2007,76658.74017168225,0.6439840245599263,0.45960840000000003,0.5383668,924797400000.0,0.2596958358994229,0.23727412551345609
Brazil,2008-2012,144897.62629561822,0.6449466670115114,0.252527,0.5277962,2130620000000.0,0.28717402025853084,0.2308756681103245
Brazil,2013-2017,176705.29180087213,0.6667699424218707,0.3667282,0.362352,2117908000000.0,0.2709120283792509,0.22884322635683815
Brunei,1973-1977,5.0,0.1416858637545071,,,,0.27520515347294855,0.22901721117518653
Brunei,1978-1982,11.5,0.0885463102776427,,,,0.2891861082862083,0.22422940460866872
Brunei,1983-1987,14.166666666666666,0.33395849741457917,,,,0.26408051080252964,0.21552684594487367
Brunei,1988-1992,34.33333333333333,0.27910910661483357,,,,0.2608418555255483,0.2757009991570048
Brunei,1993-1997,66.29999999999998,0.505827826323162,,,,0.24557021014643515,0.27107123843861186
Brunei,1998-2002,115.69999999999995,0.4755525911078189,,,,0.27282079664694203,0.2625174188578835
Brunei,2003-2007,105.58382352941172,0.48990034480845146,,,,0.2596958358994229,0.23727412551345609
Brunei,2008-2012,169.1640286377708,0.5263971809462927,,,,0.28717402025853084,0.2308756681103245
Brunei,2013-2017,391.13265271006287,0.7071729409180789,,,,0.2709120283792509,0.22884322635683815
Bulgaria,1973-1977,4368.6279968397575,0.4096658435910425,0.7264092,0.7810042,,0.27520515347294855,0.22901721117518653
Bulgaria,1978-1982,5140.627137976397,0.4190486445854794,0.6729035999999999,0.61126,19683743589.666668,0.2891861082862083,0.22422940460866872
Bulgaria,1983-1987,6082.62487316604,0.4699807945549094,0.6542298,0.7235958,19932865256.4,0.26408051080252964,0.21552684594487367
Bulgaria,1988-1992,7017.9356154796615,0.5302350613192905,0.5544005999999999,0.6944231999999999,17294108076.0,0.2608418555255483,0.2757009991570048
Bulgaria,1993-1997,5998.341933516212,0.5739885548228303,0.3898492,0.509732,12624127650.0,0.24557021014643515,0.27107123843861186
Bulgaria,1998-2002,5589.278000948159,0.5771886514813791,0.4209364,0.4832498,14498039360.4,0.27282079664694203,0.2625174188578835
Bulgaria,2003-2007,5907.424107684771,0.547574301924489,0.36044160000000003,0.43580680000000005,31191414409.6,0.2596958358994229,0.23727412551345609
Bulgaria,2008-2012,7621.89894499987,0.533651582191172,0.4511244,0.5091096,53635770413.6,0.28717402025853084,0.2308756681103245
Bulgaria,2013-2017,7142.8483128863445,0.5104518871713388,0.3205112,0.37262666666666666,55168077745.4,0.2709120283792509,0.22884322635683815
Burkina Faso,1973-1977,29.499999999999993,0.35051989365779923,,,894730603.7,0.27520515347294855,0.22901721117518653
Burkina Faso,1978-1982,83.33611111111108,0.284365446645512,,,1736615693.6,0.2891861082862083,0.22422940460866872
Burkina Faso,1983-1987,100.88452380952377,0.24973175537224301,,,1803758268.6,0.26408051080252964,0.21552684594487367
Burkina Faso,1988-1992,109.4523809523808,0.3460262681157241,,,2741648273.8,0.2608418555255483,0.2757009991570048
Burkina Faso,1993-1997,148.7246753246751,0.4759566901185244,,,2328209445.2,0.24557021014643515,0.27107123843861186
Burkina Faso,1998-2002,214.5416056166054,0.4400736695692492,,,3183876003.4,0.27282079664694203,0.2625174188578835
Burkina Faso,2003-2007,289.7741775133075,0.4216184665382371,,,6094644684.0,0.2596958358994229,0.23727412551345609
Burkina Faso,2008-2012,521.799637392457,0.46595110335383016,,,10715416129.6,0.28717402025853084,0.2308756681103245
Burkina Faso,2013-2017,630.2461075086742,0.4253781181926305,,,13242388192.6,0.2709120283792509,0.22884322635683815
Burma,1973-1977,43.333333333333314,0.3239541932237484,-0.9911823999999999,-1.282716,,0.27520515347294855,0.22901721117518653
Burma,1978-1982,51.70238095238094,0.31229441729118135,-0.7763554,-0.9776872000000001,,0.2891861082862083,0.22422940460866872
Burma,1983-1987,56.060256410256386,0.2823317482186857,-0.8210919999999999,-0.9005442,,0.26408051080252964,0.21552684594487367
Burma,1988-1992,66.7619047619047,0.26803654003406197,-1.127156,-1.1339488,,0.2608418555255483,0.2757009991570048
Burma,1993-1997,55.97916666666664,0.27962091902886854,-1.248044,-1.351812,,0.24557021014643515,0.27107123843861186
Burma,1998-2002,47.28492063492062,0.4439639159131519,-1.2402339999999998,-1.2638500000000001,,0.27282079664694203,0.2625174188578835
Burma,2003-2007,74.69859307359296,0.40201488208146585,-1.24686,-1.33412,,0.2596958358994229,0.23727412551345609
Burma,2008-2012,95.254922343738,0.4607071683130092,-1.2304975,-1.4181650000000001,,0.28717402025853084,0.2308756681103245
Burma,2013-2017,244.14451655072764,0.5201273685721015,,,,0.2709120283792509,0.22884322635683815
Burundi,1973-1977,4.5,0.22638018164680673,,,413307661.52000004,0.27520515347294855,0.22901721117518653
Burundi,1978-1982,15.66666666666666,0.19689960984652988,,,858943555.5400001,0.2891861082862083,0.22422940460866872
Burundi,1983-1987,39.76527777777777,0.32883869986242065,,,1110648302.44,0.26408051080252964,0.21552684594487367
Burundi,1988-1992,52.516666666666644,0.36214119880921625,,,1115772950.2,0.2608418555255483,0.2757009991570048
Burundi,1993-1997,60.824603174603126,0.2809358452850901,,,941204344.0799999,0.24557021014643515,0.27107123843861186
Burundi,1998-2002,15.399999999999988,0.27870114463799367,,,854904661.74,0.27282079664694203,0.2625174188578835
Burundi,2003-2007,17.883333333333322,0.4490512626908172,,,1089319835.6,0.2596958358994229,0.23727412551345609
Burundi,2008-2012,34.180988455988434,0.45205785534748866,,,1998911041.6,0.28717402025853084,0.2308756681103245
Burundi,2013-2017,49.02515828088257,0.47378749924707175,,,2878747365.8,0.2709120283792509,0.22884322635683815
Byelarus,1973-1977,2.0,0.13715865963106422,,,,0.27520515347294855,0.22901721117518653
Byelarus,1983-1987,0.5,0.0714285714285714,,,,0.26408051080252964,0.21552684594487367
Byelarus,1988-1992,480.4999999999998,0.32329680845287334,,,,0.2608418555255483,0.2757009991570048
Byelarus,1993-1997,4965.971573631039,0.3804043259677238,,,,0.24557021014643515,0.27107123843861186
Byelarus,1998-2002,4258.988706598767,0.40240284082941424,,,,0.27282079664694203,0.2625174188578835
Byelarus,2003-2007,3436.4737376794787,0.384636281456036,,,,0.2596958358994229,0.23727412551345609
Byelarus,2008-2012,3478.893904233175,0.3986848536217168,,,,0.28717402025853084,0.2308756681103245
Byelarus,2013-2017,2762.94993934952,0.3851356436269795,,,,0.2709120283792509,0.22884322635683815
Cambodia,1973-1977,3.5,0.11062966258447493,-0.39480600000000005,-0.7169146000000001,645671524.85,0.27520515347294855,0.22901721117518653
Cambodia,1983-1987,2.5,0.12268244285988139,0.6177303999999999,0.1701388,,0.26408051080252964,0.21552684594487367
Cambodia,1988-1992,5.333333333333333,0.17213631327658818,-0.2438924,-0.5795695999999999,,0.2608418555255483,0.2757009991570048
Cambodia,1993-1997,13.603846153846145,0.1786236978810306,-1.002122,-0.9599876,3143295533.2,0.24557021014643515,0.27107123843861186
Cambodia,1998-2002,45.300793650793615,0.23321107499761662,-1.1696259999999998,-0.820439,3716718943.8,0.27282079664694203,0.2625174188578835
Cambodia,2003-2007,126.08311688311673,0.31795372356658114,-1.1497579999999998,-0.5921494,6440591575.4,0.2596958358994229,0.23727412551345609
Cambodia,2008-2012,268.121216932362,0.44788436301242096,-1.0510248,-0.6711973999999999,11776005099.4,0.28717402025853084,0.2308756681103245
Cambodia,2013-2017,449.8537096991373,0.43317168012873786,-1.1854098,-0.8398426666666667,18434900958.4,0.2709120283792509,0.22884322635683815
Cameroon,1973-1977,102.89999999999986,0.47751604684629023,-0.9882394,-0.8526130000000001,2641991306.0,0.27520515347294855,0.22901721117518653
Cameroon,1978-1982,154.4666666666666,0.4699806255627118,-1.3137560000000001,-1.133664,6384276454.2,0.2891861082862083,0.22422940460866872
Cameroon,1983-1987,160.70876623376617,0.4912366347013496,-1.522506,-1.103731,9251113427.6,0.26408051080252964,0.21552684594487367
Cameroon,1988-1992,381.9182539682535,0.5952859389251526,-1.7612619999999999,-1.56748,11723120234.4,0.2608418555255483,0.2757009991570048
Cameroon,1993-1997,529.889453601953,0.5587599463983319,-1.775082,-1.7742060000000002,11417835014.4,0.24557021014643515,0.27107123843861186
Cameroon,1998-2002,585.8032365581266,0.5683742161880304,-1.744412,-1.7511420000000002,10769166952.4,0.27282079664694203,0.2625174188578835
Cameroon,2003-2007,992.4571121066807,0.5201755968454453,-1.651138,-1.5043980000000001,18329034967.4,0.2596958358994229,0.23727412551345609
Cameroon,2008-2012,1534.0238145203666,0.6095833774898174,-1.1705048,-1.412474,27415050280.2,0.28717402025853084,0.2308756681103245
Cameroon,2013-2017,2229.8592545019314,0.6324629808323685,-0.8750902,-1.4879666666666667,33185690705.0,0.2709120283792509,0.22884322635683815
Canada,1973-1977,77569.89072675674,0.8427010042012875,0.752923,1.3165879999999999,176750600000.0,0.27520515347294855,0.22901721117518653
Canada,1978-1982,95083.92607655397,0.8376091036895636,0.8766946000000001,1.4047100000000001,271056200000.0,0.2891861082862083,0.22422940460866872
Canada,1983-1987,116508.77650604403,0.842321939572811,0.7785171999999999,1.234854,373886400000.0,0.26408051080252964,0.21552684594487367
Canada,1988-1992,134173.48553951838,0.8295427131162891,0.6725228,1.173916,573811200000.0,0.2608418555255483,0.2757009991570048
Canada,1993-1997,145733.1274111866,0.8288690487137017,0.8123766,1.081458,608142400000.0,0.24557021014643515,0.27107123843861186
Canada,1998-2002,138501.45956431984,0.8171161896633511,0.8852648000000001,1.1324960000000002,708904600000.0,0.27282079664694203,0.2625174188578835
Canada,2003-2007,166670.28112299734,0.8231355231941322,0.8462343999999999,1.0243974,1173068400000.0,0.2596958358994229,0.23727412551345609
Canada,2008-2012,207665.61318103483,0.823056567540918,0.6436694000000001,0.8753898,1630216000000.0,0.28717402025853084,0.2308756681103245
Canada,2013-2017,228293.90490117643,0.8046398585350931,0.8207416000000001,0.7060583333333333,1676998000000.0,0.2709120283792509,0.22884322635683815
Cape Verde,1983-1987,1.0,0.0714285714285714,,,,0.26408051080252964,0.21552684594487367
Cape Verde,1988-1992,2.75,0.09447135718713451,,,,0.2608418555255483,0.2757009991570048
Cape Verde,1993-1997,1.033333333333333,0.15213350522142954,,,,0.24557021014643515,0.27107123843861186
Cape Verde,1998-2002,1.0,0.1011851886326588,,,,0.27282079664694203,0.2625174188578835
Cape Verde,2003-2007,4.602380952380951,0.23986823637139543,,,,0.2596958358994229,0.23727412551345609
Cape Verde,2008-2012,11.538636363636353,0.3274993118187596,,,,0.28717402025853084,0.2308756681103245
Cape Verde,2013-2017,46.61354948972589,0.40868950470798737,,,,0.2709120283792509,0.22884322635683815
Central African Republic,1973-1977,11.083333333333332,0.23487001463927626,,,377938463.32,0.27520515347294855,0.22901721117518653
Central African Republic,1978-1982,32.00555555555553,0.2453485497968888,,,710301446.3399999,0.2891861082862083,0.22422940460866872
Central African Republic,1983-1987,37.91948051948049,0.2975116602720609,,,896921326.54,0.26408051080252964,0.21552684594487367
Central African Republic,1988-1992,66.69999999999996,0.2962324023305446,,,1345766726.0,0.2608418555255483,0.2757009991570048
Central African Republic,1993-1997,25.91865079365078,0.349453340097748,,,1038175580.72,0.24557021014643515,0.27107123843861186
Central African Republic,1998-2002,25.73708513708512,0.31516025006289106,,,960907466.28,0.27282079664694203,0.2625174188578835
Central African Republic,2003-2007,39.62077922077916,0.38986616536208984,,,1381064921.2,0.2596958358994229,0.23727412551345609
Central African Republic,2008-2012,45.16161046226445,0.5350053317727346,,,2227007189.8,0.28717402025853084,0.2308756681103245
Central African Republic,2013-2017,44.20778179699206,0.40900547147431376,,,1835910349.4,0.2709120283792509,0.22884322635683815
Chad,1973-1977,34.083333333333336,0.16721460565478619,,,793147961.92,0.27520515347294855,0.22901721117518653
Chad,1978-1982,17.5,0.1978858570369274,,,972509288.0200001,0.2891861082862083,0.22422940460866872
Chad,1983-1987,4.0,0.14607976517460408,,,1003168869.86,0.26408051080252964,0.21552684594487367
Chad,1988-1992,4.166666666666666,0.1790075330444234,,,1682774977.2,0.2608418555255483,0.2757009991570048
Chad,1993-1997,12.99999999999999,0.24363803491393576,,,1448208786.6,0.24557021014643515,0.27107123843861186
Chad,1998-2002,15.109313725490168,0.29359459004159716,,,1672299254.8,0.27282079664694203,0.2625174188578835
Chad,2003-2007,31.14801587301584,0.3126899032830348,,,5971814679.2,0.2596958358994229,0.23727412551345609
Chad,2008-2012,28.70838050838047,0.3815894607455519,,,10962638529.6,0.28717402025853084,0.2308756681103245
Chad,2013-2017,43.17934599479968,0.4967836811898978,,,11588573875.6,0.2709120283792509,0.22884322635683815
Chile,1973-1977,1816.6321428571391,0.5000155629266758,-0.11057540000000002,-0.290203,12994740276.0,0.27520515347294855,0.22901721117518653
Chile,1978-1982,2586.310490897987,0.5653515040341323,-0.2263604,-0.2374742,25333222363.0,0.2891861082862083,0.22422940460866872
Chile,1983-1987,3581.4564425770254,0.6109798097415768,-0.295533,-0.33702519999999997,19765565723.0,0.26408051080252964,0.21552684594487367
Chile,1988-1992,4567.189519630689,0.639647399192983,-0.4502376,-0.3104012,34567784808.6,0.2608418555255483,0.2757009991570048
Chile,1993-1997,5426.435473819186,0.6313030119284304,-0.26409380000000005,-0.0403042,68549038977.8,0.24557021014643515,0.27107123843861186
Chile,1998-2002,7066.957449233913,0.6380019227634505,-0.1107766,-0.0843838,75065778445.0,0.27282079664694203,0.2625174188578835
Chile,2003-2007,10440.184630590637,0.6235815083708217,-0.1476434,-0.1773422,125242570539.6,0.2596958358994229,0.23727412551345609
Chile,2008-2012,17695.63718449092,0.6028606233921832,-0.27017220000000003,-0.12385379999999999,217987800000.0,0.28717402025853084,0.2308756681103245
Chile,2013-2017,24481.31437598973,0.6350668573419362,-0.17890093999999998,-0.12654733333333332,262066000000.0,0.2709120283792509,0.22884322635683815
China,1973-1977,353.9380952380952,0.39302290005594487,0.4290142,0.6391176,155007200000.0,0.27520515347294855,0.22901721117518653
China,1978-1982,5301.299603174595,0.5601100228736935,0.3092656,0.521572,183985400000.0,0.2891861082862083,0.22422940460866872
China,1983-1987,16748.566149591115,0.5571917420109398,0.2163046,0.633442,274770600000.0,0.26408051080252964,0.21552684594487367
China,1988-1992,32668.627686475793,0.4776164322742137,0.25796260000000004,0.8310924,366253800000.0,0.2608418555255483,0.2757009991570048
China,1993-1997,55809.053113580274,0.4375514965447822,0.2088692,0.9466004,713791000000.0,0.24557021014643515,0.27107123843861186
China,1998-2002,129460.59027593839,0.5082119912609884,0.3184168,1.062662,1228868000000.0,0.27282079664694203,0.2625174188578835
China,2003-2007,318988.287144073,0.5163477896694283,0.518019,1.180148,2440816000000.0,0.2596958358994229,0.23727412551345609
China,2008-2012,637453.9053778314,0.5525387875831949,0.8323948,1.26159,6373380000000.0,0.28717402025853084,0.2308756681103245
China,2013-2017,1242048.206693615,0.5910205842843422,0.8294485999999999,1.4625633333333334,10930282000000.0,0.2709120283792509,0.22884322635683815
Ciskei,1983-1987,1.5,0.09751566938509681,,,,0.26408051080252964,0.21552684594487367
Ciskei,1988-1992,19.416666666666664,0.39983640101200635,,,,0.2608418555255483,0.2757009991570048
Ciskei,1993-1997,41.71666666666666,0.41275577309765854,,,,0.24557021014643515,0.27107123843861186
Colombia,1973-1977,403.8166666666664,0.43566347751619183,0.15064119999999998,0.3390126,14119357553.0,0.27520515347294855,0.22901721117518653
Colombia,1978-1982,501.78928571428537,0.5382751742883813,-0.078641,0.2536314,31992213088.6,0.2891861082862083,0.22422940460866872
Colombia,1983-1987,519.6642857142849,0.5054969915809857,0.05594260000000001,0.1837826,36638630328.2,0.26408051080252964,0.21552684594487367
Colombia,1988-1992,649.641702741702,0.5408861276696968,-0.1193698,0.20875059999999998,46838254462.8,0.2608418555255483,0.2757009991570048
Colombia,1993-1997,1025.4315943210581,0.6342791816722977,-0.0673518,0.2825806,88895538862.0,0.24557021014643515,0.27107123843861186
Colombia,1998-2002,1898.1734431491177,0.7526129494441425,0.0965564,0.353566,96138246007.6,0.27282079664694203,0.2625174188578835
Colombia,2003-2007,3058.2784768148167,0.7317755528324441,0.08729640000000001,0.42991460000000004,145028676012.8,0.2596958358994229,0.23727412551345609
Colombia,2008-2012,8854.09464346502,0.7615045598490018,0.1334616,0.3906608,293402600000.0,0.28717402025853084,0.2308756681103245
Colombia,2013-2017,11794.606901677698,0.8150003292873944,-0.014996239999999994,0.167192,330283800000.0,0.2709120283792509,0.22884322635683815
Comoros,1988-1992,2.33333333333333,0.10845244253783015,,,401819262.78000003,0.2608418555255483,0.2757009991570048
Comoros,1993-1997,2.999999999999999,0.21491683080144441,,,386206364.08000004,0.24557021014643515,0.27107123843861186
Comoros,1998-2002,3.4166666666666665,0.13295124786839596,,,380993988.73999995,0.27282079664694203,0.2625174188578835
Comoros,2003-2007,8.646825396825388,0.25782696038686426,,,664849298.9,0.2596958358994229,0.23727412551345609
Comoros,2008-2012,4.366269841269838,0.24631376341139222,,,952117429.5,0.28717402025853084,0.2308756681103245
Comoros,2013-2017,10.702813852813849,0.3443429380939953,,,1064423307.2,0.2709120283792509,0.22884322635683815
Congo,1973-1977,123.99999999999996,0.5472652441277008,,,,0.27520515347294855,0.22901721117518653
Congo,1978-1982,163.79999999999993,0.4811274349950685,,,,0.2891861082862083,0.22422940460866872
Congo,1983-1987,213.53968253968222,0.3864167772361967,,,,0.26408051080252964,0.21552684594487367
Congo,1988-1992,203.318903318903,0.4654418544898148,,,,0.2608418555255483,0.2757009991570048
Congo,1993-1997,194.37246505567384,0.48828481886129127,,,,0.24557021014643515,0.27107123843861186
Congo,1998-2002,140.8634540897698,0.41833755851338295,,,,0.27282079664694203,0.2625174188578835
Congo,2003-2007,182.7777763902762,0.46639046935002615,,,,0.2596958358994229,0.23727412551345609
Congo,2008-2012,331.1362755543799,0.45055382711537384,,,,0.28717402025853084,0.2308756681103245
Congo,2013-2017,605.3372265796781,0.4716043740745942,,,,0.2709120283792509,0.22884322635683815
Cook Islands,1973-1977,1.0,0.0714285714285714,,,,0.27520515347294855,0.22901721117518653
Cook Islands,1978-1982,10.083333333333332,0.1932276574640711,,,,0.2891861082862083,0.22422940460866872
Cook Islands,1983-1987,9.249999999999998,0.11159816972574377,,,,0.26408051080252964,0.21552684594487367
Cook Islands,1988-1992,5.333333333333332,0.21399336684365022,,,,0.2608418555255483,0.2757009991570048
Cook Islands,1993-1997,7.916666666666666,0.23528775548777736,,,,0.24557021014643515,0.27107123843861186
Cook Islands,1998-2002,1.083333333333333,0.12206099868846187,,,,0.27282079664694203,0.2625174188578835
Cook Islands,2003-2007,1.0647759103641439,0.13420801129021886,,,,0.2596958358994229,0.23727412551345609
Cook Islands,2008-2012,1.6055555555555543,0.19131111029832137,,,,0.28717402025853084,0.2308756681103245
Cook Islands,2013-2017,5.788572055963355,0.21749930645050486,,,,0.2709120283792509,0.22884322635683815
Costa Rica,1973-1977,258.08333333333314,0.29173338096319,0.4886602,0.11283159999999999,2128261368.8,0.27520515347294855,0.22901721117518653
Costa Rica,1978-1982,442.52499999999975,0.28376403332868094,0.30432939999999997,0.11291880000000001,3524120692.6,0.2891861082862083,0.22422940460866872
Costa Rica,1983-1987,546.467857142857,0.2852432941130095,-0.0122046,0.022905799999999997,3935677288.2,0.26408051080252964,0.21552684594487367
Costa Rica,1988-1992,524.1702380952377,0.3172471090716176,-0.0201728,0.0037206,6254987308.6,0.2608418555255483,0.2757009991570048
Costa Rica,1993-1997,684.6351565101559,0.35160037899902385,-0.1553576,-0.17291499999999999,11130749594.8,0.24557021014643515,0.27107123843861186
Costa Rica,1998-2002,733.0639777081146,0.4218057842397318,-0.0512618,-0.0269148,15036140433.4,0.27282079664694203,0.2625174188578835
Costa Rica,2003-2007,830.2940752782064,0.3947185707084897,-0.016831000000000002,0.1243734,21003984149.8,0.2596958358994229,0.23727412551345609
Costa Rica,2008-2012,1062.878530804346,0.518316828049135,0.11139220000000001,0.1612132,37435945666.4,0.28717402025853084,0.2308756681103245
Costa Rica,2013-2017,1289.8245478350984,0.5711872382168863,0.17145459999999998,-0.08473366666666667,54147740581.2,0.2709120283792509,0.22884322635683815
Crimea,2013-2017,0.2458133971291861,0.08431276312570302,,,,0.2709120283792509,0.22884322635683815
Croatia,1973-1977,2.0,0.1249210505212276,,,,0.27520515347294855,0.22901721117518653
Croatia,1978-1982,1.0,0.0714285714285714,,,,0.2891861082862083,0.22422940460866872
Croatia,1983-1987,0.5,0.0714285714285714,,,,0.26408051080252964,0.21552684594487367
Croatia,1988-1992,164.6666666666666,0.33374178424003254,1.00807,0.940839,,0.2608418555255483,0.2757009991570048
Croatia,1993-1997,3839.1892738229776,0.5975412942862377,0.80124,0.8259612000000001,23327479107.0,0.24557021014643515,0.27107123843861186
Croatia,1998-2002,5212.956290554906,0.5868483650366794,0.6487890000000001,0.7162162000000001,24106411250.0,0.27282079664694203,0.2625174188578835
Croatia,2003-2007,7558.90645569962,0.6175264704646788,0.7383708,0.708323,46461103233.0,0.2596958358994229,0.23727412551345609
Croatia,2008-2012,13887.991269710195,0.5491067201497558,0.8860868,0.6610652,62322328255.2,0.28717402025853084,0.2308756681103245
Croatia,2013-2017,12225.94229532283,0.6347578107744059,0.7214318,0.510015,54429413568.2,0.2709120283792509,0.22884322635683815
Cuba,1973-1977,217.45,0.41530638913605655,,,12483364157.8,0.27520515347294855,0.22901721117518653
Cuba,1978-1982,521.2714646464646,0.4006546975714562,,,19689160561.0,0.2891861082862083,0.22422940460866872
Cuba,1983-1987,682.399542124542,0.47349187528083336,,,23721064908.0,0.26408051080252964,0.21552684594487367
Cuba,1988-1992,966.5834267040143,0.5365396554725643,,,25906063795.2,0.2608418555255483,0.2757009991570048
Cuba,1993-1997,1277.6687647518213,0.5600458617432242,,,26325732414.6,0.24557021014643515,0.27107123843861186
Cuba,1998-2002,2146.7628554452044,0.5035378885385997,,,29987849280.0,0.27282079664694203,0.2625174188578835
Cuba,2003-2007,2303.8611507249625,0.553329171341357,,,45618947220.0,0.2596958358994229,0.23727412551345609
Cuba,2008-2012,2412.309053022569,0.6512272425960188,,,65869060000.0,0.28717402025853084,0.2308756681103245
Cuba,2013-2017,1977.7235634118292,0.7137955317846845,-0.32728650000000004,,86631600000.0,0.2709120283792509,0.22884322635683815
Cyprus,1973-1977,68.17424242424242,0.24087618676795108,,,600297602.8000001,0.27520515347294855,0.22901721117518653
Cyprus,1978-1982,65.04444444444444,0.3177436509300884,,,1730758358.0400002,0.2891861082862083,0.22422940460866872
Cyprus,1983-1987,82.62619047619047,0.3012412254781296,,,2732914654.6,0.26408051080252964,0.21552684594487367
Cyprus,1988-1992,95.96481413702138,0.3544180254285584,,,5423150644.6,0.2608418555255483,0.2757009991570048
Cyprus,1993-1997,311.76825113366147,0.5273383625510344,,,8701773073.6,0.24557021014643515,0.27107123843861186
Cyprus,1998-2002,513.045046708376,0.5491521419055911,,,10510099082.0,0.27282079664694203,0.2625174188578835
Cyprus,2003-2007,888.3567529197032,0.5590430544586481,,,18868567835.2,0.2596958358994229,0.23727412551345609
Cyprus,2008-2012,1990.6373858853926,0.6137006392780497,,,26413301201.6,0.28717402025853084,0.2308756681103245
Cyprus,2013-2017,3064.8700476979607,0.648639149566054,,,22067536443.0,0.2709120283792509,0.22884322635683815
Czech Republic,1978-1982,2.833333333333333,0.1448102622251296,,,,0.2891861082862083,0.22422940460866872
Czech Republic,1983-1987,4.0,0.10742551871422734,,,,0.26408051080252964,0.21552684594487367
Czech Republic,1988-1992,432.1314009661823,0.21096540572676148,,,34914319434.0,0.2608418555255483,0.2757009991570048
Czech Republic,1993-1997,11838.890400857164,0.6857066547880319,1.402264,1.078548,55344529691.2,0.24557021014643515,0.27107123843861186
Czech Republic,1998-2002,16580.1708245976,0.7180801317832739,1.50943,1.136234,68488352474.2,0.27282079664694203,0.2625174188578835
Czech Republic,2003-2007,22866.328645435126,0.7395150256862946,1.543528,1.188836,139952228054.8,0.2596958358994229,0.23727412551345609
Czech Republic,2008-2012,33447.888543867004,0.7377411831618267,1.6154700000000002,1.19239,216940200000.0,0.28717402025853084,0.2308756681103245
Czech Republic,2013-2017,41628.67007455546,0.7433884547476773,1.605756,1.1821633333333332,203010800000.0,0.2709120283792509,0.22884322635683815
Czechoslovakia,1973-1977,15660.046708683456,0.6097154097824269,,,,0.27520515347294855,0.22901721117518653
Czechoslovakia,1978-1982,19824.05692156057,0.5800370070869514,,,,0.2891861082862083,0.22422940460866872
Czechoslovakia,1983-1987,20080.572380805435,0.5935319411473864,,,,0.26408051080252964,0.21552684594487367
Czechoslovakia,1988-1992,20149.229922671,0.6538515967398932,,,,0.2608418555255483,0.2757009991570048
Czechoslovakia,1993-1997,3649.0880697951525,0.588769115978562,,,,0.24557021014643515,0.27107123843861186
Denmark,1973-1977,11867.251770859846,0.6445815516357694,1.282502,1.297326,39945141733.8,0.27520515347294855,0.22901721117518653
Denmark,1978-1982,16327.561921794391,0.6799680831412538,1.349686,1.243022,64829472233.4,0.2891861082862083,0.22422940460866872
Denmark,1983-1987,18889.95502637624,0.692953190625551,1.451252,1.268378,75980269484.2,0.26408051080252964,0.21552684594487367
Denmark,1988-1992,21027.72344013072,0.7211728172689171,1.6549420000000001,1.313186,131670000000.0,0.2608418555255483,0.2757009991570048
Denmark,1993-1997,25023.123090362616,0.7491134354589328,1.6273,1.2438280000000002,169107000000.0,0.24557021014643515,0.27107123843861186
Denmark,1998-2002,28135.24716171972,0.7576707237639153,1.556884,1.178702,172508400000.0,0.27282079664694203,0.2625174188578835
Denmark,2003-2007,31128.003341383108,0.8106977857745032,1.4699659999999999,1.2030660000000002,267248800000.0,0.2596958358994229,0.23727412551345609
Denmark,2008-2012,39458.75666856871,0.8170163720523544,1.26065,1.10406,333549800000.0,0.28717402025853084,0.2308756681103245
Denmark,2013-2017,52891.99873133152,0.8017079109669445,1.1114852,0.9650083333333334,328356800000.0,0.2709120283792509,0.22884322635683815
Djibouti,1978-1982,2.833333333333333,0.19311899181134318,,,,0.2891861082862083,0.22422940460866872
Djibouti,1983-1987,3.3666666666666663,0.16164351691018486,,,357180633.15,0.26408051080252964,0.21552684594487367
Djibouti,1988-1992,8.516666666666662,0.22123298233886557,,,439564603.28000003,0.2608418555255483,0.2757009991570048
Djibouti,1993-1997,3.64285714285714,0.13429049474258192,,,490428368.03999996,0.24557021014643515,0.27107123843861186
Djibouti,1998-2002,2.066666666666666,0.09719413958784373,,,553023671.9399999,0.27282079664694203,0.2625174188578835
Djibouti,2003-2007,3.6999999999999993,0.2408029135150933,,,722708515.02,0.2596958358994229,0.23727412551345609
Djibouti,2008-2012,12.059523809523805,0.2941484713659287,,,1153921033.66,0.28717402025853084,0.2308756681103245
Djibouti,2013-2017,20.734723127114417,0.29960502813694034,,,2408560533.4,0.2709120283792509,0.22884322635683815
Dominican Republic,1973-1977,14.883333333333326,0.30463230663318797,-0.2242226,-0.4024668,3481660000.0,0.27520515347294855,0.22901721117518653
Dominican Republic,1978-1982,38.77738095238094,0.3705654576600088,-0.1784936,0.017380600000000003,6564640000.0,0.2891861082862083,0.22422940460866872
Dominican Republic,1983-1987,42.53452380952378,0.4214696810824018,-0.1904584,-0.1506586,7561675632.8,0.26408051080252964,0.21552684594487367
Dominican Republic,1988-1992,46.06507936507933,0.4962170826141692,-0.2524578,-0.0803018,8045035344.6,0.2608418555255483,0.2757009991570048
Dominican Republic,1993-1997,52.412802883391066,0.452070212496272,-0.505026,-0.19868020000000003,16520712006.4,0.24557021014643515,0.27107123843861186
Dominican Republic,1998-2002,45.809643134643096,0.3862327165620708,-0.5766704,-0.4684608,24215486066.0,0.27282079664694203,0.2625174188578835
Dominican Republic,2003-2007,41.222547773316094,0.284434568725778,-0.3073612,-0.1977728,32507255235.8,0.2596958358994229,0.23727412551345609
Dominican Republic,2008-2012,72.84075664832234,0.3884269605975966,-0.23035,-0.2806108,53791008794.6,0.28717402025853084,0.2308756681103245
Dominican Republic,2013-2017,136.47125622157816,0.512789634711039,-0.39597479999999996,-0.5212186666666666,71345919786.6,0.2709120283792509,0.22884322635683815
Ecuador,1973-1977,40.19999999999999,0.3031251770828227,-1.0762696,-1.155916,7668192625.0,0.27520515347294855,0.22901721117518653
Ecuador,1978-1982,58.80833333333332,0.46385342350653447,-0.9097652,-0.7430168,17143960729.2,0.2891861082862083,0.22422940460866872
Ecuador,1983-1987,81.22738095238091,0.3996996865933833,-1.0605452,-0.8059056,16094733771.4,0.26408051080252964,0.21552684594487367
Ecuador,1988-1992,121.12600732600725,0.5119244883191731,-0.981119,-0.9146004,15452953349.4,0.2608418555255483,0.2757009991570048
Ecuador,1993-1997,207.36579913397404,0.3551571577967447,-1.0057184,-0.764253,23893744272.4,0.24557021014643515,0.27107123843861186
Ecuador,1998-2002,278.2159861849361,0.43637887411740195,-0.8906758,-0.49009719999999996,23794440693.2,0.27282079664694203,0.2625174188578835
Ecuador,2003-2007,442.56109579478095,0.4153896667897461,-0.8324640000000001,-0.6571132000000001,41668285000.0,0.2596958358994229,0.23727412551345609
Ecuador,2008-2012,646.6223873367292,0.4998890017221972,-0.7716094,-0.5890382,72207779200.0,0.28717402025853084,0.2308756681103245
Ecuador,2013-2017,1808.6781509406794,0.6402869846642255,-1.0055656000000002,-1.0159716666666667,100075947200.0,0.2709120283792509,0.22884322635683815
Egypt,1973-1977,1677.7333333333324,0.46171971714797133,0.07648279999999999,0.0349106,,0.27520515347294855,0.22901721117518653
Egypt,1978-1982,5625.569642857138,0.4817777691703753,-0.3261804,-0.0705318,,0.2891861082862083,0.22422940460866872
Egypt,1983-1987,6480.736446886438,0.4577260062354739,-0.4400848,0.0127002,,0.26408051080252964,0.21552684594487367
Egypt,1988-1992,8050.464431298822,0.4224287181502072,-0.430076,0.11243380000000003,,0.2608418555255483,0.2757009991570048
Egypt,1993-1997,8887.423886477976,0.45169636596620044,-0.44565540000000003,0.1461082,,0.24557021014643515,0.27107123843861186
Egypt,1998-2002,9941.726918174416,0.5015994721086042,-0.42692440000000004,0.1490978,,0.27282079664694203,0.2625174188578835
Egypt,2003-2007,12587.231335106657,0.514587573970547,-0.2957738,0.2364468,,0.2596958358994229,0.23727412551345609
Egypt,2008-2012,21510.830646379996,0.5968922929368212,-0.2566882,0.23639799999999997,,0.28717402025853084,0.2308756681103245
Egypt,2013-2017,32771.24580012639,0.622776634463344,-0.374553,0.060051333333333325,,0.2709120283792509,0.22884322635683815
El Salvador,1973-1977,41.333333333333314,0.18881531098448645,0.518785,0.4120714,2052448060.0,0.27520515347294855,0.22901721117518653
El Salvador,1978-1982,41.15833333333332,0.38014935130573513,0.2940628,0.3868366,3400389820.0,0.2891861082862083,0.22422940460866872
El Salvador,1983-1987,19.099999999999998,0.1831913162544211,0.14053960000000001,0.0661122,3739621760.0,0.26408051080252964,0.21552684594487367
El Salvador,1988-1992,23.45,0.2684982873668462,0.3235232,0.3036544,4889075840.8,0.2608418555255483,0.2757009991570048
El Salvador,1993-1997,28.949999999999996,0.38920025456881646,0.013711200000000003,0.11785860000000001,8617926800.0,0.24557021014643515,0.27107123843861186
El Salvador,1998-2002,26.827777777777772,0.3442375275579924,-0.0694224,0.028095400000000003,11790503700.0,0.27282079664694203,0.2625174188578835
El Salvador,2003-2007,33.400346875346855,0.349737500713762,-0.1168062,0.10251299999999999,14935668360.0,0.2596958358994229,0.23727412551345609
El Salvador,2008-2012,57.83598350297514,0.4301990314214891,-0.0636082,0.07172619999999999,19141302000.0,0.28717402025853084,0.2308756681103245
El Salvador,2013-2017,90.43113078202099,0.43507966585961466,-0.3124044,-0.009306333333333333,23438666000.0,0.2709120283792509,0.22884322635683815
Equatorial Guinea,1988-1992,4.33333333333333,0.10686792141509016,,,109306652.176,0.2608418555255483,0.2757009991570048
Equatorial Guinea,1993-1997,6.027777777777776,0.23645130349449528,,,210701830.44,0.24557021014643515,0.27107123843861186
Equatorial Guinea,1998-2002,4.152380952380944,0.15364298157852352,,,1061137152.8799999,0.27282079664694203,0.2625174188578835
Equatorial Guinea,2003-2007,5.816666666666664,0.16402625179143382,,,7654225365.0,0.2596958358994229,0.23727412551345609
Equatorial Guinea,2008-2012,6.475829725829715,0.17848804001164553,,,18967564309.8,0.28717402025853084,0.2308756681103245
Equatorial Guinea,2013-2017,9.009313725490191,0.3272903919431547,,,16068302130.4,0.2709120283792509,0.22884322635683815
Eritrea,1993-1997,5.399999999999999,0.27123442236048667,,,591520539.1600001,0.24557021014643515,0.27107123843861186
Eritrea,1998-2002,49.320329670329635,0.4175596793166706,,,724501631.6800001,0.27282079664694203,0.2625174188578835
Eritrea,2003-2007,60.33896103896097,0.4549479004059689,,,1121372796.04,0.2596958358994229,0.23727412551345609
Eritrea,2008-2012,30.17424242424241,0.5459905149029673,,,1722850356.0,0.28717402025853084,0.2308756681103245
Eritrea,2013-2017,43.739842818471814,0.46699975255517123,,,,0.2709120283792509,0.22884322635683815
Estonia,1983-1987,2.75,0.13673659868911692,,,,0.26408051080252964,0.21552684594487367
Estonia,1988-1992,59.64999999999998,0.5099884852914833,0.154759,0.156219,,0.2608418555255483,0.2757009991570048
Estonia,1993-1997,1464.6898018647996,0.6242124865588714,0.3984626,0.4608022,4509884547.8,0.24557021014643515,0.27107123843861186
Estonia,1998-2002,2007.3474369317803,0.6950575139172841,0.5215858,0.6129089999999999,6150750129.8,0.27282079664694203,0.2625174188578835
Estonia,2003-2007,2792.3797430820873,0.7209022631758071,0.632078,0.7028112,15115653019.8,0.2596958358994229,0.23727412551345609
Estonia,2008-2012,4386.174273071435,0.6739823544672592,0.7276588,0.7108677999999999,22078651533.8,0.28717402025853084,0.2308756681103245
Estonia,2013-2017,5175.456919671595,0.592134954775381,0.8088434,0.6185520000000001,25189859399.2,0.2709120283792509,0.22884322635683815
Ethiopia,1973-1977,169.5666666666666,0.5950129260099296,-1.0370398,-1.141622,,0.27520515347294855,0.22901721117518653
Ethiopia,1978-1982,217.07142857142847,0.42444071759555513,-1.0432599999999999,-1.453332,7516290603.5,0.2891861082862083,0.22422940460866872
Ethiopia,1983-1987,407.79166666666646,0.4175362707452427,-0.8052412,-1.137354,9304194637.6,0.26408051080252964,0.21552684594487367
Ethiopia,1988-1992,580.0916666666662,0.4332295450642205,-0.9943984,-1.152314,11703509765.2,0.2608418555255483,0.2757009991570048
Ethiopia,1993-1997,720.9821428571415,0.37436486439527583,-1.0428878000000001,-1.5271139999999999,8111959793.6,0.24557021014643515,0.27107123843861186
Ethiopia,1998-2002,765.673930441374,0.41481254431297543,-1.0902927999999998,-1.8844520000000002,7968717201.2,0.27282079664694203,0.2625174188578835
Ethiopia,2003-2007,904.300308674775,0.4227914052354974,-1.0486172,-1.915896,13228899324.6,0.2596958358994229,0.23727412551345609
Ethiopia,2008-2012,1732.440548919928,0.41867117210247906,-1.26175,-1.89425,32940315317.6,0.28717402025853084,0.2308756681103245
Ethiopia,2013-2017,3497.9690136709282,0.4292086249222966,-1.38461,-1.7984733333333331,64783436959.6,0.2709120283792509,0.22884322635683815
Fiji,1973-1977,85.99999999999999,0.41409075546354146,,,616581411.98,0.27520515347294855,0.22901721117518653
Fiji,1978-1982,78.35,0.5024917166756319,,,1096293211.16,0.2891861082862083,0.22422940460866872
Fiji,1983-1987,141.99999999999997,0.4558641306237,,,1182090324.8,0.26408051080252964,0.21552684594487367
Fiji,1988-1992,90.63205683205678,0.38868505971811573,,,1309067041.6,0.2608418555255483,0.2757009991570048
Fiji,1993-1997,97.53390747670406,0.4244807965144043,,,1930864065.8,0.24557021014643515,0.27107123843861186
Fiji,1998-2002,116.0333333333333,0.3987888725682539,,,1757171869.8,0.27282079664694203,0.2625174188578835
Fiji,2003-2007,197.1071991617158,0.4588682650727044,,,2911592008.8,0.2596958358994229,0.23727412551345609
Fiji,2008-2012,231.7124094277434,0.4687592150200578,,,3456172515.8,0.28717402025853084,0.2308756681103245
Fiji,2013-2017,334.55135120744944,0.4808899348148219,,,4802652390.2,0.2709120283792509,0.22884322635683815
Finland,1973-1977,7705.499531024523,0.6446118476534637,1.351314,1.2573640000000001,27828624324.4,0.27520515347294855,0.22901721117518653
Finland,1978-1982,12236.399524400822,0.7071084334809303,1.39452,1.1777039999999999,47922506747.2,0.2891861082862083,0.22422940460866872
Finland,1983-1987,15836.40912077113,0.7309905659478658,1.554688,1.2317360000000002,64972898717.0,0.26408051080252964,0.21552684594487367
Finland,1988-1992,18216.892812847367,0.7745849643236113,1.7744,1.33659,121963200000.0,0.2608418555255483,0.2757009991570048
Finland,1993-1997,24239.896239144524,0.7721092322417928,1.907518,1.260932,117149022941.6,0.24557021014643515,0.27107123843861186
Finland,1998-2002,28683.753850330126,0.797920793262501,1.8731560000000003,1.24306,132824600000.0,0.27282079664694203,0.2625174188578835
Finland,2003-2007,31541.681802554485,0.8417439256065089,1.794852,1.1674099999999998,209232200000.0,0.2596958358994229,0.23727412551345609
Finland,2008-2012,35129.48005993677,0.8579181462753647,1.695312,1.0672834,263956200000.0,0.28717402025853084,0.2308756681103245
Finland,2013-2017,39735.54785824595,0.8341833150967763,1.6551259999999999,0.8815793333333334,255190600000.0,0.2709120283792509,0.22884322635683815
France,1973-1977,89811.15861067022,0.669846906499999,1.57898,1.492414,338682400000.0,0.27520515347294855,0.22901721117518653
France,1978-1982,112632.0925345877,0.7199805136313631,1.6492460000000002,1.396624,604475800000.0,0.2891861082862083,0.22422940460866872
France,1983-1987,128530.13487375315,0.752226842802376,1.692516,1.379852,669867000000.0,0.26408051080252964,0.21552684594487367
France,1988-1992,147005.7745191873,0.7662443692867815,1.636702,1.375594,1196798000000.0,0.2608418555255483,0.2757009991570048
France,1993-1997,178463.3253714406,0.7456153744981301,1.6660899999999998,1.309886,1475290000000.0,0.24557021014643515,0.27107123843861186
France,1998-2002,195975.82865526745,0.7460911581533001,1.576244,1.25848,1445754000000.0,0.27282079664694203,0.2625174188578835
France,2003-2007,202059.63320913768,0.7605661233084553,1.536294,1.207896,2225630000000.0,0.2596958358994229,0.23727412551345609
France,2008-2012,232271.66190687066,0.8012239233153429,1.438102,1.179618,2759290000000.0,0.28717402025853084,0.2308756681103245
France,2013-2017,242570.71671609193,0.8187338184473719,1.32227,1.1615533333333332,2633580000000.0,0.2709120283792509,0.22884322635683815
French-Guiana,1973-1977,6.5,0.2003582504046959,,,,0.27520515347294855,0.22901721117518653
French-Guiana,1978-1982,20.666666666666657,0.17087712095681318,,,,0.2891861082862083,0.22422940460866872
French-Guiana,1983-1987,36.90555555555554,0.18923628901863476,,,,0.26408051080252964,0.21552684594487367
French-Guiana,1988-1992,42.01666666666665,0.20832732198601545,,,,0.2608418555255483,0.2757009991570048
French-Guiana,1993-1997,74.53333333333326,0.3013651326131086,,,,0.24557021014643515,0.27107123843861186
French-Guiana,1998-2002,88.99206349206342,0.3102896117561402,,,,0.27282079664694203,0.2625174188578835
French-Guiana,2003-2007,114.26450568401778,0.4251267687912702,,,,0.2596958358994229,0.23727412551345609
French-Guiana,2008-2012,137.915659991305,0.3029721487095348,,,,0.28717402025853084,0.2308756681103245
French-Guiana,2013-2017,189.70318706478378,0.3739680183652959,,,,0.2709120283792509,0.22884322635683815
French-Polynesia,1973-1977,33.199999999999996,0.27515595024615114,,,,0.27520515347294855,0.22901721117518653
French-Polynesia,1978-1982,40.08333333333333,0.21679626292165488,,,,0.2891861082862083,0.22422940460866872
French-Polynesia,1983-1987,48.22738095238091,0.2619869177874191,,,,0.26408051080252964,0.21552684594487367
French-Polynesia,1988-1992,79.07222222222215,0.30711396851362616,,,,0.2608418555255483,0.2757009991570048
French-Polynesia,1993-1997,132.01779609279595,0.2444300063862921,,,,0.24557021014643515,0.27107123843861186
French-Polynesia,1998-2002,102.90079365079356,0.31581326943610477,,,,0.27282079664694203,0.2625174188578835
French-Polynesia,2003-2007,95.65039682539671,0.37781410570997775,,,,0.2596958358994229,0.23727412551345609
French-Polynesia,2008-2012,137.91974048265055,0.3826942718311397,,,,0.28717402025853084,0.2308756681103245
French-Polynesia,2013-2017,194.6186618551002,0.3573014500287507,,,,0.2709120283792509,0.22884322635683815
Gabon,1973-1977,15.5,0.24590612637079545,-1.6552479999999998,-1.925668,2048669737.42,0.27520515347294855,0.22901721117518653
Gabon,1978-1982,35.76666666666665,0.2827794401677183,-1.4199519999999999,-1.772984,3435929058.0,0.2891861082862083,0.22422940460866872
Gabon,1983-1987,88.7944444444444,0.34172976292586854,-1.432868,-1.679096,3395615457.0,0.26408051080252964,0.21552684594487367
Gabon,1988-1992,119.09999999999988,0.4450982312569428,-1.310036,-1.9367,4993703881.4,0.2608418555255483,0.2757009991570048
Gabon,1993-1997,108.75714285714274,0.40632699597698496,-1.452542,-2.5076519999999998,4909833499.4,0.24557021014643515,0.27107123843861186
Gabon,1998-2002,127.28374125874114,0.35915940588474693,-1.2149025999999998,-2.47201,4908705961.4,0.27282079664694203,0.2625174188578835
Gabon,2003-2007,125.88696858696841,0.5268550640904865,-1.225796,-2.345202,9317990809.6,0.2596958358994229,0.23727412551345609
Gabon,2008-2012,170.00935643702343,0.48533265639938294,-0.9449466,-2.4470039999999997,15465415810.2,0.28717402025853084,0.2308756681103245
Gabon,2013-2017,231.59082303899206,0.5087664622110739,-1.2159366666666667,,15827240152.0,0.2709120283792509,0.22884322635683815
Gambia,1973-1977,31.066666666666666,0.18077456951508608,,,,0.27520515347294855,0.22901721117518653
Gambia,1978-1982,36.18333333333331,0.20542030028767488,,,,0.2891861082862083,0.22422940460866872
Gambia,1983-1987,10.916666666666666,0.10897332194355758,,,,0.26408051080252964,0.21552684594487367
Gambia,1988-1992,1.5,0.0714285714285714,,,,0.2608418555255483,0.2757009991570048
Gambia,1993-1997,122.4900183150182,0.2786250714816967,,,,0.24557021014643515,0.27107123843861186
Gambia,1998-2002,128.5607864357863,0.3164181863566664,,,,0.27282079664694203,0.2625174188578835
Gambia,2003-2007,143.5404859029856,0.2645453217021567,,,,0.2596958358994229,0.23727412551345609
Gambia,2008-2012,147.41984137616808,0.3130369287707191,,,,0.28717402025853084,0.2308756681103245
Gambia,2013-2017,165.64915627682063,0.2959003861285735,,,,0.2709120283792509,0.22884322635683815
Georgia,1973-1977,1.5,0.09111531001455153,,,,0.27520515347294855,0.22901721117518653
Georgia,1988-1992,109.33333333333331,0.3384708949215669,-0.21613,-0.664681,5933815575.333333,0.2608418555255483,0.2757009991570048
Georgia,1993-1997,801.4199855699846,0.41210014483317414,0.197252,0.10471040000000001,2902847840.4,0.24557021014643515,0.27107123843861186
Georgia,1998-2002,826.4849562902998,0.4106960335735188,0.1955314,0.2506448,3217243296.2,0.27282079664694203,0.2625174188578835
Georgia,2003-2007,981.4070768029179,0.38679382526362993,-0.1487454,0.138069,6689150076.8,0.2596958358994229,0.23727412551345609
Georgia,2008-2012,1142.209259074581,0.4094444606263389,-0.284158,-0.051094600000000004,13480252570.4,0.28717402025853084,0.2308756681103245
Georgia,2013-2017,1163.3029654863888,0.5188117480441667,-0.23533042,-0.35649800000000004,16231036203.2,0.2709120283792509,0.22884322635683815
Germany,1973-1977,121319.10438776884,0.7342262766349577,2.07762,1.7446840000000001,490913200000.0,0.27520515347294855,0.22901721117518653
Germany,1978-1982,167816.20651461426,0.7836666775322849,2.04206,1.636992,829830800000.0,0.2891861082862083,0.22422940460866872
Germany,1983-1987,188252.79379932504,0.7978744923281729,2.094706,1.590024,914554000000.0,0.26408051080252964,0.21552684594487367
Germany,1988-1992,203631.7700070201,0.8082385859633616,2.224448,1.5847380000000002,1714478000000.0,0.2608418555255483,0.2757009991570048
Germany,1993-1997,234150.59688190126,0.8020113477512454,2.295194,1.517374,2314282000000.0,0.24557021014643515,0.27107123843861186
Germany,1998-2002,271585.7068541482,0.8380279880357716,2.241396,1.460758,2077814000000.0,0.27282079664694203,0.2625174188578835
Germany,2003-2007,284074.5585807664,0.8674188534210008,2.137176,1.400158,2912910000000.0,0.2596958358994229,0.23727412551345609
Germany,2008-2012,326635.3044161775,0.8848357058250051,1.914104,1.329174,3559184000000.0,0.28717402025853084,0.2308756681103245
Germany,2013-2017,359499.9599929973,0.8910310465535114,1.98356,1.3234899999999998,3621960000000.0,0.2709120283792509,0.22884322635683815
Gilbert & Ellice Islands,1978-1982,3.7,0.0714285714285714,,,,0.2891861082862083,0.22422940460866872
Greece,1973-1977,2248.8447802197793,0.692839134045133,0.39444160000000006,0.367085,28710819281.8,0.27520515347294855,0.22901721117518653
Greece,1978-1982,3993.578052503048,0.6027255875733781,0.3067274,0.3529272,52509248227.0,0.2891861082862083,0.22422940460866872
Greece,1983-1987,6285.363338678221,0.6032080413258538,0.336629,0.46918139999999997,53460418658.6,0.26408051080252964,0.21552684594487367
Greece,1988-1992,9193.413731197988,0.627940400264195,0.1382684,0.4342414,94937882595.2,0.2608418555255483,0.2757009991570048
Greece,1993-1997,13857.733647275347,0.6740593507634738,0.0560934,0.30591460000000004,130261800000.0,0.24557021014643515,0.27107123843861186
Greece,1998-2002,20070.046163395997,0.714292318386502,0.176313,0.2824802,141425000000.0,0.27282079664694203,0.2625174188578835
Greece,2003-2007,31594.55547545097,0.7710208852168636,0.2083938,0.321175,256408800000.0,0.2596958358994229,0.23727412551345609
Greece,2008-2012,39732.73675070265,0.8137267496126068,0.1395154,0.3620122,303458400000.0,0.28717402025853084,0.2308756681103245
Greece,2013-2017,35208.41844165781,0.8476200653865074,-0.006590800000000008,0.12042233333333334,214458600000.0,0.2709120283792509,0.22884322635683815
Grenada,1988-1992,0.333333333333333,0.0714285714285714,,,278540452.43999994,0.2608418555255483,0.2757009991570048
Grenada,1993-1997,4.0,0.12693060806049739,,,347239711.1,0.24557021014643515,0.27107123843861186
Grenada,1998-2002,5.4833333333333325,0.18512956993143292,,,501747688.9,0.27282079664694203,0.2625174188578835
Grenada,2003-2007,27.913095238095213,0.28386572912702923,,,668578311.12,0.2596958358994229,0.23727412551345609
Grenada,2008-2012,89.17460317460304,0.2769065489931867,,,789360607.42,0.28717402025853084,0.2308756681103245
Grenada,2013-2017,178.71882714461069,0.3838826495103701,,,987688370.28,0.2709120283792509,0.22884322635683815
Guadeloupe,1973-1977,44.49999999999999,0.08071657915301222,,,,0.27520515347294855,0.22901721117518653
Guadeloupe,1978-1982,69.89285714285712,0.2288998129571349,,,,0.2891861082862083,0.22422940460866872
Guadeloupe,1983-1987,104.19999999999997,0.20396196381532128,,,,0.26408051080252964,0.21552684594487367
Guadeloupe,1988-1992,77.79999999999997,0.2805920528039477,,,,0.2608418555255483,0.2757009991570048
Guadeloupe,1993-1997,184.41382783882773,0.3242466324410721,,,,0.24557021014643515,0.27107123843861186
Guadeloupe,1998-2002,176.82835497835487,0.39860155409416664,,,,0.27282079664694203,0.2625174188578835
Guadeloupe,2003-2007,227.35219682278483,0.3940612861420212,,,,0.2596958358994229,0.23727412551345609
Guadeloupe,2008-2012,311.5346596958123,0.3382835758926733,,,,0.28717402025853084,0.2308756681103245
Guadeloupe,2013-2017,335.64045058432276,0.585196465433953,,,,0.2709120283792509,0.22884322635683815
Guatemala,1973-1977,154.8214285714285,0.3829077232921102,0.184799,0.222175,3844480080.0,0.27520515347294855,0.22901721117518653
Guatemala,1978-1982,195.57142857142836,0.4453201121046617,0.12520579999999998,0.0553496,7635280080.0,0.2891861082862083,0.22422940460866872
Guatemala,1983-1987,178.98730158730143,0.35661995948396374,-0.060177800000000004,-0.1759732,8511603188.6,0.26408051080252964,0.21552684594487367
Guatemala,1988-1992,195.51111111111086,0.4018169934255502,-0.14014100000000002,-0.104301,8749878460.4,0.2608418555255483,0.2757009991570048
Guatemala,1993-1997,133.23809523809507,0.3852383779752452,-0.0859644,-0.1629754,14500688858.2,0.24557021014643515,0.27107123843861186
Guatemala,1998-2002,107.03442986751801,0.3550114290462246,-0.2798318,-0.167878,19296387539.8,0.27282079664694203,0.2625174188578835
Guatemala,2003-2007,126.34839882339867,0.31952547167143663,-0.3091608,-0.1695106,27487688118.4,0.2596958358994229,0.23727412551345609
Guatemala,2008-2012,194.69092374804384,0.39201036499399344,-0.237246,-0.14685359999999997,43250259959.8,0.28717402025853084,0.2308756681103245
Guatemala,2013-2017,259.15658734596127,0.3432222511834916,-0.5320998,-0.34823466666666664,62140240963.2,0.2709120283792509,0.22884322635683815
Guinea,1973-1977,6.333333333333333,0.19522639147588927,-1.4987844,-2.513732,,0.27520515347294855,0.22901721117518653
Guinea,1978-1982,2.5,0.12674840246718766,-1.870888,-3.023956,,0.2891861082862083,0.22422940460866872
Guinea,1983-1987,11.499999999999995,0.21471264225382247,-1.850648,-2.501002,1982069478.0,0.26408051080252964,0.21552684594487367
Guinea,1988-1992,23.33333333333333,0.29368087004580423,-1.51536,-2.05871,2756491433.4,0.2608418555255483,0.2757009991570048
Guinea,1993-1997,14.217460317460311,0.2259707604960156,-1.354322,-2.094618,3601771288.4,0.24557021014643515,0.27107123843861186
Guinea,1998-2002,25.84999999999999,0.37571552799685415,-1.7524039999999999,-2.266722,3165619821.8,0.27282079664694203,0.2625174188578835
Guinea,2003-2007,31.4309579309579,0.30350039850449895,-1.383022,-1.9841380000000002,4110359986.8,0.2596958358994229,0.23727412551345609
Guinea,2008-2012,40.34414795730581,0.5659149782019592,-1.7043019999999998,-2.3629539999999998,6991546809.6,0.28717402025853084,0.2308756681103245
Guinea,2013-2017,107.26305025921833,0.29325887442036225,-1.591415,-2.37126,8977961909.2,0.2709120283792509,0.22884322635683815
Guinea-Bissau,1983-1987,0.7,0.13890859369901598,,,149994814.56,0.26408051080252964,0.21552684594487367
Guinea-Bissau,1988-1992,8.416666666666652,0.13102136545200127,,,221005390.0,0.2608418555255483,0.2757009991570048
Guinea-Bissau,1993-1997,18.469047619047593,0.292469165994083,,,253087713.01999998,0.24557021014643515,0.27107123843861186
Guinea-Bissau,1998-2002,25.12067099567096,0.20632532088276967,,,321839939.44,0.27282079664694203,0.2625174188578835
Guinea-Bissau,2003-2007,37.73860028860021,0.2030708449613633,,,576424594.26,0.2596958358994229,0.23727412551345609
Guinea-Bissau,2008-2012,34.08502506265658,0.30101525445131194,,,925642157.28,0.28717402025853084,0.2308756681103245
Guinea-Bissau,2013-2017,48.54752289993877,0.24883826224948413,,,1134431408.0,0.2709120283792509,0.22884322635683815
Guyana,1973-1977,36.0,0.20791530510087441,,,428022766.24,0.27520515347294855,0.22901721117518653
Guyana,1978-1982,39.33333333333333,0.2961634989893567,,,538615421.42,0.2891861082862083,0.22422940460866872
Guyana,1983-1987,43.39999999999998,0.28187256729799615,,,447939259.41999996,0.26408051080252964,0.21552684594487367
Guyana,1988-1992,34.199999999999996,0.3040575521954777,,,382453575.86,0.2608418555255483,0.2757009991570048
Guyana,1993-1997,35.39999999999999,0.26188121501369144,,,614229422.72,0.24557021014643515,0.27107123843861186
Guyana,1998-2002,38.53333333333332,0.37638995499972894,,,712650515.7,0.27282079664694203,0.2625174188578835
Guyana,2003-2007,46.06359649122804,0.3473333033256877,,,1110878633.06,0.2596958358994229,0.23727412551345609
Guyana,2008-2012,50.76601128340257,0.5318451087401184,,,2337826038.0,0.28717402025853084,0.2308756681103245
Guyana,2013-2017,52.42167438342211,0.4800583839784601,,,3264355569.4,0.2709120283792509,0.22884322635683815
Haiti,1973-1977,9.66666666666666,0.15425340364543405,,,707920000.0,0.27520515347294855,0.22901721117518653
Haiti,1978-1982,9.916666666666666,0.1914124544443191,,,1278440000.0,0.2891861082862083,0.22422940460866872
Haiti,1983-1987,24.816666666666645,0.3017077133825661,,,1962880000.0,0.26408051080252964,0.21552684594487367
Haiti,1988-1992,26.76190476190474,0.35114474296726017,,,2835424534.0,0.2608418555255483,0.2757009991570048
Haiti,1993-1997,16.938461538461524,0.22420381073584994,,,2621115913.6,0.24557021014643515,0.27107123843861186
Haiti,1998-2002,18.268398268398254,0.2263039034219203,,,3780025370.4,0.27282079664694203,0.2625174188578835
Haiti,2003-2007,32.912554112554055,0.20456639143936595,,,4289982830.8,0.2596958358994229,0.23727412551345609
Haiti,2008-2012,57.09954621252569,0.2746992200687066,,,7032640540.4,0.28717402025853084,0.2308756681103245
Haiti,2013-2017,128.17807417403554,0.34912233896634426,,,8473064961.2,0.2709120283792509,0.22884322635683815
Hong-Kong,1973-1977,980.683333333333,0.7552173491336993,,,,0.27520515347294855,0.22901721117518653
Hong-Kong,1978-1982,1679.207081807081,0.7792819510535364,,,,0.2891861082862083,0.22422940460866872
Hong-Kong,1983-1987,3016.678348040845,0.7709765740679075,,,,0.26408051080252964,0.21552684594487367
Hong-Kong,1988-1992,4751.939285714279,0.7512749591447171,,,,0.2608418555255483,0.2757009991570048
Hong-Kong,1993-1997,10337.242763828035,0.7325318878545375,,,,0.24557021014643515,0.27107123843861186
Hong-Kong,1998-2002,5633.827323085401,0.725211972474405,,,,0.27282079664694203,0.2625174188578835
Hungary,1973-1977,10000.662463353632,0.5809681889172074,0.9034466,0.7419122,,0.27520515347294855,0.22901721117518653
Hungary,1978-1982,13031.4599450386,0.5794163790658227,0.9391398000000001,0.7411666,,0.2891861082862083,0.22422940460866872
Hungary,1983-1987,13142.499304187357,0.6038888352119897,0.7583328,0.8027546000000001,,0.26408051080252964,0.21552684594487367
Hungary,1988-1992,11945.94940378356,0.6352129309488288,0.8309262000000001,0.82918,36742077805.5,0.2608418555255483,0.2757009991570048
Hungary,1993-1997,12041.830162704808,0.6478570756591542,0.9259988,0.9485682000000001,44734596298.2,0.24557021014643515,0.27107123843861186
Hungary,1998-2002,14770.989036937388,0.6279689420794384,0.9167259999999999,1.1169980000000002,53271496321.6,0.27282079664694203,0.2625174188578835
Hungary,2003-2007,17016.499691494733,0.7086555633912386,1.196916,1.1658060000000001,111557200781.6,0.2596958358994229,0.23727412551345609
Hungary,2008-2012,19372.189998779228,0.7477788185047423,1.428884,1.167386,137859200000.0,0.28717402025853084,0.2308756681103245
Hungary,2013-2017,22169.97012382819,0.8093972370878963,1.386622,1.1305033333333334,133903200000.0,0.2709120283792509,0.22884322635683815
Iceland,1973-1977,111.11349206349203,0.3569886963043253,,,1593291990.2,0.27520515347294855,0.22901721117518653
Iceland,1978-1982,235.04126984126964,0.4155271339970137,,,3093904388.8,0.2891861082862083,0.22422940460866872
Iceland,1983-1987,300.3388888888886,0.5046414593291566,,,3630325729.4,0.26408051080252964,0.21552684594487367
Iceland,1988-1992,485.1945007907464,0.6091051769552556,,,6457422552.0,0.2608418555255483,0.2757009991570048
Iceland,1993-1997,832.4954810864747,0.7097400877390098,,,6956101384.0,0.24557021014643515,0.27107123843861186
Iceland,1998-2002,998.0194705665782,0.6729312900741908,,,8793870528.2,0.27282079664694203,0.2625174188578835
Iceland,2003-2007,1323.7391316235696,0.6500249706101298,,,16158543907.0,0.2596958358994229,0.23727412551345609
Iceland,2008-2012,2076.4580983924257,0.7051175785002918,,,14927244057.6,0.28717402025853084,0.2308756681103245
Iceland,2013-2017,2511.1143548723403,0.6974469062681088,,,19257441772.4,0.2709120283792509,0.22884322635683815
India,1973-1977,44165.83856045909,0.5854748981406408,0.2087334,0.3032886,101543593031.8,0.27520515347294855,0.22901721117518653
India,1978-1982,66130.89274891764,0.5676288098459676,0.2704662,0.3057956,174164600000.0,0.2891861082862083,0.22422940460866872
India,1983-1987,66075.92504471772,0.5717370172873713,0.1701934,0.4132372,238190400000.0,0.26408051080252964,0.21552684594487367
India,1988-1992,69644.5106456132,0.573190297542398,0.178942,0.47729160000000004,294384600000.0,0.2608418555255483,0.2757009991570048
India,1993-1997,72663.58279065722,0.5576783133968024,0.040888,0.49850760000000005,355123800000.0,0.24557021014643515,0.27107123843861186
India,1998-2002,80331.33210474257,0.5518259776108917,0.2055262,0.5778036,469789000000.0,0.27282079664694203,0.2625174188578835
India,2003-2007,117033.71953296117,0.551891635854118,0.16472,0.6551072,858846000000.0,0.2596958358994229,0.23727412551345609
India,2008-2012,192506.85291820235,0.5622856662178222,0.13999820000000002,0.6905395999999999,1573420000000.0,0.28717402025853084,0.2308756681103245
India,2013-2017,265389.4949745866,0.5562683712303216,0.1557632,0.8056023333333333,2189398000000.0,0.2709120283792509,0.22884322635683815
Indonesia,1973-1977,142.89563492063485,0.4798329223369231,-1.6133279999999999,-0.966429,31123518072.6,0.27520515347294855,0.22901721117518653
Indonesia,1978-1982,324.8261904761903,0.4910274828032355,-1.570294,-0.7663420000000001,70202985121.4,0.2891861082862083,0.22422940460866872
Indonesia,1983-1987,442.70862511671294,0.5069133149586548,-1.257558,-0.531907,81415833059.2,0.26408051080252964,0.21552684594487367
Indonesia,1988-1992,515.0202380952376,0.496899958431966,-0.6068578,0.0442538,105908320475.0,0.2608418555255483,0.2757009991570048
Indonesia,1993-1997,796.9677392624641,0.480201051075426,-0.4023788,0.38081360000000003,196030000000.0,0.24557021014643515,0.27107123843861186
Indonesia,1998-2002,1136.9307264164931,0.5666753024974622,-0.1105914,0.47957700000000003,151315109574.6,0.27282079664694203,0.2625174188578835
Indonesia,2003-2007,1384.2508856361753,0.6192080450535253,-0.0669488,0.5045566,314853200000.0,0.2596958358994229,0.23727412551345609
Indonesia,2008-2012,2501.811664719796,0.6816544026550146,-0.0899784,0.5273019999999999,723148400000.0,0.28717402025853084,0.2308756681103245
Indonesia,2013-2017,4814.328407707535,0.7018374427620618,-0.2620212,0.49288299999999996,922338000000.0,0.2709120283792509,0.22884322635683815
Iran,1973-1977,1426.0345238095233,0.694416436680044,-1.358092,-0.4612748,,0.27520515347294855,0.22901721117518653
Iran,1978-1982,1467.060353535353,0.689995867515308,-1.249936,-0.8467739999999999,,0.2891861082862083,0.22422940460866872
Iran,1983-1987,531.9761904761904,0.4743948452307757,-1.2126860000000002,-1.019315,,0.26408051080252964,0.21552684594487367
Iran,1988-1992,716.5999999999998,0.5701923069004388,-1.272232,-1.098052,,0.2608418555255483,0.2757009991570048
Iran,1993-1997,1953.0823315573293,0.5179565178621843,-1.0070424,-0.8468878,,0.24557021014643515,0.27107123843861186
Iran,1998-2002,6101.621739784434,0.4531014106828881,-0.8467676000000001,-0.5977558000000001,,0.27282079664694203,0.2625174188578835
Iran,2003-2007,23521.641952795908,0.5250607185411684,-0.8358308000000001,-0.3384478,,0.2596958358994229,0.23727412551345609
Iran,2008-2012,81182.18733190815,0.5801189871120097,-1.0041305999999999,-0.2552136,,0.28717402025853084,0.2308756681103245
Iran,2013-2017,134908.93875214714,0.5735013855919269,-0.4168253333333333,-0.192095,,0.2709120283792509,0.22884322635683815
Iraq,1973-1977,392.9999999999999,0.4951529370017982,,,13540520694.2,0.27520515347294855,0.22901721117518653
Iraq,1978-1982,930.5345238095235,0.5081333161604245,,,39200944807.6,0.2891861082862083,0.22422940460866872
Iraq,1983-1987,1081.5095238095232,0.4415103180662976,,,47884014152.4,0.26408051080252964,0.21552684594487367
Iraq,1988-1992,1073.1999999999996,0.41860280036757946,,,102676806476.0,0.2608418555255483,0.2757009991570048
Iraq,1993-1997,416.5833333333332,0.5188669498286995,,,,0.24557021014643515,0.27107123843861186
Iraq,1998-2002,266.24559386973175,0.366265961508094,,,,0.27282079664694203,0.2625174188578835
Iraq,2003-2007,428.6990601503757,0.6053391141200561,,,60140784075.0,0.2596958358994229,0.23727412551345609
Iraq,2008-2012,1150.9592570830423,0.5965152988234883,,,157108600000.0,0.28717402025853084,0.2308756681103245
Iraq,2013-2017,3075.267177164182,0.5321615714745658,,,203427400000.0,0.2709120283792509,0.22884322635683815
Ireland,1973-1977,3051.152777777773,0.6821582892085908,1.0038722,1.075208,9123700845.2,0.27520515347294855,0.22901721117518653
Ireland,1978-1982,4163.907393483704,0.646542175160979,1.199712,1.157606,19395225605.4,0.2891861082862083,0.22422940460866872
Ireland,1983-1987,5263.00959950781,0.6840164909603048,1.3087199999999999,1.194018,24985446438.8,0.26408051080252964,0.21552684594487367
Ireland,1988-1992,5913.892699563706,0.774720090434953,1.438574,1.225206,46460165876.2,0.2608418555255483,0.2757009991570048
Ireland,1993-1997,8114.233181643315,0.8173625674950101,1.376838,1.230504,67515136694.8,0.24557021014643515,0.27107123843861186
Ireland,1998-2002,10353.818312124828,0.8009696018661652,1.471858,1.351456,105142417909.2,0.27282079664694203,0.2625174188578835
Ireland,2003-2007,14633.334489044477,0.8395451915128933,1.432544,1.382078,214361200000.0,0.2596958358994229,0.23727412551345609
Ireland,2008-2012,22473.53043031423,0.8309278255474934,1.296986,1.208282,239195000000.0,0.28717402025853084,0.2308756681103245
Ireland,2013-2017,24862.033374963634,0.7840965043415072,1.334338,1.0894533333333334,284940400000.0,0.2709120283792509,0.22884322635683815
Israel,1973-1977,17571.724639249613,0.8240797501199337,0.818567,0.7100988,15116668333.4,0.27520515347294855,0.22901721117518653
Israel,1978-1982,22722.57811574387,0.8378883150629653,0.9262637999999999,0.9726341999999999,23187700926.6,0.2891861082862083,0.22422940460866872
Israel,1983-1987,27458.141921228016,0.8457877817130052,1.1816939999999998,1.02725,32563686194.4,0.26408051080252964,0.21552684594487367
Israel,1988-1992,28917.86790283879,0.8421875791734896,1.133006,0.9817544,60435527228.6,0.2608418555255483,0.2757009991570048
Israel,1993-1997,34484.45294855595,0.8357115232709709,1.15278,1.0270628,97480511576.0,0.24557021014643515,0.27107123843861186
Israel,1998-2002,38377.502400327394,0.85129248894224,1.165664,1.0535274000000001,123453600000.0,0.27282079664694203,0.2625174188578835
Israel,2003-2007,42556.22163561753,0.8408864899704129,1.075936,1.004604,147593000000.0,0.2596958358994229,0.23727412551345609
Israel,2008-2012,45062.06339576811,0.7997321632522743,1.196704,0.9731020000000001,235243600000.0,0.28717402025853084,0.2308756681103245
Israel,2013-2017,48908.995494777206,0.7649916799394698,1.239762,0.8757823333333334,314842200000.0,0.2709120283792509,0.22884322635683815
Italy,1973-1977,31221.487151410627,0.6080306202955477,1.6642199999999998,1.488244,217013000000.0,0.27520515347294855,0.22901721117518653
Italy,1978-1982,44520.840883165874,0.6535486621037365,1.6453400000000002,1.401688,408793600000.0,0.2891861082862083,0.22422940460866872
Italy,1983-1987,59937.09416079205,0.6697643412300514,1.7122199999999999,1.44241,555849200000.0,0.26408051080252964,0.21552684594487367
Italy,1988-1992,79084.87315801834,0.6838570529907051,1.722426,1.457346,1113574000000.0,0.2608418555255483,0.2757009991570048
Italy,1993-1997,108536.02799654426,0.7160666771608161,1.6713720000000003,1.360818,1178630000000.0,0.24557021014643515,0.27107123843861186
Italy,1998-2002,130486.25881993088,0.7282682418063142,1.49482,1.283386,1220724000000.0,0.27282079664694203,0.2625174188578835
Italy,2003-2007,163105.49625108577,0.761259205886383,1.361276,1.251248,1878622000000.0,0.2596958358994229,0.23727412551345609
Italy,2008-2012,201019.89938942672,0.8356430068133791,1.33412,1.205574,2220638000000.0,0.28717402025853084,0.2308756681103245
Italy,2013-2017,236647.60162580686,0.8616848879568686,1.159528,1.19347,1994790000000.0,0.2709120283792509,0.22884322635683815
Ivory Coast,1973-1977,251.22777777777773,0.33224582368289934,,,,0.27520515347294855,0.22901721117518653
Ivory Coast,1978-1982,490.91230158730133,0.3251461323101805,,,,0.2891861082862083,0.22422940460866872
Ivory Coast,1983-1987,395.46587301587283,0.4193935116179197,,,,0.26408051080252964,0.21552684594487367
Ivory Coast,1988-1992,301.2103174603171,0.3546431233003331,,,,0.2608418555255483,0.2757009991570048
Ivory Coast,1993-1997,322.3807539682536,0.516452231182668,,,,0.24557021014643515,0.27107123843861186
Ivory Coast,1998-2002,375.7857683982677,0.45472700982175573,,,,0.27282079664694203,0.2625174188578835
Ivory Coast,2003-2007,345.12954406704364,0.5983227251224377,,,,0.2596958358994229,0.23727412551345609
Ivory Coast,2008-2012,624.3843369542531,0.5280279367656204,,,,0.28717402025853084,0.2308756681103245
Ivory Coast,2013-2017,575.8762022355694,0.5601771052342799,,,,0.2709120283792509,0.22884322635683815
Jamaica,1973-1977,422.22692307692296,0.5048384036251214,0.0484102,-0.5139934,2671426542.2,0.27520515347294855,0.22901721117518653
Jamaica,1978-1982,615.2559523809522,0.5346471120739733,-0.030888000000000006,-0.46522680000000005,2804297476.6,0.2891861082862083,0.22422940460866872
Jamaica,1983-1987,567.2650793650791,0.5438024673784446,-0.1066726,-0.37630240000000004,2826927591.2,0.26408051080252964,0.21552684594487367
Jamaica,1988-1992,515.1138888888885,0.5814432885848317,-0.2821004,-0.46240559999999997,4085523361.6,0.2608418555255483,0.2757009991570048
Jamaica,1993-1997,512.8537348028723,0.6071333601653447,-0.6054348,-0.655045,6621230011.8,0.24557021014643515,0.27107123843861186
Jamaica,1998-2002,506.77806986919836,0.5871085206768852,-0.6537436,-0.8474410000000001,9094468072.0,0.27282079664694203,0.2625174188578835
Jamaica,2003-2007,528.1764854426614,0.6383091968296193,-0.3698158,-0.8921574,11096912743.4,0.2596958358994229,0.23727412551345609
Jamaica,2008-2012,705.542907629876,0.5761818922467744,-0.2101022,-0.8269438000000001,13644052067.4,0.28717402025853084,0.2308756681103245
Jamaica,2013-2017,539.8300635049479,0.5961778777590718,-0.44431260000000006,-1.3572300000000002,14246065034.0,0.2709120283792509,0.22884322635683815
Japan,1973-1977,82154.17008726549,0.5364156278330653,1.87046,1.7013079999999998,548165000000.0,0.27520515347294855,0.22901721117518653
Japan,1978-1982,126808.14152586515,0.5664254996086946,1.864528,1.760526,1105504000000.0,0.2891861082862083,0.22422940460866872
Japan,1983-1987,168343.12518767166,0.5478275309176399,2.201034,1.7344259999999998,1714470000000.0,0.26408051080252964,0.21552684594487367
Japan,1988-1992,218387.23378597677,0.5352118555466471,2.416712,1.725892,3350528000000.0,0.2608418555255483,0.2757009991570048
Japan,1993-1997,280598.1217395506,0.5401669400193843,2.5355060000000003,1.7125499999999998,4811748000000.0,0.24557021014643515,0.27107123843861186
Japan,1998-2002,329684.37199217157,0.5506161480210433,2.5339959999999997,1.6390740000000001,4380154000000.0,0.27282079664694203,0.2625174188578835
Japan,2003-2007,341045.9118237002,0.5849492977512118,2.4295359999999997,1.603274,4612372000000.0,0.2596958358994229,0.23727412551345609
Japan,2008-2012,330016.5872436889,0.6321533534400967,2.2347580000000002,1.579598,5666012000000.0,0.28717402025853084,0.2308756681103245
Japan,2013-2017,324398.77331201243,0.6433629668082731,2.314578,1.67535,4837002000000.0,0.2709120283792509,0.22884322635683815
Jordan,1973-1977,76.83333333333333,0.45521855098170827,0.7081854,0.2993004,1461899514.76,0.27520515347294855,0.22901721117518653
Jordan,1978-1982,234.33333333333331,0.7415978436928223,0.9186268,0.335986,3769953298.8,0.2891861082862083,0.22422940460866872
Jordan,1983-1987,611.1166666666666,0.6648816478752062,0.6769176,0.21479820000000002,5607585184.4,0.26408051080252964,0.21552684594487367
Jordan,1988-1992,1011.5789682539677,0.6813851491942446,0.3458342,-0.2824616,4878617010.4,0.2608418555255483,0.2757009991570048
Jordan,1993-1997,1182.064657564657,0.6507753975716372,-0.0008457999999999993,-0.723681,6641194237.0,0.24557021014643515,0.27107123843861186
Jordan,1998-2002,1951.941810320964,0.652324720565698,0.1422504,-0.3430848,8736976022.6,0.27282079664694203,0.2625174188578835
Jordan,2003-2007,2646.6170654745233,0.6370737237568971,-0.003980800000000001,-0.1600004,13458789845.0,0.2596958358994229,0.23727412551345609
Jordan,2008-2012,3911.0753384599943,0.7427832115478767,0.1876816,-0.1383904,26769102527.2,0.28717402025853084,0.2308756681103245
Jordan,2013-2017,4484.755111562831,0.7284653095566458,-0.09121742,-0.3945876666666666,37668642253.4,0.2709120283792509,0.22884322635683815
Kazakhstan,1988-1992,209.95263157894726,0.31976335822992163,-0.420723,-0.606413,25573601348.333332,0.2608418555255483,0.2757009991570048
Kazakhstan,1993-1997,940.4390239432566,0.40812202193994673,0.0460014,-0.023535800000000003,21647092735.4,0.24557021014643515,0.27107123843861186
Kazakhstan,1998-2002,739.1896767108478,0.43481452251517705,-0.1579934,-0.0491574,20817468110.4,0.27282079664694203,0.2625174188578835
Kazakhstan,2003-2007,743.1627787002948,0.400279170037976,-0.23451839999999996,-0.27710100000000004,63392580597.0,0.2596958358994229,0.23727412551345609
Kazakhstan,2008-2012,962.6327610490237,0.48381623441034094,-0.583913,-0.3923416,159484800000.0,0.28717402025853084,0.2308756681103245
Kazakhstan,2013-2017,2351.2935584893557,0.5938071515176184,-0.34005477999999995,-0.30810366666666666,189304600000.0,0.2709120283792509,0.22884322635683815
Kenya,1973-1977,867.3714285714277,0.4360660534905244,-0.42843600000000004,-0.43036240000000003,3340743579.8,0.27520515347294855,0.22901721117518653
Kenya,1978-1982,1368.9730158730144,0.5303957316329245,-0.3627776,-0.4284878,6417902400.2,0.2891861082862083,0.22422940460866872
Kenya,1983-1987,1559.5575507825488,0.4771800373104548,-0.8839096,-0.9244402,6703123424.0,0.26408051080252964,0.21552684594487367
Kenya,1988-1992,1752.1395724158856,0.4519340289391822,-0.9584998,-0.9279128,8314292573.2,0.2608418555255483,0.2757009991570048
Kenya,1993-1997,1841.1912768360003,0.3882030796243774,-0.71933,-0.9250776,9421578705.0,0.24557021014643515,0.27107123843861186
Kenya,1998-2002,1602.816339207648,0.4428589797268594,-0.6073692,-0.8203982,13165824172.2,0.27282079664694203,0.2625174188578835
Kenya,2003-2007,1662.543999047835,0.4519626540066519,-0.6560712,-0.7802086,21504294498.4,0.2596958358994229,0.23727412551345609
Kenya,2008-2012,2637.850824759146,0.47068292546411994,-0.5353872,-0.6681536,41056588435.2,0.28717402025853084,0.2308756681103245
Kenya,2013-2017,3422.1741217015865,0.49699815896608723,-0.6559868,-0.8650570000000001,65741257007.8,0.2709120283792509,0.22884322635683815
Kiribati,1983-1987,1.833333333333333,0.10900701303525118,,,35380689.322000004,0.26408051080252964,0.21552684594487367
Kiribati,1988-1992,0.5,0.0714285714285714,,,43830902.432,0.2608418555255483,0.2757009991570048
Kiribati,1993-1997,0.333333333333333,0.0714285714285714,,,58428617.410000004,0.24557021014643515,0.27107123843861186
Kiribati,2003-2007,0.9459706959706958,0.13491866179872225,,,109527904.64000002,0.2596958358994229,0.23727412551345609
Kiribati,2008-2012,0.0833333333333333,0.0714285714285714,,,160306377.8,0.28717402025853084,0.2308756681103245
Kiribati,2013-2017,6.122385464776762,0.35632588159858003,,,180308064.24,0.2709120283792509,0.22884322635683815
Kuwait,1973-1977,203.03333333333327,0.5270874560271728,0.04096040000000001,0.43653240000000004,11540921073.4,0.27520515347294855,0.22901721117518653
Kuwait,1978-1982,589.4166666666665,0.6030090482322088,0.2308202,0.45432179999999994,23104025746.4,0.2891861082862083,0.22422940460866872
Kuwait,1983-1987,1281.3234487734483,0.5265544751052661,-0.1493954,0.3453018,20855753606.6,0.26408051080252964,0.21552684594487367
Kuwait,1988-1992,1648.0837301587292,0.5967340803110605,-0.1719798,0.1613832,18859943339.2,0.2608418555255483,0.2757009991570048
Kuwait,1993-1997,1488.208563175953,0.5901286816621483,-0.5831784,-0.16955779999999998,27565928611.0,0.24557021014643515,0.27107123843861186
Kuwait,1998-2002,2175.58674242424,0.6206787649190231,-0.431743,-0.2721686,33360342108.4,0.27282079664694203,0.2625174188578835
Kuwait,2003-2007,2153.1873169452524,0.6830859770862662,-0.21175740000000004,-0.12047880000000002,80860646161.0,0.2596958358994229,0.23727412551345609
Kuwait,2008-2012,2454.259933388452,0.7454630106222855,-0.42904359999999997,-0.202263,139383000000.0,0.28717402025853084,0.2308756681103245
Kuwait,2013-2017,2398.922635061756,0.7399856014348903,-0.343866,-0.48957199999999995,136297200000.0,0.2709120283792509,0.22884322635683815
Kyrgyzstan,1988-1992,17.333333333333332,0.30522477394519754,,,,0.2608418555255483,0.2757009991570048
Kyrgyzstan,1993-1997,117.16785714285712,0.5668516879668761,,,,0.24557021014643515,0.27107123843861186
Kyrgyzstan,1998-2002,130.41269841269823,0.31859555643447013,,,,0.27282079664694203,0.2625174188578835
Kyrgyzstan,2003-2007,129.23882783882777,0.4110094969730981,,,,0.2596958358994229,0.23727412551345609
Kyrgyzstan,2008-2012,166.7793007885192,0.6249310580268591,,,,0.28717402025853084,0.2308756681103245
Kyrgyzstan,2013-2017,229.2176197628777,0.5690573029911904,-0.3494443333333333,,,0.2709120283792509,0.22884322635683815
Laos,1973-1977,1.0,0.0714285714285714,-0.6661804,-1.5403388,,0.27520515347294855,0.22901721117518653
Laos,1978-1982,2.333333333333333,0.0714285714285714,-0.027941,-0.6297808,,0.2891861082862083,0.22422940460866872
Laos,1983-1987,1.5,0.14237993624637446,-0.306135,-1.1198854,,0.26408051080252964,0.21552684594487367
Laos,1988-1992,4.366666666666663,0.19351587081571942,-0.5581156,-0.8751764,,0.2608418555255483,0.2757009991570048
Laos,1993-1997,6.049999999999999,0.22949221762164618,-0.6999292,-0.722008,,0.24557021014643515,0.27107123843861186
Laos,1998-2002,27.38174603174601,0.2138819198658043,-0.8315395999999999,-1.0044394,,0.27282079664694203,0.2625174188578835
Laos,2003-2007,76.49833777333768,0.29049410774634077,-0.8917046,-1.0251747999999998,,0.2596958358994229,0.23727412551345609
Laos,2008-2012,177.83251178159048,0.4225649422597836,-0.9843202,-1.0170974000000002,,0.28717402025853084,0.2308756681103245
Laos,2013-2017,266.2378422626064,0.4160349558648405,-1.2220833333333332,,,0.2709120283792509,0.22884322635683815
Latvia,1988-1992,203.44999999999982,0.2602934274529254,-0.092093,-0.004729,,0.2608418555255483,0.2757009991570048
Latvia,1993-1997,1079.1628507556456,0.47136793841114843,0.068492,0.2946002,6076998571.333333,0.24557021014643515,0.27107123843861186
Latvia,1998-2002,1183.952016206298,0.49886704858816044,0.22320259999999997,0.4217282,8092566042.4,0.27282079664694203,0.2625174188578835
Latvia,2003-2007,1036.0936325972032,0.5450794584064254,0.4261521999999999,0.43908519999999995,19066234160.8,0.2596958358994229,0.23727412551345609
Latvia,2008-2012,1702.516707813501,0.6234313866571819,0.604462,0.5351394,28476026451.0,0.28717402025853084,0.2308756681103245
Latvia,2013-2017,2090.912122419816,0.7121869844560202,0.5683233999999999,0.37189933333333336,29350504437.2,0.2709120283792509,0.22884322635683815
Lesotho,1973-1977,20.333333333333332,0.30109666776769684,,,152509928.4,0.27520515347294855,0.22901721117518653
Lesotho,1978-1982,19.66666666666666,0.3284941621909804,,,354239617.74,0.2891861082862083,0.22422940460866872
Lesotho,1983-1987,45.36666666666667,0.4048445389689659,,,342024487.73999995,0.26408051080252964,0.21552684594487367
Lesotho,1988-1992,37.77777777777778,0.38126076449860213,,,619514461.24,0.2608418555255483,0.2757009991570048
Lesotho,1993-1997,30.18333333333333,0.500408253744613,,,931970482.8799999,0.24557021014643515,0.27107123843861186
Lesotho,1998-2002,22.56858974358974,0.300036939889077,,,866002484.68,0.27282079664694203,0.2625174188578835
Lesotho,2003-2007,24.205952380952372,0.341829817604283,,,1573557773.8,0.2596958358994229,0.23727412551345609
Lesotho,2008-2012,53.43888888888885,0.5379768533982309,,,2189956350.2,0.28717402025853084,0.2308756681103245
Lesotho,2013-2017,67.95047920620205,0.3865780670264034,,,2372850369.0,0.2709120283792509,0.22884322635683815
Libya,1973-1977,82.74999999999999,0.48575514388092544,,,,0.27520515347294855,0.22901721117518653
Libya,1978-1982,239.83333333333331,0.4470109830153295,,,,0.2891861082862083,0.22422940460866872
Libya,1983-1987,276.33333333333326,0.6157766877824854,,,,0.26408051080252964,0.21552684594487367
Libya,1988-1992,251.11666666666662,0.5182790174820062,,,31592746890.666668,0.2608418555255483,0.2757009991570048
Libya,1993-1997,167.14285714285708,0.604279578526535,,,28678465769.0,0.24557021014643515,0.27107123843861186
Libya,1998-2002,169.54285714285712,0.3724563707437548,,,31217732281.8,0.27282079664694203,0.2625174188578835
Libya,2003-2007,247.81547619047598,0.47761504874337424,,,45840050854.2,0.2596958358994229,0.23727412551345609
Libya,2008-2012,376.1711811135719,0.5806496278828704,,,68303045801.4,0.28717402025853084,0.2308756681103245
Libya,2013-2017,417.968288536244,0.650093574120649,-1.116604,,39713622197.2,0.2709120283792509,0.22884322635683815
Liechtenstein,1973-1977,24.75,0.14620357152959784,,,236458393.34,0.27520515347294855,0.22901721117518653
Liechtenstein,1978-1982,33.0,0.09309015354521455,,,501709956.88,0.2891861082862083,0.22422940460866872
Liechtenstein,1983-1987,45.044444444444444,0.10108972125080962,,,677587795.3,0.26408051080252964,0.21552684594487367
Liechtenstein,1988-1992,47.759523809523785,0.2512935125003495,,,1363714951.8,0.2608418555255483,0.2757009991570048
Liechtenstein,1993-1997,63.86666666666664,0.3334537918637507,,,2170425552.0,0.24557021014643515,0.27107123843861186
Liechtenstein,1998-2002,59.249999999999986,0.36943271826719026,,,2561630813.8,0.27282079664694203,0.2625174188578835
Liechtenstein,2003-2007,86.18730158730152,0.3470541251081034,,,3757168874.4,0.2596958358994229,0.23727412551345609
Liechtenstein,2008-2012,99.1450126262625,0.43032519933369406,,,5172867095.6,0.28717402025853084,0.2308756681103245
Liechtenstein,2013-2017,147.93247257805123,0.2688020299961732,,,6421484226.4,0.2709120283792509,0.22884322635683815
Lithuania,1973-1977,2.0,0.0714285714285714,,,,0.27520515347294855,0.22901721117518653
Lithuania,1978-1982,1.0,0.0714285714285714,,,,0.2891861082862083,0.22422940460866872
Lithuania,1988-1992,74.91025641025641,0.423332673357275,0.117757,0.137062,,0.2608418555255483,0.2757009991570048
Lithuania,1993-1997,1085.0063115628313,0.44464831402319416,0.16766960000000003,0.42321280000000006,8792055258.0,0.24557021014643515,0.27107123843861186
Lithuania,1998-2002,1748.7056018549054,0.5473113931939821,0.2529964,0.6197016,12056661443.8,0.27282079664694203,0.2625174188578835
Lithuania,2003-2007,4305.706626321464,0.6505021898627654,0.3281142,0.6677832,27506464763.2,0.2596958358994229,0.23727412551345609
Lithuania,2008-2012,8088.922907943849,0.5311413202544255,0.6006038,0.6937782,41726871321.4,0.28717402025853084,0.2308756681103245
Lithuania,2013-2017,7990.2442412703585,0.5854694518162282,0.6563896,0.6915516666666667,45426666764.0,0.2709120283792509,0.22884322635683815
Luxembourg,1973-1977,39.26666666666665,0.28222388108068464,,,3339666242.2,0.27520515347294855,0.22901721117518653
Luxembourg,1978-1982,81.99444444444443,0.2671967425716314,,,5364938142.0,0.2891861082862083,0.22422940460866872
Luxembourg,1983-1987,100.89999999999999,0.3809721508405044,,,5910525757.4,0.26408051080252964,0.21552684594487367
Luxembourg,1988-1992,122.01918498168496,0.4211521969626657,,,12751706656.6,0.2608418555255483,0.2757009991570048
Luxembourg,1993-1997,179.01991634211845,0.5185233173657973,,,19581876873.2,0.24557021014643515,0.27107123843861186
Luxembourg,1998-2002,262.8094032246141,0.6295759466529702,,,21719462702.2,0.27282079664694203,0.2625174188578835
Luxembourg,2003-2007,464.789578292867,0.6969987330359275,,,38978488806.8,0.2596958358994229,0.23727412551345609
Luxembourg,2008-2012,1280.9284563724555,0.730903080571919,,,55423059715.6,0.28717402025853084,0.2308756681103245
Luxembourg,2013-2017,2394.8240091261027,0.660890876326513,,,62092218314.0,0.2709120283792509,0.22884322635683815
Macau,1978-1982,2.0,0.0714285714285714,,,,0.2891861082862083,0.22422940460866872
Macau,1983-1987,3.0,0.11395485278352135,,,,0.26408051080252964,0.21552684594487367
Macau,1988-1992,12.199999999999996,0.3229663022524544,,,,0.2608418555255483,0.2757009991570048
Macau,1993-1997,19.515079365079362,0.2877256457972972,,,,0.24557021014643515,0.27107123843861186
Macau,1998-2002,44.24999999999998,0.37708181844097965,,,,0.27282079664694203,0.2625174188578835
Macau,2003-2007,19.44523809523807,0.3188385674200388,,,,0.2596958358994229,0.23727412551345609
Macau,2013-2017,2.199999999999999,0.12412304283620068,,,,0.2709120283792509,0.22884322635683815
Macedonia,1988-1992,6.333333333333333,0.10880940773118153,,,,0.2608418555255483,0.2757009991570048
Macedonia,1993-1997,245.19999999999982,0.42782564961965186,0.2382458,0.2265384,,0.24557021014643515,0.27107123843861186
Macedonia,1998-2002,381.4708828788429,0.4065045182816929,-0.0062866000000000016,0.1887276,,0.27282079664694203,0.2625174188578835
Macedonia,2003-2007,423.73265199563104,0.5898994370165918,-0.1408102,-0.023627600000000002,,0.2596958358994229,0.23727412551345609
Macedonia,2008-2012,765.9278835056404,0.7294261450986963,-0.1256524,0.010946399999999998,,0.28717402025853084,0.2308756681103245
Macedonia,2013-2017,1129.025858737824,0.7259425599469803,-0.32142499999999996,-0.10320066666666666,,0.2709120283792509,0.22884322635683815
Madagascar,1973-1977,61.33333333333333,0.2844104704081597,-1.1284112,-1.2209374,2078878874.0,0.27520515347294855,0.22901721117518653
Madagascar,1978-1982,48.41666666666665,0.4358780763169162,-1.1694316,-1.458822,4175890133.0,0.2891861082862083,0.22422940460866872
Madagascar,1983-1987,64.85043290043288,0.3177205443740868,-1.313296,-1.647286,3991168749.8,0.26408051080252964,0.21552684594487367
Madagascar,1988-1992,87.58257575757568,0.3628813508803278,-0.5296626,-0.5835146,3453222045.6,0.2608418555255483,0.2757009991570048
Madagascar,1993-1997,128.34999999999988,0.41864888512715426,-1.106802,-1.3711220000000002,4123690679.0,0.24557021014643515,0.27107123843861186
Madagascar,1998-2002,199.64776334776306,0.42491883369991135,-1.1337959999999998,-1.384922,4819830528.4,0.27282079664694203,0.2625174188578835
Madagascar,2003-2007,287.2956856151975,0.4602408288834575,-1.158072,-1.295144,6443366883.2,0.2596958358994229,0.23727412551345609
Madagascar,2008-2012,348.43549100806416,0.42117800121782933,-0.9147104,-0.838974,10691105508.8,0.28717402025853084,0.2308756681103245
Madagascar,2013-2017,409.562358008818,0.3922918297887069,-1.214077,-0.622924,12258893820.4,0.2709120283792509,0.22884322635683815
Malawi,1973-1977,99.83333333333333,0.25061201232353036,,,616546369.8399999,0.27520515347294855,0.22901721117518653
Malawi,1978-1982,124.78333333333333,0.3686202521178321,,,1132549690.3600001,0.2891861082862083,0.22422940460866872
Malawi,1983-1987,135.25238095238092,0.3469753273050983,,,1185858515.8,0.26408051080252964,0.21552684594487367
Malawi,1988-1992,152.30152625152616,0.4054630308466295,,,1770794867.0,0.2608418555255483,0.2757009991570048
Malawi,1993-1997,250.51667221667196,0.41726350286416847,,,1918833305.8,0.24557021014643515,0.27107123843861186
Malawi,1998-2002,277.60240909611576,0.3701318232705617,,,2096452754.8,0.27282079664694203,0.2625174188578835
Malawi,2003-2007,347.481504606504,0.36623671442208894,,,3754359692.6,0.2596958358994229,0.23727412551345609
Malawi,2008-2012,614.8026686770245,0.3016157648573454,,,6500856818.8,0.28717402025853084,0.2308756681103245
Malawi,2013-2017,822.1861004156326,0.29973893792259765,-0.5584406666666667,,5935247854.2,0.2709120283792509,0.22884322635683815
Malaysia,1973-1977,829.0531135531132,0.5684258251633212,-0.5454776,-0.1236766,10129479092.8,0.27520515347294855,0.22901721117518653
Malaysia,1978-1982,1127.3218253968248,0.6190614614053076,-0.31127760000000004,0.2776482,22773808190.4,0.2891861082862083,0.22422940460866872
Malaysia,1983-1987,1116.7234487734481,0.6661314738538311,0.042326600000000006,0.445953,31081342679.6,0.26408051080252964,0.21552684594487367
Malaysia,1988-1992,1433.6520202020185,0.6852992068571093,0.079666,0.6278320000000001,45291064896.2,0.2608418555255483,0.2757009991570048
Malaysia,1993-1997,2265.669615993649,0.6344406653093375,0.23737380000000002,0.9182406000000001,86187707378.2,0.24557021014643515,0.27107123843861186
Malaysia,1998-2002,3275.3201236487466,0.6269277972277325,0.5814676000000001,0.9765347999999999,87747120848.8,0.27282079664694203,0.2625174188578835
Malaysia,2003-2007,6075.5821876234095,0.6499175501530994,0.7801598000000001,1.031752,146944800000.0,0.2596958358994229,0.23727412551345609
Malaysia,2008-2012,23278.363127745997,0.6851120519748638,0.7229922,0.9883336,260096800000.0,0.28717402025853084,0.2308756681103245
Malaysia,2013-2017,39057.81212582047,0.724993473718807,0.9088566,0.893439,316581400000.0,0.2709120283792509,0.22884322635683815
Maldives,1973-1977,2.0,0.07546569886464582,,,,0.27520515347294855,0.22901721117518653
Maldives,1978-1982,1.0,0.0714285714285714,,,45060292.300000004,0.2891861082862083,0.22422940460866872
Maldives,1983-1987,0.5,0.0714285714285714,,,115531868.26599999,0.26408051080252964,0.21552684594487367
Maldives,1988-1992,1.5,0.08764080956426434,,,220511306.61999997,0.2608418555255483,0.2757009991570048
Maldives,1993-1997,4.0,0.11967453317336363,,,407161182.15999997,0.24557021014643515,0.27107123843861186
Maldives,1998-2002,7.666666666666666,0.32230353352089214,,,704176857.02,0.27282079664694203,0.2625174188578835
Maldives,2003-2007,7.876190476190474,0.21838855539986568,,,1377179381.6,0.2596958358994229,0.23727412551345609
Maldives,2008-2012,10.36691729323308,0.30681010473847226,,,2573127890.0,0.28717402025853084,0.2308756681103245
Maldives,2013-2017,24.504834054834035,0.2414628608058329,,,4043382842.6,0.2709120283792509,0.22884322635683815
Mali,1973-1977,13.75,0.22828153442799337,,,784441606.1,0.27520515347294855,0.22901721117518653
Mali,1978-1982,42.383333333333326,0.24504895784688563,,,1490108529.2,0.2891861082862083,0.22422940460866872
Mali,1983-1987,63.56666666666664,0.23717298266334275,,,1573137317.6,0.26408051080252964,0.21552684594487367
Mali,1988-1992,70.70952380952379,0.34402426902587535,,,2517515921.6,0.2608418555255483,0.2757009991570048
Mali,1993-1997,96.27083333333324,0.3118398082680832,,,2616816112.6,0.24557021014643515,0.27107123843861186
Mali,1998-2002,99.78214285714274,0.2557602212814951,,,3333803062.0,0.27282079664694203,0.2625174188578835
Mali,2003-2007,154.71823454323433,0.3154925503780308,,,6289409248.6,0.2596958358994229,0.23727412551345609
Mali,2008-2012,245.15557552702288,0.4068529967818283,,,11223174835.0,0.28717402025853084,0.2308756681103245
Mali,2013-2017,258.12348908715677,0.4613300029537186,-1.0211856666666665,,14021700953.6,0.2709120283792509,0.22884322635683815
Malta,1973-1977,69.29999999999998,0.40533440642400154,,,469965381.56000006,0.27520515347294855,0.22901721117518653
Malta,1978-1982,44.41666666666666,0.43229586894417094,,,1104641120.3799999,0.2891861082862083,0.22422940460866872
Malta,1983-1987,23.0,0.32886859372859545,,,1314352437.4,0.26408051080252964,0.21552684594487367
Malta,1988-1992,64.88809523809523,0.36262261647098026,,,2491432849.8,0.2608418555255483,0.2757009991570048
Malta,1993-1997,132.13354256854254,0.41350620793966864,,,3284664795.6,0.24557021014643515,0.27107123843861186
Malta,1998-2002,198.0295287014327,0.5073922511751128,,,4127562902.4,0.27282079664694203,0.2625174188578835
Malta,2003-2007,221.3850587087287,0.5799609348948389,,,6500341290.6,0.2596958358994229,0.23727412551345609
Malta,2008-2012,438.9715498581213,0.6281252541876996,,,8995065538.2,0.28717402025853084,0.2308756681103245
Malta,2013-2017,821.0477335819858,0.6499128652201436,,,11266194901.0,0.2709120283792509,0.22884322635683815
Marshall Islands,1973-1977,1.5,0.11927124436453662,,,,0.27520515347294855,0.22901721117518653
Marshall Islands,1978-1982,1.25,0.07601254770533816,,,32969000.0,0.2891861082862083,0.22422940460866872
Marshall Islands,1983-1987,1.25,0.09100418320684411,,,49948800.0,0.26408051080252964,0.21552684594487367
Marshall Islands,1988-1992,4.333333333333333,0.14554246022617323,,,79106400.0,0.2608418555255483,0.2757009991570048
Marshall Islands,1993-1997,7.875,0.21302136650844328,,,109865120.0,0.24557021014643515,0.27107123843861186
Marshall Islands,1998-2002,2.4499999999999993,0.18613592055164552,,,119303080.0,0.27282079664694203,0.2625174188578835
Marshall Islands,2003-2007,4.8126373626373615,0.23442983003148743,,,141297220.0,0.2596958358994229,0.23727412551345609
Marshall Islands,2008-2012,6.910714285714283,0.2842144506155798,,,164856000.0,0.28717402025853084,0.2308756681103245
Marshall Islands,2013-2017,3.8851300731096106,0.39537519108419394,,,194087180.0,0.2709120283792509,0.22884322635683815
Mauritania,1973-1977,3.0,0.13268394600793698,-0.8126478,-1.32144,676740640.02,0.27520515347294855,0.22901721117518653
Mauritania,1978-1982,5.333333333333333,0.16718243912638175,-1.1870916,-1.768712,1003745369.8,0.2891861082862083,0.22422940460866872
Mauritania,1983-1987,9.083333333333332,0.23229863347999902,-1.1479654,-1.53194,1156112347.4,0.26408051080252964,0.21552684594487367
Mauritania,1988-1992,9.483333333333329,0.2825445852297722,-1.3297139999999998,-1.678078,1734099793.4,0.2608418555255483,0.2757009991570048
Mauritania,1993-1997,22.14999999999999,0.3839714182904569,-1.203602,-1.710698,2017608347.4,0.24557021014643515,0.27107123843861186
Mauritania,1998-2002,28.999999999999982,0.42794864449698067,-0.8746094,-1.44252,1864182928.2,0.27282079664694203,0.2625174188578835
Mauritania,2003-2007,43.09722222222217,0.27971252079547626,-1.4604462,-1.347354,3137263127.0,0.2596958358994229,0.23727412551345609
Mauritania,2008-2012,33.47074405063531,0.46545961191422125,-1.7847560000000002,-1.5443479999999998,5797079751.4,0.28717402025853084,0.2308756681103245
Mauritania,2013-2017,52.40150813948763,0.5360995026193092,-0.8982680000000001,,6627918763.0,0.2709120283792509,0.22884322635683815
Mauritius,1973-1977,27.75,0.1647439373760975,,,763833995.15,0.27520515347294855,0.22901721117518653
Mauritius,1978-1982,38.166666666666664,0.18199111916997113,,,1115819390.6,0.2891861082862083,0.22422940460866872
Mauritius,1983-1987,21.5,0.21221124904630229,,,1310141659.8,0.26408051080252964,0.21552684594487367
Mauritius,1988-1992,33.79166666666665,0.13950799091519805,,,2610217110.6,0.2608418555255483,0.2757009991570048
Mauritius,1993-1997,58.425,0.44616775219621696,,,3894232579.0,0.24557021014643515,0.27107123843861186
Mauritius,1998-2002,138.83690476190472,0.40777366425751793,,,4526325820.2,0.27282079664694203,0.2625174188578835
Mauritius,2003-2007,152.1824872591176,0.5166461072904962,,,6812618177.8,0.2596958358994229,0.23727412551345609
Mauritius,2008-2012,224.66278509072612,0.5303377717508065,,,10461992541.2,0.28717402025853084,0.2308756681103245
Mauritius,2013-2017,332.9465209336981,0.6240909195901834,-0.6280406666666667,,12423438074.0,0.2709120283792509,0.22884322635683815
Mexico,1973-1977,2697.769047619044,0.7202957420010823,0.5775121999999999,0.849554,77224026663.6,0.27520515347294855,0.22901721117518653
Mexico,1978-1982,3782.6840007214937,0.7302827822523033,0.4875062,1.095744,178153600000.0,0.2891861082862083,0.22422940460866872
Mexico,1983-1987,5157.395723209532,0.7268909594864547,0.4553348,0.9945755999999999,163546200000.0,0.26408051080252964,0.21552684594487367
Mexico,1988-1992,6800.466171322629,0.7218207517502555,0.7385494,1.06636,268113600000.0,0.2608418555255483,0.2757009991570048
Mexico,1993-1997,12091.806769331717,0.6902145985793873,0.774856,1.138236,460002400000.0,0.24557021014643515,0.27107123843861186
Mexico,1998-2002,18888.66240203189,0.70955616036949,0.859521,1.1671340000000001,672690800000.0,0.27282079664694203,0.2625174188578835
Mexico,2003-2007,27065.217758385388,0.699069128386661,1.0307886,1.154066,883428000000.0,0.2596958358994229,0.23727412551345609
Mexico,2008-2012,37208.044304293915,0.7470211632139157,1.0086518,1.060074,1089883000000.0,0.28717402025853084,0.2308756681103245
Mexico,2013-2017,49885.97342707782,0.7287335544131509,1.0427094000000001,1.0278733333333332,1199040000000.0,0.2709120283792509,0.22884322635683815
Monaco,1973-1977,54.5,0.2820821393939552,,,669201263.86,0.27520515347294855,0.22901721117518653
Monaco,1978-1982,59.16666666666666,0.21769699940333453,,,1187392024.4,0.2891861082862083,0.22422940460866872
Monaco,1983-1987,88.91666666666666,0.1779989950734293,,,1313404599.4,0.26408051080252964,0.21552684594487367
Monaco,1988-1992,75.35833333333329,0.17184585880038283,,,2341934422.6,0.2608418555255483,0.2757009991570048
Monaco,1993-1997,91.16349206349199,0.2247044407460722,,,2880607946.6,0.24557021014643515,0.27107123843861186
Monaco,1998-2002,114.14045121545104,0.2337200429524532,,,2835265454.0,0.27282079664694203,0.2625174188578835
Monaco,2003-2007,138.92678467678456,0.27850223665430174,,,4478644774.6,0.2596958358994229,0.23727412551345609
Monaco,2008-2012,142.00457519285888,0.3870801834150891,,,5825521479.8,0.28717402025853084,0.2308756681103245
Monaco,2013-2017,161.03514890127394,0.4429789529438354,,,6558305512.0,0.2709120283792509,0.22884322635683815
Mongolia,1973-1977,19.51358543417364,0.23143135478957277,0.4624825,-0.695775,,0.27520515347294855,0.22901721117518653
Mongolia,1978-1982,50.92724301841945,0.3695957211969009,0.2808026,-0.9733554,2431250516.5,0.2891861082862083,0.22422940460866872
Mongolia,1983-1987,65.63243464052283,0.36866341143095516,-0.3130794,-1.155798,2585553435.0,0.26408051080252964,0.21552684594487367
Mongolia,1988-1992,77.59761904761899,0.4516834079985449,-0.3475738,-1.035589,2607768843.4,0.2608418555255483,0.2757009991570048
Mongolia,1993-1997,75.79448051948043,0.4515146649438979,-0.5186628,-1.1030128,1134607481.28,0.24557021014643515,0.27107123843861186
Mongolia,1998-2002,98.17440476190467,0.42459267213041996,-0.7499622,-1.190108,1196659723.2,0.27282079664694203,0.2625174188578835
Mongolia,2003-2007,144.07304534867544,0.5531899657538335,-0.8962465999999999,-1.1953299999999998,2751978217.0,0.2596958358994229,0.23727412551345609
Mongolia,2008-2012,293.0585396631352,0.5048968466606408,-1.1051614,-1.7767139999999997,8019823384.2,0.28717402025853084,0.2308756681103245
Mongolia,2013-2017,419.23256829375373,0.516131463804922,-1.1283448,-2.9622333333333333,11834149580.0,0.2709120283792509,0.22884322635683815
Montenegro,1988-1992,0.5,0.0714285714285714,,,,0.2608418555255483,0.2757009991570048
Montenegro,1993-1997,1.0,0.0714285714285714,,,,0.24557021014643515,0.27107123843861186
Montenegro,2003-2007,37.65555617118639,0.39895288878679736,,,2488146769.0,0.2596958358994229,0.23727412551345609
Montenegro,2008-2012,359.40358810297926,0.41744786497187136,,,4294024530.6,0.28717402025853084,0.2308756681103245
Montenegro,2013-2017,701.1146797288801,0.4949781148955219,,,4469688281.2,0.2709120283792509,0.22884322635683815
Morocco,1973-1977,132.19999999999996,0.43110154261949885,-0.24282520000000002,-0.3599876,8707326103.6,0.27520515347294855,0.22901721117518653
Morocco,1978-1982,418.2047619047618,0.6523448450403846,-0.1561,-0.41580399999999995,17271654161.8,0.2891861082862083,0.22422940460866872
Morocco,1983-1987,512.4416666666664,0.5877776955652597,-0.19870519999999997,-0.2053788,17458981759.4,0.26408051080252964,0.21552684594487367
Morocco,1988-1992,919.7718903802376,0.5121192992053127,-0.3657644,-0.1625396,29639216506.0,0.2608418555255483,0.2757009991570048
Morocco,1993-1997,1741.187311372398,0.4695576098022717,-0.6561884,-0.3011468,37719838751.8,0.24557021014643515,0.27107123843861186
Morocco,1998-2002,3485.555586691616,0.47292030372988936,-0.707989,-0.45619879999999996,40798383270.6,0.27282079664694203,0.2625174188578835
Morocco,2003-2007,3444.7031704588107,0.4811861107068065,-0.5866572,-0.2512372,64343044400.4,0.2596958358994229,0.23727412551345609
Morocco,2008-2012,4511.3689949055215,0.5232025963013153,-0.5012492,-0.2820132,95651526287.4,0.28717402025853084,0.2308756681103245
Morocco,2013-2017,5776.751696151342,0.5454736239423016,-0.7930862000000001,-0.47607299999999997,106222600000.0,0.2709120283792509,0.22884322635683815
Mozambique,1973-1977,31.66666666666666,0.4548563975910944,-0.8712882000000001,-0.6402844,,0.27520515347294855,0.22901721117518653
Mozambique,1978-1982,25.916666666666664,0.31485774957989143,-0.6157488,-0.40910899999999994,,0.2891861082862083,0.22422940460866872
Mozambique,1983-1987,43.91666666666666,0.3038549940468638,-0.2785248,-0.37420519999999996,,0.26408051080252964,0.21552684594487367
Mozambique,1988-1992,43.99999999999997,0.3296556844280304,-0.2533556,-0.29659420000000003,3174650188.5,0.2608418555255483,0.2757009991570048
Mozambique,1993-1997,68.45119047619043,0.2791660582416612,-0.4556808,-1.0476364,3514496111.8,0.24557021014643515,0.27107123843861186
Mozambique,1998-2002,92.50357142857136,0.3677117461215792,-0.5578762,-1.350812,5598011899.8,0.27282079664694203,0.2625174188578835
Mozambique,2003-2007,129.6833694083693,0.5013156573527326,-1.246254,-1.19706,8385622325.0,0.2596958358994229,0.23727412551345609
Mozambique,2008-2012,253.1195141209507,0.4434215109146925,-1.278942,-1.171564,13258889815.4,0.28717402025853084,0.2308756681103245
Mozambique,2013-2017,421.7529205168477,0.4951525027557372,-1.210134,-1.29442,15159491444.4,0.2709120283792509,0.22884322635683815
Namibia,1973-1977,4.33333333333333,0.22790332182153938,,,,0.27520515347294855,0.22901721117518653
Namibia,1978-1982,22.699999999999996,0.27104231494294073,,,2261640945.0,0.2891861082862083,0.22422940460866872
Namibia,1983-1987,40.16666666666665,0.31799543885024373,,,1990094496.8,0.26408051080252964,0.21552684594487367
Namibia,1988-1992,91.93174603174599,0.2110823325822212,,,2845216155.8,0.2608418555255483,0.2757009991570048
Namibia,1993-1997,100.94999999999993,0.3425874328858699,,,3769117919.4,0.24557021014643515,0.27107123843861186
Namibia,1998-2002,147.17499999999987,0.31607246715021176,-0.7425769999999999,-0.8950049999999999,3646319623.4,0.27282079664694203,0.2625174188578835
Namibia,2003-2007,148.79725620552836,0.3116615987192629,-0.7598524,-0.7538716,6997947389.8,0.2596958358994229,0.23727412551345609
Namibia,2008-2012,167.97664870776896,0.49357256439375663,-0.49534079999999997,-0.6891632,10803321782.8,0.28717402025853084,0.2308756681103245
Namibia,2013-2017,308.2692839233196,0.5576368224760067,-0.355371,-0.40172850000000004,11809443057.0,0.2709120283792509,0.22884322635683815
Nauru,1988-1992,0.5,0.0714285714285714,,,,0.2608418555255483,0.2757009991570048
Nauru,2008-2012,0.5,0.0714285714285714,,,70182376.51333334,0.28717402025853084,0.2308756681103245
Nauru,2013-2017,2.104192546583849,0.18327314093452496,,,99919753.12,0.2709120283792509,0.22884322635683815
Nepal,1973-1977,31.666666666666657,0.41840456051060093,,,1320207503.0,0.27520515347294855,0.22901721117518653
Nepal,1978-1982,74.58333333333331,0.4432743401178285,,,2014468451.4,0.2891861082862083,0.22422940460866872
Nepal,1983-1987,124.16190476190474,0.4377633334681462,,,2691267210.0,0.26408051080252964,0.21552684594487367
Nepal,1988-1992,151.68690476190469,0.4235440845727647,,,3592497594.0,0.2608418555255483,0.2757009991570048
Nepal,1993-1997,202.77424242424223,0.421782324759979,,,4313638778.6,0.24557021014643515,0.27107123843861186
Nepal,1998-2002,319.2050083973994,0.52312899321096,,,5488416097.0,0.27282079664694203,0.2625174188578835
Nepal,2003-2007,503.04446898654,0.45484586275464,,,8220800565.2,0.2596958358994229,0.23727412551345609
Nepal,2008-2012,911.4730988233881,0.45021640897189985,,,15833633753.0,0.28717402025853084,0.2308756681103245
Nepal,2013-2017,1496.2542116342654,0.4774453887847022,,,21410296788.6,0.2709120283792509,0.22884322635683815
Netherlands,1973-1977,20785.1382639419,0.7271086924383584,1.1289479999999998,1.317618,99104064707.0,0.27520515347294855,0.22901721117518653
Netherlands,1978-1982,31283.643170323947,0.7715452697884111,1.130324,1.225678,170659000000.0,0.2891861082862083,0.22422940460866872
Netherlands,1983-1987,43948.67873124044,0.8216532959385131,1.181658,1.22256,177422400000.0,0.26408051080252964,0.21552684594487367
Netherlands,1988-1992,56592.724830980034,0.8403437452266345,1.266982,1.237248,305808400000.0,0.2608418555255483,0.2757009991570048
Netherlands,1993-1997,70097.99596329498,0.8583847131898097,1.334046,1.219402,410457000000.0,0.24557021014643515,0.27107123843861186
Netherlands,1998-2002,73638.37867407134,0.8422075450672486,1.253454,1.1761279999999998,440835400000.0,0.27282079664694203,0.2625174188578835
Netherlands,2003-2007,84906.97065010619,0.781339399364477,1.154426,1.148876,700376000000.0,0.2596958358994229,0.23727412551345609
Netherlands,2008-2012,107245.31343845648,0.7337391651054415,1.0173384,1.042746,881137400000.0,0.28717402025853084,0.2308756681103245
Netherlands,2013-2017,120974.13444673069,0.7169851026595067,1.0965137999999999,0.9495556666666666,830113600000.0,0.2709120283792509,0.22884322635683815
Netherlands-Antilles,1973-1977,14.5,0.277213211286541,,,,0.27520515347294855,0.22901721117518653
Netherlands-Antilles,1978-1982,20.333333333333332,0.14394415557846485,,,,0.2891861082862083,0.22422940460866872
Netherlands-Antilles,1983-1987,17.83333333333332,0.18238744846157162,,,,0.26408051080252964,0.21552684594487367
Netherlands-Antilles,1988-1992,10.249999999999996,0.245703163416796,,,,0.2608418555255483,0.2757009991570048
Netherlands-Antilles,1993-1997,39.90800865800863,0.345638093436878,,,,0.24557021014643515,0.27107123843861186
Netherlands-Antilles,1998-2002,37.80930735930732,0.24695025431997641,,,,0.27282079664694203,0.2625174188578835
Netherlands-Antilles,2003-2007,50.44135309135304,0.3619553693781157,,,,0.2596958358994229,0.23727412551345609
Netherlands-Antilles,2008-2012,41.44682539682534,0.4341069084064022,,,,0.28717402025853084,0.2308756681103245
Netherlands-Antilles,2013-2017,33.6999671644905,0.5553326838001437,,,,0.2709120283792509,0.22884322635683815
New Zealand,1973-1977,7665.736219336211,0.6053658520964982,0.3230216,0.5323876000000001,13731380944.4,0.27520515347294855,0.22901721117518653
New Zealand,1978-1982,10661.513138138125,0.6449063863018747,0.34012560000000003,0.5247832,22217705827.2,0.2891861082862083,0.22422940460866872
New Zealand,1983-1987,11563.014575598962,0.6719017143849537,0.4641534,0.6293856,28327214569.6,0.26408051080252964,0.21552684594487367
New Zealand,1988-1992,12329.43681062641,0.6899010103557703,0.33799260000000003,0.4985442,43797464619.2,0.2608418555255483,0.2757009991570048
New Zealand,1993-1997,15120.645148561081,0.696023310748543,0.3820488,0.48576040000000004,60445007063.4,0.24557021014643515,0.27107123843861186
New Zealand,1998-2002,17499.947254426384,0.7000577077244169,0.2751308,0.40873499999999996,57622573532.4,0.27282079664694203,0.2625174188578835
New Zealand,2003-2007,19640.708899749035,0.7170599251208336,0.3129972,0.3974642,111160977110.0,0.2596958358994229,0.23727412551345609
New Zealand,2008-2012,25835.846755750368,0.7117254355607987,0.1827372,0.2582736,149205000000.0,0.28717402025853084,0.2308756681103245
New Zealand,2013-2017,29338.8300623245,0.7010428740255292,0.26971,-0.030613,192575200000.0,0.2709120283792509,0.22884322635683815
New-Caledonia,1973-1977,55.583333333333314,0.12288617436099536,,,,0.27520515347294855,0.22901721117518653
New-Caledonia,1978-1982,80.63333333333331,0.22885504149080327,,,,0.2891861082862083,0.22422940460866872
New-Caledonia,1983-1987,100.17738095238086,0.34095933738111006,,,,0.26408051080252964,0.21552684594487367
New-Caledonia,1988-1992,106.86078643578634,0.2558920475139015,,,,0.2608418555255483,0.2757009991570048
New-Caledonia,1993-1997,149.60209235209214,0.3065877721190625,,,,0.24557021014643515,0.27107123843861186
New-Caledonia,1998-2002,161.10952380952352,0.2398366766713147,,,,0.27282079664694203,0.2625174188578835
New-Caledonia,2003-2007,222.89536696963143,0.28063485716581504,,,,0.2596958358994229,0.23727412551345609
New-Caledonia,2008-2012,294.1459539428575,0.30876227699215464,,,,0.28717402025853084,0.2308756681103245
New-Caledonia,2013-2017,321.4332014696736,0.3536079153167321,,,,0.2709120283792509,0.22884322635683815
Nicaragua,1973-1977,21.33333333333333,0.3712570975551188,-0.0584614,-0.021082,1658525688.6,0.27520515347294855,0.22901721117518653
Nicaragua,1978-1982,11.75,0.24709748898475936,-0.16140380000000001,-0.09353560000000001,2154556779.6,0.2891861082862083,0.22422940460866872
Nicaragua,1983-1987,30.366666666666667,0.22156074183219587,-0.532354,-0.6159205999999999,3053919888.2,0.26408051080252964,0.21552684594487367
Nicaragua,1988-1992,44.76666666666666,0.2898890949303523,-0.47552700000000003,-0.47889860000000006,1587029723.2,0.2608418555255483,0.2757009991570048
Nicaragua,1993-1997,54.563369963369944,0.37939386419323484,-0.5492962,-0.7840216,3691685372.2,0.24557021014643515,0.27107123843861186
Nicaragua,1998-2002,49.79599567099564,0.3056720234959188,-0.7817152,-0.7839197999999999,5029134738.2,0.27282079664694203,0.2625174188578835
Nicaragua,2003-2007,82.2378219003218,0.39481493179512783,-0.8369014,-0.7693388,6325229028.4,0.2596958358994229,0.23727412551345609
Nicaragua,2008-2012,131.72109123097462,0.3482647623018017,-0.7479348,-0.9638009999999999,9172098498.8,0.28717402025853084,0.2308756681103245
Nicaragua,2013-2017,132.17878560074274,0.381252792370379,-1.1904702,-0.9814456666666667,12538430067.6,0.2709120283792509,0.22884322635683815
Niger,1973-1977,7.5,0.21793291214989274,,,1075437697.6,0.27520515347294855,0.22901721117518653
Niger,1978-1982,31.5,0.4283367662671106,,,2116134505.8,0.2891861082862083,0.22422940460866872
Niger,1983-1987,57.153968253968216,0.40170245768366997,,,1768405464.2,0.26408051080252964,0.21552684594487367
Niger,1988-1992,123.2499999999999,0.3413890061864734,,,2943316040.6,0.2608418555255483,0.2757009991570048
Niger,1993-1997,173.17084859584844,0.3700446706326682,,,2240091584.6,0.24557021014643515,0.27107123843861186
Niger,1998-2002,146.14444444444436,0.3179868574094701,,,2519608887.4,0.27282079664694203,0.2625174188578835
Niger,2003-2007,148.8830086580085,0.5036786512828727,,,4388478575.0,0.2596958358994229,0.23727412551345609
Niger,2008-2012,156.98128119867226,0.424181116074014,,,8071748924.0,0.28717402025853084,0.2308756681103245
Niger,2013-2017,198.05994846082658,0.4341324021621811,,,10418089652.4,0.2709120283792509,0.22884322635683815
Nigeria,1973-1977,2849.508766233765,0.6042375082601488,-2.171378,-1.579258,28026547640.8,0.27520515347294855,0.22901721117518653
Nigeria,1978-1982,5129.07027417027,0.6716157001307645,-2.2202979999999997,-1.6305599999999998,91046712445.2,0.2891861082862083,0.22422940460866872
Nigeria,1983-1987,5901.576190476185,0.6192079087108766,-1.9872520000000002,-1.3437480000000002,70361397396.0,0.26408051080252964,0.21552684594487367
Nigeria,1988-1992,5245.545393495386,0.5944896265913541,-1.8795679999999997,-1.631812,48920137159.8,0.2608418555255483,0.2757009991570048
Nigeria,1993-1997,3526.117433443744,0.5710698104399516,-2.0875879999999998,-1.559924,42236272678.8,0.24557021014643515,0.27107123843861186
Nigeria,1998-2002,3224.745050505047,0.56873366036558,-2.021982,-1.519294,70568320876.0,0.27282079664694203,0.2625174188578835
Nigeria,2003-2007,4732.665455703558,0.5833156734395524,-2.207886,-1.718946,185832400000.0,0.2596958358994229,0.23727412551345609
Nigeria,2008-2012,9373.501506295555,0.6544194335213785,-2.195984,-1.521598,372397400000.0,0.28717402025853084,0.2308756681103245
Nigeria,2013-2017,8478.84194651002,0.6876221554876302,-1.7386119999999998,-1.4610933333333334,471688600000.0,0.2709120283792509,0.22884322635683815
Niue,1983-1987,0.2,0.0714285714285714,,,,0.26408051080252964,0.21552684594487367
Niue,2003-2007,0.125,0.0714285714285714,,,,0.2596958358994229,0.23727412551345609
Niue,2013-2017,0.5613354037267072,0.1503036623605022,,,,0.2709120283792509,0.22884322635683815
North Korea,1973-1977,1.0,0.0714285714285714,,,,0.27520515347294855,0.22901721117518653
North Korea,1978-1982,2.0,0.11078381356330325,,,,0.2891861082862083,0.22422940460866872
North Korea,1983-1987,12.999999999999996,0.24867628879228731,,,,0.26408051080252964,0.21552684594487367
North Korea,1988-1992,23.083333333333332,0.43699185627837167,,,,0.2608418555255483,0.2757009991570048
North Korea,1993-1997,3.0,0.08146814157126137,,,,0.24557021014643515,0.27107123843861186
North Korea,1998-2002,6.342857142857141,0.13713571446821649,,,,0.27282079664694203,0.2625174188578835
North Korea,2003-2007,32.93730158730156,0.4190534925724728,,,,0.2596958358994229,0.23727412551345609
North Korea,2008-2012,74.69896166635291,0.4799194175076871,,,,0.28717402025853084,0.2308756681103245
North Korea,2013-2017,165.11640720390702,0.33416706218818304,,,,0.2709120283792509,0.22884322635683815
Norway,1973-1977,8452.887827858409,0.6756569540250481,1.2490999999999999,1.039126,32001610766.0,0.27520515347294855,0.22901721117518653
Norway,1978-1982,10765.488248168225,0.7357377167003505,1.0371328,0.9065467999999999,58067713765.8,0.2891861082862083,0.22422940460866872
Norway,1983-1987,12280.950458618814,0.7268051675275811,0.8947212,0.9148337999999999,72405076942.6,0.26408051080252964,0.21552684594487367
Norway,1988-1992,13483.108096904143,0.7474483674048809,0.9662414,0.8950355999999999,115407200000.0,0.2608418555255483,0.2757009991570048
Norway,1993-1997,16918.900583293787,0.7523071333979163,0.8080046,0.7544272000000001,144923400000.0,0.24557021014643515,0.27107123843861186
Norway,1998-2002,18666.57874638492,0.7442023505228501,0.784206,0.718978,171438000000.0,0.27282079664694203,0.2625174188578835
Norway,2003-2007,22904.82897898762,0.7527688875076699,0.7334568,0.6862088,309754600000.0,0.2596958358994229,0.23727412551345609
Norway,2008-2012,32816.061648028706,0.7446031136838548,0.5790236,0.5239318,456997200000.0,0.28717402025853084,0.2308756681103245
Norway,2013-2017,38788.850464082796,0.7361206433299997,0.9574770000000001,0.3379733333333334,434837600000.0,0.2709120283792509,0.22884322635683815
Oman,1973-1977,1.5,0.0714285714285714,-0.13701180000000002,-0.24899759999999999,1905408176.02,0.27520515347294855,0.22901721117518653
Oman,1978-1982,2.833333333333333,0.20586156637595365,-0.40048580000000006,0.4486466,5453850782.0,0.2891861082862083,0.22422940460866872
Oman,1983-1987,18.083333333333332,0.34292093636969057,-0.08589179999999999,0.6445894,8378882829.6,0.26408051080252964,0.21552684594487367
Oman,1988-1992,174.61666666666662,0.47742895284307696,-0.1424634,0.30066040000000005,10647438231.6,0.2608418555255483,0.2757009991570048
Oman,1993-1997,376.6932539682538,0.4464977506850569,-0.598882,0.191093,14065955786.6,0.24557021014643515,0.27107123843861186
Oman,1998-2002,766.4067821067815,0.5106636494792398,-0.7270912,-0.0964496,17779546424.0,0.27282079664694203,0.2625174188578835
Oman,2003-2007,1008.6174469888174,0.5157915141026309,-0.5731422,-0.1344576,31356098829.6,0.2596958358994229,0.23727412551345609
Oman,2008-2012,1200.5396697047915,0.6788794745595335,-0.438523,-0.264298,62194902470.6,0.28717402025853084,0.2308756681103245
Oman,2013-2017,1780.9450134223403,0.747632030175176,-0.40964105999999995,-0.5834876666666667,72868452535.8,0.2709120283792509,0.22884322635683815
Pakistan,1973-1977,558.8261904761903,0.5218664043703017,-0.05918700000000001,-0.06858840000000001,10961473776.8,0.27520515347294855,0.22901721117518653
Pakistan,1978-1982,856.0940476190472,0.5243038787392298,-0.038012000000000004,-0.0549902,23996184211.8,0.2891861082862083,0.22422940460866872
Pakistan,1983-1987,1204.1059847015717,0.5081546619176569,-0.230842,-0.057286800000000006,31247847081.2,0.26408051080252964,0.21552684594487367
Pakistan,1988-1992,1791.630097680096,0.45715445818175626,-0.5706488000000001,-0.2487638,42632805310.6,0.2608418555255483,0.2757009991570048
Pakistan,1993-1997,2280.9040260393176,0.5486450398532401,-0.7933852,-0.2064994,58098570361.6,0.24557021014643515,0.27107123843861186
Pakistan,1998-2002,2479.082442830679,0.4978066812515344,-0.791929,-0.1549218,73314588863.8,0.27282079664694203,0.2625174188578835
Pakistan,2003-2007,5654.32443352167,0.4894737586919198,-0.7002164000000001,-0.0686426,121845108588.0,0.2596958358994229,0.23727412551345609
Pakistan,2008-2012,18456.845662981763,0.5256149086369928,-0.6448894000000001,3.140000000000087e-05,190673600000.0,0.28717402025853084,0.2308756681103245
Pakistan,2013-2017,30106.307075985293,0.5664426294589873,-0.9238504000000001,-0.01302433333333333,265871600000.0,0.2709120283792509,0.22884322635683815
Palau,1973-1977,1.0,0.0714285714285714,,,,0.27520515347294855,0.22901721117518653
Palau,1978-1982,2.25,0.07677713011056397,,,,0.2891861082862083,0.22422940460866872
Palau,1983-1987,5.0,0.14025163129809637,,,,0.26408051080252964,0.21552684594487367
Palau,1988-1992,2.5,0.08022226379065267,,,,0.2608418555255483,0.2757009991570048
Palau,1993-1997,3.099999999999996,0.0810373884214739,,,,0.24557021014643515,0.27107123843861186
Palau,1998-2002,9.126190476190473,0.2743501683913997,,,155292466.66666666,0.27282079664694203,0.2625174188578835
Palau,2003-2007,14.343589743589735,0.27086249018526254,,,177355200.0,0.2596958358994229,0.23727412551345609
Palau,2008-2012,10.353571428571422,0.24399215495826454,,,193827940.0,0.28717402025853084,0.2308756681103245
Palau,2013-2017,25.572757315148607,0.33339957737780235,,,266671780.0,0.2709120283792509,0.22884322635683815
Palestine,1998-2002,0.5,0.0714285714285714,,,,0.27282079664694203,0.2625174188578835
Palestine,2003-2007,0.333333333333333,0.0714285714285714,,,,0.2596958358994229,0.23727412551345609
Palestine,2008-2012,3.33333333333333,0.0714285714285714,,,,0.28717402025853084,0.2308756681103245
Palestine,2013-2017,213.18641371191572,0.689269082518877,,,,0.2709120283792509,0.22884322635683815
Panama,1973-1977,84.19999999999999,0.3271478918343851,0.34630320000000003,0.5672520000000001,2372754600.0,0.27520515347294855,0.22901721117518653
Panama,1978-1982,76.3333333333333,0.28792787149144317,0.2618522,0.42381399999999997,4511077200.0,0.2891861082862083,0.22422940460866872
Panama,1983-1987,177.911111111111,0.2722626566691435,0.1713094,0.43538820000000006,6454831920.0,0.26408051080252964,0.21552684594487367
Panama,1988-1992,224.88333333333316,0.2752247903541739,0.1288166,0.454242,6674446680.0,0.2608418555255483,0.2757009991570048
Panama,1993-1997,226.00082972582953,0.24171938939995763,0.06091220000000001,0.6663218000000001,9653893800.0,0.24557021014643515,0.27107123843861186
Panama,1998-2002,272.79525944643547,0.2669351686538164,0.0752702,0.48532539999999996,12301235480.0,0.27282079664694203,0.2625174188578835
Panama,2003-2007,373.3366732369871,0.2769655427250741,0.0958816,0.5846664,16903881460.0,0.2596958358994229,0.23727412551345609
Panama,2008-2012,549.0742222696904,0.29823708092713674,0.5124874,0.8622892,31365744840.0,0.28717402025853084,0.2308756681103245
Panama,2013-2017,727.2938200400239,0.35039889330364615,0.09487368,-0.359454,53947980000.0,0.2709120283792509,0.22884322635683815
Papua New Guinea,1973-1977,332.36190476190455,0.4460723906965781,,,1455132453.2,0.27520515347294855,0.22901721117518653
Papua New Guinea,1978-1982,433.49999999999994,0.4906400624646373,,,2330841159.4,0.2891861082862083,0.22422940460866872
Papua New Guinea,1983-1987,503.59920634920604,0.4529952268177023,,,2666054794.6,0.26408051080252964,0.21552684594487367
Papua New Guinea,1988-1992,446.7619047619044,0.6210848175735393,,,3717509142.4,0.2608418555255483,0.2757009991570048
Papua New Guinea,1993-1997,287.8021936396934,0.5701702609192703,,,5041064041.6,0.24557021014643515,0.27107123843861186
Papua New Guinea,1998-2002,219.88525641025626,0.44282360118932573,,,3373671234.0,0.27282079664694203,0.2625174188578835
Papua New Guinea,2003-2007,145.98840922149725,0.5104573576486424,,,6045929276.8,0.2596958358994229,0.23727412551345609
Papua New Guinea,2008-2012,190.07464793977917,0.505782336493263,,,15364360741.6,0.28717402025853084,0.2308756681103245
Papua New Guinea,2013-2017,208.9150463202362,0.4688000143945942,-1.8831,,21939465831.8,0.2709120283792509,0.22884322635683815
Paraguay,1973-1977,27.666666666666664,0.3096009159401787,-0.5129471999999999,-0.49460560000000003,1526309365.0,0.27520515347294855,0.22901721117518653
Paraguay,1978-1982,27.58333333333333,0.19548691792740602,-0.8224767999999999,-0.8242082,4293729972.2,0.2891861082862083,0.22422940460866872
Paraguay,1983-1987,30.39999999999999,0.34264640151689996,-0.8013273999999999,-0.860669,4230639887.2,0.26408051080252964,0.21552684594487367
Paraguay,1988-1992,47.77777777777776,0.3219372905981537,-0.9292204,-0.752147,5793464409.0,0.2608418555255483,0.2757009991570048
Paraguay,1993-1997,40.01493316624893,0.2844899433957766,-0.7416282,-0.29433220000000004,8787252911.8,0.24557021014643515,0.27107123843861186
Paraguay,1998-2002,49.37777777777775,0.3187801618326971,-0.577871,-0.30914600000000003,8529064807.4,0.27282079664694203,0.2625174188578835
Paraguay,2003-2007,71.09994091157877,0.34981059272228443,-0.5744994,-0.4076136,11867801803.6,0.2596958358994229,0.23727412551345609
Paraguay,2008-2012,100.8364540649351,0.41784430515599424,-0.5892666,-0.3333508,28226908917.2,0.28717402025853084,0.2308756681103245
Paraguay,2013-2017,196.80784954836517,0.47836430360697946,-0.833604,-0.5758283333333334,38017820197.0,0.2709120283792509,0.22884322635683815
People's Republic of Congo,1973-1977,26.416666666666664,0.3632761179687799,,,,0.27520515347294855,0.22901721117518653
People's Republic of Congo,1978-1982,46.41666666666666,0.3598003269658475,,,,0.2891861082862083,0.22422940460866872
People's Republic of Congo,1983-1987,96.3742424242424,0.28884214205697134,,,,0.26408051080252964,0.21552684594487367
People's Republic of Congo,1988-1992,114.30158730158719,0.44802066918175054,,,,0.2608418555255483,0.2757009991570048
People's Republic of Congo,1993-1997,17.89047619047618,0.2563104024158862,,,,0.24557021014643515,0.27107123843861186
Peru,1973-1977,272.65564892623706,0.4981920267069109,-0.6395388000000001,-0.7580096000000001,14459616590.4,0.27520515347294855,0.22901721117518653
Peru,1978-1982,314.3558473389354,0.5393640722434165,-0.33142679999999997,-0.198182,18006980537.6,0.2891861082862083,0.22422940460866872
Peru,1983-1987,307.97687400318966,0.4988600590421942,-0.378501,-0.2348052,17488128576.2,0.26408051080252964,0.21552684594487367
Peru,1988-1992,462.23253968253914,0.5325100636336317,-0.27159560000000005,-0.23146779999999997,26931424500.6,0.2608418555255483,0.2757009991570048
Peru,1993-1997,424.264591615907,0.5283236085727094,-0.44993879999999997,-0.483256,49285377465.6,0.24557021014643515,0.27107123843861186
Peru,1998-2002,516.0824377325455,0.4929251819186139,-0.49377580000000004,-0.4353242,52848250773.6,0.27282079664694203,0.2625174188578835
Peru,2003-2007,877.7049432085925,0.6243289134034138,-0.5822362,-0.4646724,78474906548.6,0.2596958358994229,0.23727412551345609
Peru,2008-2012,1440.8770155624554,0.6323739674561137,-0.6864544,-0.39878359999999996,150662800000.0,0.28717402025853084,0.2308756681103245
Peru,2013-2017,2182.012229570771,0.6632058505285692,-0.7562306000000001,-0.5609226666666667,198934400000.0,0.2709120283792509,0.22884322635683815
Philippines,1973-1977,413.2249999999997,0.404901672010355,-0.3542948,-0.33497319999999997,15100732850.6,0.27520515347294855,0.22901721117518653
Philippines,1978-1982,894.4838744588739,0.4275507558984213,-0.1581318,0.0277514,31089089386.4,0.2891861082862083,0.22422940460866872
Philippines,1983-1987,865.3420958126833,0.407137312926773,-0.24639860000000002,0.0650558,31683856299.0,0.26408051080252964,0.21552684594487367
Philippines,1988-1992,890.0490351753497,0.4330632839490799,-0.1446952,0.060517,44633224862.4,0.2608418555255483,0.2757009991570048
Philippines,1993-1997,938.6735975107136,0.4234736144667054,-0.1667038,0.3627064,71552986502.2,0.24557021014643515,0.27107123843861186
Philippines,1998-2002,1154.979770775004,0.5008049217450878,-0.1440218,0.7361296,80420175527.0,0.27282079664694203,0.2625174188578835
Philippines,2003-2007,1488.004134409714,0.5559453415983542,-0.007011799999999999,0.7497144,114618828113.0,0.2596958358994229,0.23727412551345609
Philippines,2008-2012,2485.4560805894475,0.5927955762789705,0.2629038,0.7674833999999999,212329200000.0,0.28717402025853084,0.2308756681103245
Philippines,2013-2017,3347.5171805009854,0.5819924039135039,0.3065382,0.6564043333333333,306988200000.0,0.2709120283792509,0.22884322635683815
Poland,1973-1977,17386.451203045297,0.5290237823789222,0.9000261999999999,1.0199376,,0.27520515347294855,0.22901721117518653
Poland,1978-1982,22756.250255892824,0.55083694199452,0.9487932000000001,1.0054966,,0.2891861082862083,0.22422940460866872
Poland,1983-1987,23444.87908804319,0.5318879784975092,0.76495,0.9182572,,0.26408051080252964,0.21552684594487367
Poland,1988-1992,24832.301977382795,0.5195428760268153,0.7024383999999999,0.8748495999999999,81938578555.0,0.2608418555255483,0.2757009991570048
Poland,1993-1997,28152.13493502705,0.524911432287369,0.672763,0.7404044,133609329005.2,0.24557021014643515,0.27107123843861186
Poland,1998-2002,39164.67517856643,0.5387978079390054,0.885844,0.8724643999999999,181038800000.0,0.27282079664694203,0.2625174188578835
Poland,2003-2007,56350.84161300847,0.5882041776928231,0.9421408,0.9784442,310509200000.0,0.2596958358994229,0.23727412551345609
Poland,2008-2012,81236.30782770044,0.6647585434294738,1.0248336,0.999248,496424200000.0,0.28717402025853084,0.2308756681103245
Poland,2013-2017,104368.95836305902,0.71459289372857,0.9911958000000001,0.9002833333333333,509124400000.0,0.2709120283792509,0.22884322635683815
Portugal,1973-1977,603.7194805194804,0.500973355585234,0.8023502,0.6192529999999999,18744584641.8,0.27520515347294855,0.22901721117518653
Portugal,1978-1982,928.0129490392642,0.55776727093564,0.8447354,0.5808484,29102396770.8,0.2891861082862083,0.22422940460866872
Portugal,1983-1987,1764.158300441387,0.6430096799929852,0.8032619999999999,0.7807706000000001,33300450932.6,0.26408051080252964,0.21552684594487367
Portugal,1988-1992,3436.5467620403806,0.6919128336583478,0.6811429999999999,0.8216518,78496160635.8,0.2608418555255483,0.2757009991570048
Portugal,1993-1997,6394.2215673621895,0.7122199389045257,0.41531440000000003,0.7511582,110493478568.6,0.24557021014643515,0.27107123843861186
Portugal,1998-2002,11805.05655133717,0.6778563707937244,0.5098307999999999,0.7218362,125067800000.0,0.27282079664694203,0.2625174188578835
Portugal,2003-2007,20146.347341020093,0.6981499778756158,0.5901234000000001,0.7995588,199970000000.0,0.2596958358994229,0.23727412551345609
Portugal,2008-2012,34172.080249777886,0.8219549322880861,0.6686859999999999,0.7657342,240992400000.0,0.28717402025853084,0.2308756681103245
Portugal,2013-2017,46695.82578429465,0.8445352280649723,0.3410132,0.6568473333333333,216584800000.0,0.2709120283792509,0.22884322635683815
Qatar,1973-1977,1.0,0.0714285714285714,-0.4964034,-0.003215800000000002,2521990626.4,0.27520515347294855,0.22901721117518653
Qatar,1978-1982,37.166666666666664,0.5065110954723783,-0.1747544,0.05511239999999999,6754412464.4,0.2891861082862083,0.22422940460866872
Qatar,1983-1987,91.66666666666664,0.44775731682319964,0.23337059999999998,0.0415532,5964945044.0,0.26408051080252964,0.21552684594487367
Qatar,1988-1992,220.86666666666665,0.43065617786713817,-0.014295400000000003,-0.1520942,6883241802.4,0.2608418555255483,0.2757009991570048
Qatar,1993-1997,199.37063492063487,0.4748820687144816,-0.5753045999999999,-0.5088625999999999,8605219780.2,0.24557021014643515,0.27107123843861186
Qatar,1998-2002,183.9833333333333,0.434140907413502,-0.574431,-0.6446694,15462142961.4,0.27282079664694203,0.2625174188578835
Qatar,2003-2007,392.1765354528509,0.5581854062192503,-0.1014246,-0.4917346,48078516483.4,0.2596958358994229,0.23727412551345609
Qatar,2008-2012,887.7188912136335,0.760759440049865,-0.3233688,-0.6072538,138559870329.6,0.28717402025853084,0.2308756681103245
Qatar,2013-2017,3443.839767187291,0.7646292120782919,0.10742099999999999,-0.6953853333333333,177070800000.0,0.2709120283792509,0.22884322635683815
Republic of Kosovo,2008-2012,2.566666666666666,0.15776977910083878,,,,0.28717402025853084,0.2308756681103245
Republic of Kosovo,2013-2017,152.10164633162628,0.5806007085989422,,,,0.2709120283792509,0.22884322635683815
Republic of Serbia,1973-1977,2.999999999999999,0.08424632992123315,,,,0.27520515347294855,0.22901721117518653
Republic of Serbia,1978-1982,1.0,0.0714285714285714,,,,0.2891861082862083,0.22422940460866872
Republic of Serbia,1983-1987,0.5,0.0714285714285714,,,,0.26408051080252964,0.21552684594487367
Republic of Serbia,1988-1992,21.166666666666664,0.23849517393237307,,,,0.2608418555255483,0.2757009991570048
Republic of Serbia,1993-1997,8.5,0.182191323770044,,,,0.24557021014643515,0.27107123843861186
Republic of Serbia,1998-2002,1.0,0.0714285714285714,,,,0.27282079664694203,0.2625174188578835
Republic of Serbia,2003-2007,2128.1047157120447,0.6193156610722034,,,,0.2596958358994229,0.23727412551345609
Republic of Serbia,2008-2012,16513.540010548797,0.7046065459838604,,,,0.28717402025853084,0.2308756681103245
Republic of Serbia,2013-2017,19704.675690988635,0.7923213396565415,,,,0.2709120283792509,0.22884322635683815
Reunion,1973-1977,5.0,0.08829966349287788,,,,0.27520515347294855,0.22901721117518653
Reunion,1978-1982,23.58333333333333,0.2142302363214582,,,,0.2891861082862083,0.22422940460866872
Reunion,1983-1987,25.116666666666664,0.18364961189203832,,,,0.26408051080252964,0.21552684594487367
Reunion,1988-1992,40.51285714285713,0.4484385861034673,,,,0.2608418555255483,0.2757009991570048
Reunion,1993-1997,82.18484848484847,0.3385703732689762,,,,0.24557021014643515,0.27107123843861186
Reunion,1998-2002,171.66679611238425,0.4634533437720342,,,,0.27282079664694203,0.2625174188578835
Reunion,2003-2007,184.44485791985772,0.4000583483955682,,,,0.2596958358994229,0.23727412551345609
Reunion,2008-2012,335.3063659056203,0.48901513849282563,,,,0.28717402025853084,0.2308756681103245
Reunion,2013-2017,353.80285575803623,0.43261096158168744,,,,0.2709120283792509,0.22884322635683815
Romania,1973-1977,4430.663524384105,0.44167510230301155,0.6587464,0.795327,,0.27520515347294855,0.22901721117518653
Romania,1978-1982,4473.237467108048,0.4220816019660776,0.6757516,0.7781988,,0.2891861082862083,0.22422940460866872
Romania,1983-1987,4793.479332187415,0.3943733521536059,0.739425,0.8121682,38413636364.0,0.26408051080252964,0.21552684594487367
Romania,1988-1992,3525.905036630033,0.3844896310929097,0.7419604,0.8882018,35206118478.2,0.2608418555255483,0.2757009991570048
Romania,1993-1997,5233.076059770127,0.3870322057543325,0.4802014,0.6590170000000001,33276928611.6,0.24557021014643515,0.27107123843861186
Romania,1998-2002,6726.592587423903,0.372581203396083,0.466204,0.5744342,40272217240.4,0.27282079664694203,0.2625174188578835
Romania,2003-2007,10069.395072279644,0.4648112547316995,0.4569272,0.6259696,105567993412.8,0.2596958358994229,0.23727412551345609
Romania,2008-2012,26408.541861160396,0.5743968801748205,0.7113278000000001,0.7698254,181856400000.0,0.28717402025853084,0.2308756681103245
Romania,2013-2017,29008.720183592977,0.6479511738819603,0.686829,0.7240840000000001,193731600000.0,0.2709120283792509,0.22884322635683815
Russia,1973-1977,134719.49525425528,0.4224044307691175,,,,0.27520515347294855,0.22901721117518653
Russia,1978-1982,161784.53323038106,0.45320754776393,,,,0.2891861082862083,0.22422940460866872
Russia,1983-1987,185158.75796950102,0.475634749510946,,,,0.26408051080252964,0.21552684594487367
Russia,1988-1992,182604.9466840807,0.5097740354733873,-0.09975,0.263466,,0.2608418555255483,0.2757009991570048
Russia,1993-1997,116731.18958423393,0.5203083460928424,0.2068308,0.4303318,,0.24557021014643515,0.27107123843861186
Russia,1998-2002,110767.07491606032,0.4946743765898821,0.5692358000000001,0.6922922,,0.27282079664694203,0.2625174188578835
Russia,2003-2007,100628.4234432788,0.5005126633472523,0.5792062,0.6367438,,0.2596958358994229,0.23727412551345609
Russia,2008-2012,115695.4597916196,0.4835641141248759,0.1478284,0.591104,,0.28717402025853084,0.2308756681103245
Russia,2013-2017,135491.33367080244,0.48843332286315955,0.5236484,0.5283306666666666,,0.2709120283792509,0.22884322635683815
Rwanda,1973-1977,15.916666666666664,0.1441133150172218,,,511094519.34,0.27520515347294855,0.22901721117518653
Rwanda,1978-1982,14.166666666666659,0.18864390931007813,,,1216825193.26,0.2891861082862083,0.22422940460866872
Rwanda,1983-1987,45.59999999999996,0.2298391257081891,,,1776974401.6,0.26408051080252964,0.21552684594487367
Rwanda,1988-1992,61.62987012987006,0.23812170663265686,,,2258265820.6,0.2608418555255483,0.2757009991570048
Rwanda,1993-1997,57.308881417090326,0.24111461314402882,,,1450518112.3,0.24557021014643515,0.27107123843861186
Rwanda,1998-2002,22.12976190476189,0.30190375999152563,,,1778834847.0,0.27282079664694203,0.2625174188578835
Rwanda,2003-2007,40.81884825700611,0.36406931298550593,,,2786037632.2,0.2596958358994229,0.23727412551345609
Rwanda,2008-2012,153.92723067460628,0.46300158539811165,,,6327863354.0,0.28717402025853084,0.2308756681103245
Rwanda,2013-2017,349.0254863362542,0.4992378946817452,,,8540091734.4,0.2709120283792509,0.22884322635683815
Saint-Vincent-et-les-Grenadines,1973-1977,0.5,0.0714285714285714,,,,0.27520515347294855,0.22901721117518653
Saint-Vincent-et-les-Grenadines,1993-1997,2.333333333333333,0.1295824142827886,,,,0.24557021014643515,0.27107123843861186
Saint-Vincent-et-les-Grenadines,1998-2002,0.3166666666666666,0.12811023995429582,,,,0.27282079664694203,0.2625174188578835
Saint-Vincent-et-les-Grenadines,2003-2007,0.809523809523808,0.08808887591251413,,,,0.2596958358994229,0.23727412551345609
Saint-Vincent-et-les-Grenadines,2008-2012,3.9602564102564095,0.19337743596318813,,,,0.28717402025853084,0.2308756681103245
Saint-Vincent-et-les-Grenadines,2013-2017,7.746825396825392,0.39095760168365723,,,,0.2709120283792509,0.22884322635683815
Samoa,1973-1977,13.5,0.0918555554133269,,,,0.27520515347294855,0.22901721117518653
Samoa,1978-1982,8.083333333333332,0.08816532866152649,,,121221651.6,0.2891861082862083,0.22422940460866872
Samoa,1983-1987,9.0,0.1822424518299922,,,105859540.316,0.26408051080252964,0.21552684594487367
Samoa,1988-1992,13.416666666666664,0.1657601084946636,,,127914238.34,0.2608418555255483,0.2757009991570048
Samoa,1993-1997,20.0,0.21849442810061614,,,222894259.53999996,0.24557021014643515,0.27107123843861186
Samoa,1998-2002,15.542857142857141,0.17086906729807316,,,271700447.74,0.27282079664694203,0.2625174188578835
Samoa,2003-2007,15.778381642512077,0.26234809871452647,,,460205694.12,0.2596958358994229,0.23727412551345609
Samoa,2008-2012,2.033333333333333,0.15844354156708584,,,673015907.8,0.28717402025853084,0.2308756681103245
Samoa,2013-2017,17.683707628763937,0.32727916082260344,,,789305832.22,0.2709120283792509,0.22884322635683815
San Marino,1973-1977,0.25,0.0714285714285714,,,,0.27520515347294855,0.22901721117518653
San Marino,1978-1982,1.0,0.0714285714285714,,,,0.2891861082862083,0.22422940460866872
San Marino,1983-1987,0.499999999999999,0.0714285714285714,,,,0.26408051080252964,0.21552684594487367
San Marino,1988-1992,3.75,0.14002915946337002,,,,0.2608418555255483,0.2757009991570048
San Marino,1993-1997,3.25,0.08935774244943084,,,,0.24557021014643515,0.27107123843861186
San Marino,1998-2002,5.055555555555555,0.1017362782047927,,,1089985189.0,0.27282079664694203,0.2625174188578835
San Marino,2003-2007,4.777777777777777,0.18705217966676757,,,1813593084.4,0.2596958358994229,0.23727412551345609
San Marino,2008-2012,10.777380952380948,0.36415078337537865,,,1949862265.0,0.28717402025853084,0.2308756681103245
San Marino,2013-2017,25.81683654509739,0.1968153833848405,,,1553848058.0,0.2709120283792509,0.22884322635683815
Sao Tome & Principe,1993-1997,0.25,0.0714285714285714,,,,0.24557021014643515,0.27107123843861186
Sao Tome & Principe,1998-2002,2.116666666666665,0.1533317382234599,,,,0.27282079664694203,0.2625174188578835
Sao Tome & Principe,2003-2007,2.583333333333333,0.17986017086739758,,,,0.2596958358994229,0.23727412551345609
Sao Tome & Principe,2008-2012,3.3852564102564098,0.14708451246634902,,,,0.28717402025853084,0.2308756681103245
Sao Tome & Principe,2013-2017,4.372320411843183,0.18118586286376426,,,,0.2709120283792509,0.22884322635683815
Saudi Arabia,1973-1977,180.41666666666666,0.4256102864034378,-1.723524,-0.5692238,49065526558.6,0.27520515347294855,0.22901721117518653
Saudi Arabia,1978-1982,1056.366666666666,0.5192315775756028,-2.100818,-0.114094,138839723897.0,0.2891861082862083,0.22422940460866872
Saudi Arabia,1983-1987,3217.4873015872977,0.5367250589114334,-0.6787054,0.27763140000000003,105070556782.6,0.26408051080252964,0.21552684594487367
Saudi Arabia,1988-1992,5065.530445431756,0.5273940990383412,-0.0563674,0.3140758,114108306809.0,0.2608418555255483,0.2757009991570048
Saudi Arabia,1993-1997,6265.178013653004,0.560879101684021,-0.03811,0.26372999999999996,147222400000.0,0.24557021014643515,0.27107123843861186
Saudi Arabia,1998-2002,5967.411253144321,0.5249462883934812,0.034643,0.2756036,174350000000.0,0.27282079664694203,0.2625174188578835
Saudi Arabia,2003-2007,5617.607948516506,0.5138616835502661,-0.0219414,0.3262378,319175000000.0,0.2596958358994229,0.23727412551345609
Saudi Arabia,2008-2012,12832.212360047783,0.5421889605994572,-0.19993640000000001,0.3145594,576863200000.0,0.28717402025853084,0.2308756681103245
Saudi Arabia,2013-2017,31835.03673009649,0.5901117798766893,0.3211112,0.35314766666666664,698157800000.0,0.2709120283792509,0.22884322635683815
Senegal,1973-1977,244.49999999999991,0.5833007191548927,-0.4125298,-0.8701736,2520187184.4,0.27520515347294855,0.22901721117518653
Senegal,1978-1982,317.5499999999999,0.5016802044569446,-0.39632860000000003,-1.01387,3951747863.8,0.2891861082862083,0.22422940460866872
Senegal,1983-1987,26.75,0.3810386119714152,-0.5244823999999999,-1.2133098,4474572160.4,0.26408051080252964,0.21552684594487367
Senegal,1988-1992,8.499999999999998,0.2535515555796548,-0.7493124,-1.5718299999999998,6896241459.6,0.2608418555255483,0.2757009991570048
Senegal,1993-1997,411.6231411361202,0.5365082915801704,-0.959928,-1.81962,6120478894.2,0.24557021014643515,0.27107123843861186
Senegal,1998-2002,507.582540632189,0.4303875259705484,-0.892624,-1.776962,6346424234.0,0.27282079664694203,0.2625174188578835
Senegal,2003-2007,534.4576923076913,0.5857625402746809,-0.8731452000000001,-1.3669740000000001,11201462212.8,0.2596958358994229,0.23727412551345609
Senegal,2008-2012,707.534991852015,0.6144400489164046,-0.8889166,-1.425176,17031099277.2,0.28717402025853084,0.2308756681103245
Senegal,2013-2017,899.889626294222,0.5587666539933293,-0.6133482,-1.2345133333333334,19314894199.2,0.2709120283792509,0.22884322635683815
Senegambia,1978-1982,64.80555555555553,0.4725562120363046,,,,0.2891861082862083,0.22422940460866872
Senegambia,1983-1987,465.1879329004325,0.564361614153086,,,,0.26408051080252964,0.21552684594487367
Senegambia,1988-1992,520.5452380952372,0.46355898451377653,,,,0.2608418555255483,0.2757009991570048
Senegambia,1993-1997,102.08565323565314,0.5138422258495015,,,,0.24557021014643515,0.27107123843861186
Serbia and Montenegro,1988-1992,1.0,0.0714285714285714,,,,0.2608418555255483,0.2757009991570048
Serbia and Montenegro,1998-2002,3.5,0.18146927374225164,,,,0.27282079664694203,0.2625174188578835
Serbia and Montenegro,2003-2007,2727.7745435395746,0.5496584523464503,,,,0.2596958358994229,0.23727412551345609
Seychelles,1973-1977,2.333333333333333,0.09648760604882667,,,48327860.216,0.27520515347294855,0.22901721117518653
Seychelles,1978-1982,21.249999999999996,0.19208590800051195,,,132597126.142,0.2891861082862083,0.22422940460866872
Seychelles,1983-1987,9.583333333333334,0.16565699600786188,,,184806259.0,0.26408051080252964,0.21552684594487367
Seychelles,1988-1992,6.5,0.2148410457482155,,,353054629.04,0.2608418555255483,0.2757009991570048
Seychelles,1993-1997,21.1047619047619,0.1732820791450801,,,506923368.2,0.24557021014643515,0.27107123843861186
Seychelles,1998-2002,18.21067323481115,0.2005422579759567,,,633202969.22,0.27282079664694203,0.2625174188578835
Seychelles,2003-2007,33.759523809523785,0.18506707832337244,,,902821576.1600001,0.2596958358994229,0.23727412551345609
Seychelles,2008-2012,38.16319444444439,0.312660779398815,,,982117353.0799999,0.28717402025853084,0.2308756681103245
Seychelles,2013-2017,64.3868682588203,0.2568154793993107,,,1399959813.8,0.2709120283792509,0.22884322635683815
Sierra Leone,1973-1977,87.33333333333333,0.3379421908785112,,,637966041.8199999,0.27520515347294855,0.22901721117518653
Sierra Leone,1978-1982,91.58333333333333,0.31714802763218997,,,1116196252.78,0.2891861082862083,0.22422940460866872
Sierra Leone,1983-1987,87.8095238095238,0.3805021340959923,,,826191144.96,0.26408051080252964,0.21552684594487367
Sierra Leone,1988-1992,67.87397504456327,0.4196027680593637,,,819536528.04,0.2608418555255483,0.2757009991570048
Sierra Leone,1993-1997,52.017857142857125,0.3336118314693891,,,868689446.24,0.24557021014643515,0.27107123843861186
Sierra Leone,1998-2002,18.44358974358974,0.2550625720220998,,,864288586.0799999,0.27282079664694203,0.2625174188578835
Sierra Leone,2003-2007,17.141774891774887,0.2652576355622568,,,1705690029.0,0.2596958358994229,0.23727412551345609
Sierra Leone,2008-2012,52.00107323232317,0.4191856637740775,,,2856358848.2,0.28717402025853084,0.2308756681103245
Sierra Leone,2013-2017,133.2875766036709,0.30738057471748426,,,4313719477.8,0.2709120283792509,0.22884322635683815
Singapore,1973-1977,704.9011904761903,0.5923559082366292,0.3202906,0.7978148,5499417053.4,0.27520515347294855,0.22901721117518653
Singapore,1978-1982,849.2355519480518,0.522510808563492,0.2197184,0.876741,11793967216.8,0.2891861082862083,0.22422940460866872
Singapore,1983-1987,2090.377777777777,0.6528702684969288,0.5651042000000001,1.086558,19239193525.8,0.26408051080252964,0.21552684594487367
Singapore,1988-1992,3784.19393749525,0.6548188191302959,0.749071,1.219192,37915518588.0,0.2608418555255483,0.2757009991570048
Singapore,1993-1997,8032.011461326672,0.5743017268733339,0.98643,1.343842,83705040765.2,0.24557021014643515,0.27107123843861186
Singapore,1998-2002,14931.966258704791,0.5913543498342373,1.423614,1.32883,90084029002.6,0.27282079664694203,0.2625174188578835
Singapore,2003-2007,24145.729275244594,0.623302417073021,1.553412,1.323788,134012089656.8,0.2596958358994229,0.23727412551345609
Singapore,2008-2012,31789.21054734946,0.6815555023661483,1.610998,1.287846,240402200000.0,0.28717402025853084,0.2308756681103245
Singapore,2013-2017,39621.096501780616,0.7436343222101802,1.76799,1.27847,318189200000.0,0.2709120283792509,0.22884322635683815
Slovakia,1973-1977,0.5,0.0714285714285714,,,,0.27520515347294855,0.22901721117518653
Slovakia,1983-1987,1.0,0.0714285714285714,,,,0.26408051080252964,0.21552684594487367
Slovakia,1988-1992,141.69999999999985,0.28223215268769375,,,,0.2608418555255483,0.2757009991570048
Slovakia,1993-1997,6854.539222069358,0.6097834052975286,1.2309860000000001,1.065428,,0.24557021014643515,0.27107123843861186
Slovakia,1998-2002,7518.950357708834,0.6456812228913713,1.232526,1.057172,,0.27282079664694203,0.2625174188578835
Slovakia,2003-2007,7908.637882493413,0.6546481696990335,1.2371240000000001,1.054234,,0.2596958358994229,0.23727412551345609
Slovakia,2008-2012,10014.652253338241,0.7114744118674564,1.319008,1.0806499999999999,,0.28717402025853084,0.2308756681103245
Slovakia,2013-2017,11535.238412907445,0.7366681818659088,1.285438,1.0318133333333332,,0.2709120283792509,0.22884322635683815
Slovenia,1983-1987,1.0,0.0714285714285714,,,,0.26408051080252964,0.21552684594487367
Slovenia,1988-1992,105.5537037037036,0.2792843001560543,1.43562,1.19885,14854316936.0,0.2608418555255483,0.2757009991570048
Slovenia,1993-1997,3308.958328541234,0.6462452647938322,1.378892,1.106766,18386220045.8,0.24557021014643515,0.27107123843861186
Slovenia,1998-2002,5729.292662271678,0.6688562425248821,1.385898,1.11737,21902688590.4,0.27282079664694203,0.2625174188578835
Slovenia,2003-2007,8108.967881592497,0.7536213592608441,1.4924579999999998,1.13966,37548662388.4,0.2596958358994229,0.23727412551345609
Slovenia,2008-2012,12900.83998884886,0.6923487059387201,1.417894,1.0995899999999998,50435728202.6,0.28717402025853084,0.2308756681103245
Slovenia,2013-2017,13187.7215427565,0.6926812700338822,1.4302119999999998,1.0035806666666667,46927192829.2,0.2709120283792509,0.22884322635683815
Solomon Islands,1973-1977,19.5,0.16502976215296428,,,78134936.95199999,0.27520515347294855,0.22901721117518653
Solomon Islands,1978-1982,23.83333333333333,0.22591326521240085,,,161353400.88,0.2891861082862083,0.22422940460866872
Solomon Islands,1983-1987,17.666666666666664,0.25145826234059476,,,222935442.28000003,0.26408051080252964,0.21552684594487367
Solomon Islands,1988-1992,18.785714285714285,0.2607748985689754,,,328923839.86,0.2608418555255483,0.2757009991570048
Solomon Islands,1993-1997,18.349999999999998,0.15278156356879147,,,505619444.96000004,0.24557021014643515,0.27107123843861186
Solomon Islands,1998-2002,26.570238095238075,0.15969925704934929,,,426124009.92,0.27282079664694203,0.2625174188578835
Solomon Islands,2003-2007,15.770833333333325,0.35116638821959256,,,418907936.62,0.2596958358994229,0.23727412551345609
Solomon Islands,2008-2012,21.685353535353514,0.36311409569034303,,,776750182.52,0.28717402025853084,0.2308756681103245
Solomon Islands,2013-2017,34.86571008861256,0.3805207856646946,,,1199359283.0,0.2709120283792509,0.22884322635683815
Somalia,1973-1977,4.166666666666666,0.16261255665180008,,,598256553.72,0.27520515347294855,0.22901721117518653
Somalia,1978-1982,24.91666666666666,0.22523972343901144,,,646506081.62,0.2891861082862083,0.22422940460866872
Somalia,1983-1987,29.492857142857133,0.33310841305293926,,,867744925.26,0.26408051080252964,0.21552684594487367
Somalia,1988-1992,46.95757575757572,0.22635144647229433,,,1015909491.6666666,0.2608418555255483,0.2757009991570048
Somalia,1993-1997,9.083333333333323,0.18999541561235078,,,,0.24557021014643515,0.27107123843861186
Somalia,1998-2002,1.8,0.10877145878093641,,,,0.27282079664694203,0.2625174188578835
Somalia,2003-2007,1.783333333333333,0.1096860764123957,,,,0.2596958358994229,0.23727412551345609
Somalia,2008-2012,4.876623376623374,0.2029423574986463,,,,0.28717402025853084,0.2308756681103245
Somalia,2013-2017,18.167851120772905,0.21612251803545068,,,,0.2709120283792509,0.22884322635683815
South Africa,1973-1977,7777.89572829131,0.6713644304822574,-0.2631928,0.42707459999999997,36294527699.6,0.27520515347294855,0.22901721117518653
South Africa,1978-1982,10653.524696969685,0.6573923644503409,-0.125504,0.3140576,70248626932.2,0.2891861082862083,0.22422940460866872
South Africa,1983-1987,13949.925599283104,0.6777369926432621,-0.1702548,0.2679928,75987576572.2,0.26408051080252964,0.21552684594487367
South Africa,1988-1992,15834.68093506175,0.673932958105707,-0.2193044,0.2440274,113649499558.6,0.2608418555255483,0.2757009991570048
South Africa,1993-1997,15699.378905335754,0.6982600953834583,0.13425020000000001,0.37297980000000003,145943000000.0,0.24557021014643515,0.27107123843861186
South Africa,1998-2002,15598.301725616995,0.7226277322865541,0.1708272,0.5081125999999999,129553000000.0,0.27282079664694203,0.2625174188578835
South Africa,2003-2007,18756.917350452404,0.690319833831611,0.1585688,0.5659254,246534800000.0,0.2596958358994229,0.23727412551345609
South Africa,2008-2012,30342.39060964612,0.692081833225362,0.0657454,0.415399,354161400000.0,0.28717402025853084,0.2308756681103245
South Africa,2013-2017,41630.64950571408,0.697798909663319,0.0920142,0.2528493333333333,336253200000.0,0.2709120283792509,0.22884322635683815
South Korea,1973-1977,211.24285714285708,0.6085205155826576,0.7696558,0.8897682,,0.27520515347294855,0.22901721117518653
South Korea,1978-1982,764.8874999999995,0.6230982136841452,0.8459724,0.9258706,,0.2891861082862083,0.22422940460866872
South Korea,1983-1987,2575.0404645191365,0.4966421521505672,0.911227,1.079914,,0.26408051080252964,0.21552684594487367
South Korea,1988-1992,7253.120983425971,0.45180157449435776,0.8993990000000001,1.178054,,0.2608418555255483,0.2757009991570048
South Korea,1993-1997,25144.442431761156,0.484094181893157,0.9598053999999999,1.245044,,0.24557021014643515,0.27107123843861186
South Korea,1998-2002,61138.850113525565,0.5107111605322514,1.174422,1.273546,,0.27282079664694203,0.2625174188578835
South Korea,2003-2007,111920.59748315682,0.5707168598924602,1.413062,1.334392,,0.2596958358994229,0.23727412551345609
South Korea,2008-2012,178176.97182898145,0.6680335882245578,1.59047,1.3479199999999998,,0.28717402025853084,0.2308756681103245
South Korea,2013-2017,237388.31410431303,0.7467850765285671,1.7712499999999998,1.4274833333333332,,0.2709120283792509,0.22884322635683815
South Sudan,2013-2017,10.706959706959694,0.2312123624395479,,,14795494208.0,0.2709120283792509,0.22884322635683815
Spain,1973-1977,8364.974999999991,0.5347239826291337,0.9166902,0.9984006000000001,108329306463.8,0.27520515347294855,0.22901721117518653
Spain,1978-1982,17161.21937547744,0.5297406395918564,1.0511279999999998,0.9809778,201354800000.0,0.2891861082862083,0.22422940460866872
Spain,1983-1987,28698.86261615477,0.6067849582346518,1.148222,1.0906382000000001,218783200000.0,0.26408051080252964,0.21552684594487367
Spain,1988-1992,44244.68853784548,0.6877358235474523,1.177284,1.129702,507111600000.0,0.2608418555255483,0.2757009991570048
Spain,1993-1997,69905.63884706386,0.7086753294324217,1.221972,1.0803280000000002,580582800000.0,0.24557021014643515,0.27107123843861186
Spain,1998-2002,93938.86096738458,0.7506018781265824,1.10953,1.058986,636693400000.0,0.27282079664694203,0.2625174188578835
Spain,2003-2007,123140.41718743189,0.8378616096981488,1.03419,1.027805,1171468400000.0,0.2596958358994229,0.23727412551345609
Spain,2008-2012,176625.2416052214,0.8693290160820575,0.9754234,0.9448804,1467022000000.0,0.28717402025853084,0.2308756681103245
Spain,2013-2017,203650.74964049523,0.8378905189917055,0.7599962,0.8261146666666667,1292782000000.0,0.2709120283792509,0.22884322635683815
Sri Lanka,1973-1977,368.1249999999999,0.5589093105255712,-0.9346232000000001,-1.361408,3587467810.4,0.27520515347294855,0.22901721117518653
Sri Lanka,1978-1982,460.98333333333323,0.5423310771777647,-0.6505804,-0.986251,3861405272.4,0.2891861082862083,0.22422940460866872
Sri Lanka,1983-1987,477.40757575757556,0.5953080523738712,-0.5676144,-0.7113668000000001,6055445360.2,0.26408051080252964,0.21552684594487367
Sri Lanka,1988-1992,589.542099567099,0.5673909221969701,-0.47380380000000005,-0.6265143999999999,8140312931.2,0.2608418555255483,0.2757009991570048
Sri Lanka,1993-1997,473.7877917833796,0.5846312683681677,-0.6824142,-0.5270028,12815126733.0,0.24557021014643515,0.27107123843861186
Sri Lanka,1998-2002,582.9788113695084,0.5798230233032032,-0.6110599999999999,-0.5171922,16013680867.8,0.27282079664694203,0.2625174188578835
Sri Lanka,2003-2007,900.1662761009934,0.6123198594905359,-0.5386698,-0.41482220000000003,24916029151.8,0.2596958358994229,0.23727412551345609
Sri Lanka,2008-2012,1474.3861260035246,0.6430053953490642,-0.42610960000000003,-0.180355,54646588344.8,0.28717402025853084,0.2308756681103245
Sri Lanka,2013-2017,2088.336927728891,0.6038582445164338,-0.7657993999999999,-0.24710666666666667,80821500267.2,0.2709120283792509,0.22884322635683815
St-Lucia,1973-1977,2.5,0.11406725154132868,,,,0.27520515347294855,0.22901721117518653
St-Lucia,1988-1992,6.333333333333326,0.23030193945712063,,,,0.2608418555255483,0.2757009991570048
St-Lucia,1993-1997,12.199999999999998,0.3026061132709713,,,,0.24557021014643515,0.27107123843861186
St-Lucia,1998-2002,5.166666666666665,0.14469602936254533,,,,0.27282079664694203,0.2625174188578835
St-Lucia,2003-2007,2.5357142857142834,0.13146531374069625,,,,0.2596958358994229,0.23727412551345609
St-Lucia,2008-2012,3.1809523809523794,0.20110250144087172,,,,0.28717402025853084,0.2308756681103245
St-Lucia,2013-2017,12.879348798472767,0.38329190377877187,,,,0.2709120283792509,0.22884322635683815
Sudan,1973-1977,432.5333333333333,0.45740069709009734,-1.1535060000000001,-1.382886,5889600000.0,0.27520515347294855,0.22901721117518653
Sudan,1978-1982,528.935714285714,0.48748435186856975,-1.192858,-1.507358,8683816666.6,0.2891861082862083,0.22422940460866872
Sudan,1983-1987,599.8385281385274,0.41730976422492716,-1.0095152,-1.816394,13251972475.6,0.26408051080252964,0.21552684594487367
Sudan,1988-1992,481.1191409897286,0.47164910864877796,-0.9963458,-1.811524,12302552816.0,0.2608418555255483,0.2757009991570048
Sudan,1993-1997,329.49206349206304,0.4235291820190602,-0.9552166,-1.971212,11241092166.4,0.24557021014643515,0.27107123843861186
Sudan,1998-2002,304.4619047619044,0.4086519797054926,-1.35052,-2.15065,12435192089.8,0.27282079664694203,0.2625174188578835
Sudan,2003-2007,357.6876068376065,0.3750349821109964,-1.8017139999999998,-2.1728180000000004,29469973894.0,0.2596958358994229,0.23727412551345609
Sudan,2008-2012,729.4658343350334,0.5613157733098052,-1.87302,-2.352804,55376460676.8,0.28717402025853084,0.2308756681103245
Sudan,2013-2017,830.0018173837651,0.5658130395841956,-1.6695360000000001,-3.3066100000000005,58823606106.0,0.2709120283792509,0.22884322635683815
Suriname,1973-1977,17.916666666666654,0.16050774538385804,,,472360000.0,0.27520515347294855,0.22901721117518653
Suriname,1978-1982,17.416666666666657,0.23350236795273382,,,823400000.0,0.2891861082862083,0.22422940460866872
Suriname,1983-1987,9.366666666666667,0.12320703988579385,,,898300000.0,0.26408051080252964,0.21552684594487367
Suriname,1988-1992,13.993589743589725,0.1583463882810895,,,588940000.0,0.2608418555255483,0.2757009991570048
Suriname,1993-1997,11.37619047619047,0.11121240529022047,,,702736342.4399999,0.24557021014643515,0.27107123843861186
Suriname,1998-2002,16.44761904761904,0.17199391722641832,,,974533298.64,0.27282079664694203,0.2625174188578835
Suriname,2003-2007,21.560714285714273,0.24854684883038125,,,2022932807.6,0.2596958358994229,0.23727412551345609
Suriname,2008-2012,21.91491702741701,0.3700036742301991,,,4235810708.2,0.28717402025853084,0.2308756681103245
Suriname,2013-2017,57.180147518741684,0.516849841837725,,,4302549921.6,0.2709120283792509,0.22884322635683815
Swaziland,1973-1977,12.333333333333332,0.32758315227745227,,,,0.27520515347294855,0.22901721117518653
Swaziland,1978-1982,24.483333333333327,0.3259866576102477,,,,0.2891861082862083,0.22422940460866872
Swaziland,1983-1987,33.45833333333333,0.2985234227102076,,,,0.26408051080252964,0.21552684594487367
Swaziland,1988-1992,38.15555555555555,0.29221931782230215,,,,0.2608418555255483,0.2757009991570048
Swaziland,1993-1997,38.5,0.48589406206182295,,,,0.24557021014643515,0.27107123843861186
Swaziland,1998-2002,44.15589133089132,0.4745245397344733,,,,0.27282079664694203,0.2625174188578835
Swaziland,2003-2007,45.1010006901311,0.3564828667095613,,,,0.2596958358994229,0.23727412551345609
Swaziland,2008-2012,92.39922854922845,0.44883965896780464,,,,0.28717402025853084,0.2308756681103245
Swaziland,2013-2017,95.95245842800979,0.5351765311572512,,,,0.2709120283792509,0.22884322635683815
Sweden,1973-1977,24164.9302632008,0.6615566304053688,1.9074380000000002,1.5420099999999999,78426903140.6,0.27520515347294855,0.22901721117518653
Sweden,1978-1982,31067.644553790076,0.7198390683913996,1.9237739999999999,1.44663,122797600000.0,0.2891861082862083,0.22422940460866872
Sweden,1983-1987,39695.88728161391,0.733969889516056,1.9783439999999999,1.440774,132369400000.0,0.26408051080252964,0.21552684594487367
Sweden,1988-1992,44648.32191195766,0.7355992483025096,2.164732,1.4721959999999998,249066200000.0,0.2608418555255483,0.2757009991570048
Sweden,1993-1997,52734.25627943113,0.7595731455973458,2.167962,1.394932,253836600000.0,0.24557021014643515,0.27107123843861186
Sweden,1998-2002,57837.08377546839,0.786640302101594,1.9865560000000002,1.3662480000000001,263392200000.0,0.27282079664694203,0.2625174188578835
Sweden,2003-2007,60419.039335420486,0.7989473014853323,2.015166,1.341048,405203800000.0,0.2596958358994229,0.23727412551345609
Sweden,2008-2012,66359.17788567462,0.8087938496006077,1.8014379999999999,1.240752,515326800000.0,0.28717402025853084,0.2308756681103245
Sweden,2013-2017,78520.09943190862,0.7985485462433828,1.7985659999999999,1.1327966666666667,546116800000.0,0.2709120283792509,0.22884322635683815
Switzerland,1973-1977,21867.947153255205,0.6946398774473792,1.8339279999999998,1.6317160000000002,60929026980.0,0.27520515347294855,0.22901721117518653
Switzerland,1978-1982,28891.002144505772,0.6998492128586438,1.906914,1.548706,110134246868.0,0.2891861082862083,0.22422940460866872
Switzerland,1983-1987,31778.16159870558,0.7486019400122822,1.998776,1.53183,134662600000.0,0.26408051080252964,0.21552684594487367
Switzerland,1988-1992,34782.547174618165,0.7810051342641334,2.195658,1.5852439999999999,240474400000.0,0.2608418555255483,0.2757009991570048
Switzerland,1993-1997,43111.804671688835,0.7883054038447697,2.260222,1.548966,303245600000.0,0.24557021014643515,0.27107123843861186
Switzerland,1998-2002,48221.618671472126,0.8231516221570248,2.206492,1.503208,287412000000.0,0.27282079664694203,0.2625174188578835
Switzerland,2003-2007,54779.41679160743,0.863179821030039,2.0604880000000003,1.45076,413320400000.0,0.2596958358994229,0.23727412551345609
Switzerland,2008-2012,67120.7632847864,0.8822797943221383,1.944884,1.40213,609455400000.0,0.28717402025853084,0.2308756681103245
Switzerland,2013-2017,79294.71958616356,0.8917339069544014,2.13389,1.3770699999999998,685755600000.0,0.2709120283792509,0.22884322635683815
Syria,1973-1977,22.98333333333333,0.3215528069823149,0.156632,0.05176399999999999,,0.27520515347294855,0.22901721117518653
Syria,1978-1982,35.583333333333314,0.3752902699233427,-0.0014250000000000096,0.04670479999999999,,0.2891861082862083,0.22422940460866872
Syria,1983-1987,97.16666666666664,0.3225696191235762,-0.3193562,-0.24131779999999997,,0.26408051080252964,0.21552684594487367
Syria,1988-1992,207.03333333333325,0.33109942794940816,-0.5365757999999999,-0.5359102,,0.2608418555255483,0.2757009991570048
Syria,1993-1997,313.96868686868623,0.30238642907037483,-0.9431955999999999,-0.8400366,,0.24557021014643515,0.27107123843861186
Syria,1998-2002,375.1634920634916,0.4358761870478084,-1.0566939999999998,-0.709021,,0.27282079664694203,0.2625174188578835
Syria,2003-2007,512.153977380772,0.4299563877642425,-0.786583,-0.6554996,,0.2596958358994229,0.23727412551345609
Syria,2008-2012,862.2773605432967,0.4667660360029997,-0.5514435,-0.529726,,0.28717402025853084,0.2308756681103245
Syria,2013-2017,812.8109915683119,0.5747361989052557,-0.6892585,,,0.2709120283792509,0.22884322635683815
Taiwan,1973-1977,1355.1035714285706,0.5935750736251056,,,,0.27520515347294855,0.22901721117518653
Taiwan,1978-1982,2298.202380952379,0.5619104105727708,,,,0.2891861082862083,0.22422940460866872
Taiwan,1983-1987,4798.175490196073,0.5675877282869298,,,,0.26408051080252964,0.21552684594487367
Taiwan,1988-1992,13403.334627074473,0.4904397126917638,,,,0.2608418555255483,0.2757009991570048
Taiwan,1993-1997,30654.984963762152,0.5466381327318408,,,,0.24557021014643515,0.27107123843861186
Taiwan,1998-2002,45775.7956856222,0.607909288557222,,,,0.27282079664694203,0.2625174188578835
Taiwan,2003-2007,72986.4537954212,0.6596514186934784,,,,0.2596958358994229,0.23727412551345609
Taiwan,2008-2012,110835.6330586841,0.6857039289078046,,,,0.28717402025853084,0.2308756681103245
Taiwan,2013-2017,111272.347148062,0.7449132236034841,,,,0.2709120283792509,0.22884322635683815
Tajikistan,1988-1992,40.83333333333333,0.33471731544603267,,,2357787395.6666665,0.2608418555255483,0.2757009991570048
Tajikistan,1993-1997,244.64999999999984,0.3831585287516551,,,1273101231.9,0.24557021014643515,0.27107123843861186
Tajikistan,1998-2002,143.86190476190464,0.32737158786339526,,,1113851634.66,0.27282079664694203,0.2625174188578835
Tajikistan,2003-2007,118.28888888888885,0.22555600364215012,,,2498707675.8,0.2596958358994229,0.23727412551345609
Tajikistan,2008-2012,152.20180375180365,0.4173628878852067,,,5987755978.2,0.28717402025853084,0.2308756681103245
Tajikistan,2013-2017,168.92186499137705,0.4195125409270387,-1.10517,,7905232020.2,0.2709120283792509,0.22884322635683815
Tanzania,1973-1977,323.44999999999993,0.39477159970733167,-1.208504,-1.3616920000000001,,0.27520515347294855,0.22901721117518653
Tanzania,1978-1982,398.05995670995634,0.5663381044829389,-0.979696,-1.268492,,0.2891861082862083,0.22422940460866872
Tanzania,1983-1987,473.8206349206345,0.46110917707696875,-1.0049586,-1.335078,,0.26408051080252964,0.21552684594487367
Tanzania,1988-1992,495.2769591519586,0.47544546737656235,-1.159146,-1.216282,4667463736.0,0.2608418555255483,0.2757009991570048
Tanzania,1993-1997,627.7213956794826,0.42029922756003146,-1.229442,-1.41665,5640763707.6,0.24557021014643515,0.27107123843861186
Tanzania,1998-2002,627.0986148805212,0.5222027820558997,-1.2478159999999998,-1.632934,13216263566.2,0.27282079664694203,0.2625174188578835
Tanzania,2003-2007,845.712467174539,0.45939704310242313,-1.17683,-1.416212,18158474282.2,0.2596958358994229,0.23727412551345609
Tanzania,2008-2012,1275.7314645652639,0.48128962409517606,-0.9886315999999999,-1.0305994,32668904453.4,0.28717402025853084,0.2308756681103245
Tanzania,2013-2017,1868.066523117475,0.5000164875724247,-0.9655280000000002,-1.1055553333333334,49223713483.0,0.2709120283792509,0.22884322635683815
Thailand,1973-1977,804.5333333333331,0.4634376111238546,-0.5093752,-0.3429636,15237772431.8,0.27520515347294855,0.22901721117518653
Thailand,1978-1982,1520.2348304473276,0.5416946982232443,-0.1949792,-0.07827379999999999,31033523141.4,0.2891861082862083,0.22422940460866872
Thailand,1983-1987,1751.6752747252713,0.574862997034818,-0.1517918,0.2533688,42874659347.4,0.26408051080252964,0.21552684594487367
Thailand,1988-1992,1743.6138750138718,0.5785866320872066,0.0304346,0.5311058,85789767386.6,0.2608418555255483,0.2757009991570048
Thailand,1993-1997,2351.318117142063,0.6114597884153128,0.1290756,0.7938574,155613400000.0,0.24557021014643515,0.27107123843861186
Thailand,1998-2002,4443.67698227077,0.599065697860361,0.3188322,0.8211185999999999,124266800000.0,0.27282079664694203,0.2625174188578835
Thailand,2003-2007,9451.178083412333,0.6398458560882697,0.4504766,0.8963972,199839200000.0,0.2596958358994229,0.23727412551345609
Thailand,2008-2012,19597.30297644955,0.6463813655247349,0.7377705999999999,0.9803664,336515000000.0,0.28717402025853084,0.2308756681103245
Thailand,2013-2017,26025.716675429958,0.6653187515986558,0.757057,0.972616,419738600000.0,0.2709120283792509,0.22884322635683815
Togo,1973-1977,36.5,0.3525366427865533,-0.7101333999999999,-1.198216,596209894.58,0.27520515347294855,0.22901721117518653
Togo,1978-1982,34.58333333333333,0.19705413370558333,-1.272062,-1.6822760000000003,927289496.36,0.2891861082862083,0.22422940460866872
Togo,1983-1987,32.65833333333332,0.3620939722977966,-1.500756,-1.970994,911253227.5799999,0.26408051080252964,0.21552684594487367
Togo,1988-1992,60.97777777777776,0.2555733450205381,-1.161627,-1.6282219999999998,1531096727.6,0.2608418555255483,0.2757009991570048
Togo,1993-1997,68.79583333333332,0.22607075755581518,-1.170042,-1.833586,1297980648.9,0.24557021014643515,0.27107123843861186
Togo,1998-2002,100.45540935672511,0.40240725569722413,-0.8477520000000001,-1.4421932,1566289365.0,0.27282079664694203,0.2625174188578835
Togo,2003-2007,90.24167221667213,0.3604539379177546,-0.8235526,-1.1428824,2331240399.8,0.2596958358994229,0.23727412551345609
Togo,2008-2012,130.89397729886844,0.4079684208463684,-0.8226696,-1.3438746,3570243771.4,0.28717402025853084,0.2308756681103245
Togo,2013-2017,143.786253777498,0.4815042172173556,-0.567096,-1.2015099999999999,4476887508.6,0.2709120283792509,0.22884322635683815
Tonga,1973-1977,2.5,0.11406725154132868,,,32227515.52333333,0.27520515347294855,0.22901721117518653
Tonga,1978-1982,5.25,0.19652942341048563,,,52760945.102,0.2891861082862083,0.22422940460866872
Tonga,1983-1987,5.06111111111111,0.16464034802732053,,,67006794.174,0.26408051080252964,0.21552684594487367
Tonga,1988-1992,2.730158730158728,0.17636713838239249,,,119166675.2,0.2608418555255483,0.2757009991570048
Tonga,1993-1997,4.677777777777777,0.16242862967230154,,,193310307.22,0.24557021014643515,0.27107123843861186
Tonga,1998-2002,3.908333333333333,0.15543092012028947,,,190343798.56,0.27282079664694203,0.2625174188578835
Tonga,2003-2007,4.788034188034187,0.1926783884403086,,,257671668.9,0.2596958358994229,0.23727412551345609
Tonga,2008-2012,5.83571428571428,0.2374437963869911,,,386501256.94,0.28717402025853084,0.2308756681103245
Tonga,2013-2017,7.858660611433481,0.26194307722376653,,,432263819.88,0.2709120283792509,0.22884322635683815
Trinidad and Tobago,1973-1977,217.58333333333331,0.31903315151167455,-0.08461279999999999,0.0601112,2286515236.8,0.27520515347294855,0.22901721117518653
Trinidad and Tobago,1978-1982,280.8944444444443,0.43763243774968386,-0.3494376,0.047778,5906616683.2,0.2891861082862083,0.22422940460866872
Trinidad and Tobago,1983-1987,361.3166666666665,0.5028131538523715,-0.1033712,-0.0407628,6497794784.4,0.26408051080252964,0.21552684594487367
Trinidad and Tobago,1988-1992,351.3999999999998,0.5153202238088406,0.1436294,0.059073,4927073944.0,0.2608418555255483,0.2757009991570048
Trinidad and Tobago,1993-1997,357.4626845376844,0.5338877433178575,0.1091704,-0.10844420000000002,5288639519.4,0.24557021014643515,0.27107123843861186
Trinidad and Tobago,1998-2002,407.51843434343385,0.5954761434642502,0.0664454,-0.15855239999999998,7768032412.8,0.27282079664694203,0.2625174188578835
Trinidad and Tobago,2003-2007,492.1381940523241,0.5249071192605332,-0.012125800000000003,-0.5317959999999999,16115799706.2,0.2596958358994229,0.23727412551345609
Trinidad and Tobago,2008-2012,592.5727722454153,0.6366292279608654,-0.6273251999999999,-1.1441645999999999,24079586496.8,0.28717402025853084,0.2308756681103245
Trinidad and Tobago,2013-2017,559.5033477499368,0.6446532142485939,-0.1483736,,24941364897.2,0.2709120283792509,0.22884322635683815
Tunisia,1973-1977,163.26666666666657,0.5048381719662699,-0.1482054,-0.2081998,4044516928.2,0.27520515347294855,0.22901721117518653
Tunisia,1978-1982,350.9999999999999,0.5473488681135869,-0.0905854,-0.1142064,7692457012.8,0.2891861082862083,0.22422940460866872
Tunisia,1983-1987,568.0409090909087,0.553169325912135,0.08671,0.13494520000000002,8745932335.0,0.26408051080252964,0.21552684594487367
Tunisia,1988-1992,1015.2526394240668,0.4495268475151786,-0.0023578000000000036,0.13166519999999998,12212201028.4,0.2608418555255483,0.2757009991570048
Tunisia,1993-1997,1241.4556417433807,0.5347016421591504,-0.262347,-0.0099712,17721194027.0,0.24557021014643515,0.27107123843861186
Tunisia,1998-2002,2203.968850660921,0.4944514136117061,-0.309892,-0.1018554,22285728529.0,0.27282079664694203,0.2625174188578835
Tunisia,2003-2007,4747.068540921212,0.5211516916335761,-0.1777832,0.1560476,32839147680.4,0.2596958358994229,0.23727412551345609
Tunisia,2008-2012,9644.534184565735,0.5531136269425796,0.12815320000000002,0.30544099999999996,44643438172.8,0.28717402025853084,0.2308756681103245
Tunisia,2013-2017,13026.33334067326,0.5583954862042018,-0.1112136,0.295385,43732101887.4,0.2709120283792509,0.22884322635683815
Turkey,1973-1977,938.8595238095235,0.6359645355461878,-0.1765306,-0.2165772,43182990189.0,0.27520515347294855,0.22901721117518653
Turkey,1978-1982,1351.1261904761898,0.6267541006242117,-0.002320600000000006,-0.177815,71783350086.2,0.2891861082862083,0.22422940460866872
Turkey,1983-1987,2193.97857142857,0.6666091166500631,0.2187122,0.2748448,70360787465.8,0.26408051080252964,0.21552684594487367
Turkey,1988-1992,4830.569931776613,0.6625719780835728,0.1798382,0.42257239999999996,131431762801.0,0.2608418555255483,0.2757009991570048
Turkey,1993-1997,12147.514078501697,0.6229661815523675,0.0668294,0.3721294,170331400000.0,0.24557021014643515,0.27107123843861186
Turkey,1998-2002,27375.66088123943,0.6663063446442608,0.0820546,0.4552826,248662400000.0,0.27282079664694203,0.2625174188578835
Turkey,2003-2007,65413.12953439445,0.7212132118004377,0.27736,0.5653812,489256600000.0,0.2596958358994229,0.23727412551345609
Turkey,2008-2012,103408.48778656403,0.767560637687057,0.4309112,0.6378858000000001,777476800000.0,0.28717402025853084,0.2308756681103245
Turkey,2013-2017,123751.17112803672,0.7920549049233506,0.22530160000000002,0.631861,892192200000.0,0.2709120283792509,0.22884322635683815
Turkmenistan,1988-1992,11.583333333333332,0.21820607140262283,-0.53812,-1.27932,3123229801.4,0.2608418555255483,0.2757009991570048
Turkmenistan,1993-1997,61.72619047619047,0.315754858194052,-0.7811432,-1.2813880000000002,2610336521.2,0.24557021014643515,0.27107123843861186
Turkmenistan,1998-2002,20.260317460317456,0.42668355297889815,-0.9323066000000001,-0.9048598,3191539511.8,0.27282079664694203,0.2625174188578835
Turkmenistan,2003-2007,13.96666666666666,0.23878695094847335,-0.8967166000000001,-0.985881,8772130685.8,0.2596958358994229,0.23727412551345609
Turkmenistan,2008-2012,25.11904761904761,0.15514416828926947,-0.9171676,-1.3987159999999998,25293322179.6,0.28717402025853084,0.2308756681103245
Turkmenistan,2013-2017,29.31071428571426,0.18990766140497595,-1.3170866666666667,,38525550877.2,0.2709120283792509,0.22884322635683815
Tuvalu,1978-1982,0.5,0.0714285714285714,,,,0.2891861082862083,0.22422940460866872
Tuvalu,1988-1992,3.0,0.0714285714285714,,,9310854.375,0.2608418555255483,0.2757009991570048
Tuvalu,1993-1997,1.0,0.0714285714285714,,,11315857.0668,0.24557021014643515,0.27107123843861186
Tuvalu,1998-2002,2.0,0.12608254784903927,,,13766874.044,0.27282079664694203,0.2625174188578835
Tuvalu,2003-2007,0.583333333333333,0.09502201033761071,,,22307668.904,0.2596958358994229,0.23727412551345609
Tuvalu,2008-2012,0.0666666666666666,0.0714285714285714,,,33119679.912,0.28717402025853084,0.2308756681103245
Tuvalu,2013-2017,1.893478260869565,0.14380955130459194,,,37491761.688,0.2709120283792509,0.22884322635683815
Uganda,1973-1977,376.4444444444441,0.3810196237136546,,,2309197961.0,0.27520515347294855,0.22901721117518653
Uganda,1978-1982,180.2285714285714,0.412651005278603,,,1863739174.0,0.2891861082862083,0.22422940460866872
Uganda,1983-1987,139.6742424242424,0.4225167790405314,,,3913678177.2,0.26408051080252964,0.21552684594487367
Uganda,1988-1992,153.99015151515144,0.3201166166406235,,,4453799684.2,0.2608418555255483,0.2757009991570048
Uganda,1993-1997,290.97304780625626,0.3645143142854853,,,5056121415.6,0.24557021014643515,0.27107123843861186
Uganda,1998-2002,472.39349793559137,0.3419038057924443,,,6159138680.4,0.27282079664694203,0.2625174188578835
Uganda,2003-2007,731.2568939265244,0.35840613349717365,,,9105260968.8,0.2596958358994229,0.23727412551345609
Uganda,2008-2012,1435.4643195143346,0.4578769254775136,,,24070331980.6,0.28717402025853084,0.2308756681103245
Uganda,2013-2017,2095.5077527001436,0.42469216959997025,-0.4252036666666667,,30575648480.0,0.2709120283792509,0.22884322635683815
Ukraine,1973-1977,6.0,0.0714285714285714,,,,0.27520515347294855,0.22901721117518653
Ukraine,1978-1982,0.333333333333333,0.0714285714285714,,,,0.2891861082862083,0.22422940460866872
Ukraine,1983-1987,2.0,0.0714285714285714,,,64087694038.0,0.26408051080252964,0.21552684594487367
Ukraine,1988-1992,2267.4166666666624,0.3318960745459292,0.056669,0.016471,78055278832.2,0.2608418555255483,0.2757009991570048
Ukraine,1993-1997,16731.32562572991,0.3837746770496483,0.29481640000000003,0.2779414,52224092169.8,0.24557021014643515,0.27107123843861186
Ukraine,1998-2002,16133.55222804782,0.3501144461519956,0.5257761999999999,0.5728488,37009860620.4,0.27282079664694203,0.2625174188578835
Ukraine,2003-2007,14503.945893368964,0.3679396334267643,0.5579354000000001,0.5221807999999999,90237963207.0,0.2596958358994229,0.23727412551345609
Ukraine,2008-2012,18783.92408008983,0.4059912359135289,0.5092852000000001,0.6189816,154376800000.0,0.28717402025853084,0.2308756681103245
Ukraine,2013-2017,15221.21230486021,0.4040827282988848,0.478568,0.423214,122677990616.8,0.2709120283792509,0.22884322635683815
United Arab Emirates,1973-1977,4.75,0.22199748267468333,-0.20032899999999998,0.1666528,19601823454.333332,0.27520515347294855,0.22901721117518653
United Arab Emirates,1978-1982,41.33333333333333,0.5052091303433641,-0.053861999999999986,0.2918954,38911237238.0,0.2891861082862083,0.22422940460866872
United Arab Emirates,1983-1987,119.28333333333332,0.33325821802062094,-0.3552298,0.46012320000000007,39108689730.4,0.26408051080252964,0.21552684594487367
United Arab Emirates,1988-1992,316.9928571428571,0.5399363464643709,-0.17960199999999998,0.314624,46846690275.0,0.2608418555255483,0.2757009991570048
United Arab Emirates,1993-1997,873.7251031535508,0.641882129742017,-0.3771628,0.38235600000000003,66616834650.0,0.24557021014643515,0.27107123843861186
United Arab Emirates,1998-2002,1105.354437229436,0.7066450964942329,-0.35306540000000003,0.44149140000000003,95516961878.8,0.27282079664694203,0.2625174188578835
United Arab Emirates,2003-2007,1801.3189793379975,0.6623402996192769,-0.0656534,0.68992,186564000000.0,0.2596958358994229,0.23727412551345609
United Arab Emirates,2008-2012,3071.0328782582715,0.6870229416615101,-0.026841200000000003,0.7820158,316813200000.0,0.28717402025853084,0.2308756681103245
United Arab Emirates,2013-2017,5436.462607151243,0.7415950295408982,-0.021802160000000004,0.7578460000000001,378806200000.0,0.2709120283792509,0.22884322635683815
United Arab Republic,1973-1977,2253.307142857142,0.40491024829521405,,,,0.27520515347294855,0.22901721117518653
United Kingdom,1973-1977,153528.54247917086,0.8999889825124383,1.839734,1.5993359999999999,227221400000.0,0.27520515347294855,0.22901721117518653
United Kingdom,1978-1982,184374.59633710704,0.9177026965818936,1.8351300000000001,1.508654,479128000000.0,0.2891861082862083,0.22422940460866872
United Kingdom,1983-1987,213712.78133103444,0.9055907884103754,1.8648400000000003,1.432316,557401200000.0,0.26408051080252964,0.21552684594487367
United Kingdom,1988-1992,228144.6168378351,0.8788967289074218,1.886764,1.43058,1050527600000.0,0.2608418555255483,0.2757009991570048
United Kingdom,1993-1997,274099.3357133114,0.8380216937680847,1.848366,1.361532,1303580000000.0,0.24557021014643515,0.27107123843861186
United Kingdom,1998-2002,291135.5024132352,0.7920646946742906,1.946624,1.342126,1683022000000.0,0.27282079664694203,0.2625174188578835
United Kingdom,2003-2007,303164.5475739382,0.7573567514948452,1.8102620000000003,1.289836,2564652000000.0,0.2596958358994229,0.23727412551345609
United Kingdom,2008-2012,341471.24660044344,0.7169172495901986,1.579354,1.21996,2634604000000.0,0.28717402025853084,0.2308756681103245
United Kingdom,2013-2017,372297.67349102016,0.6867167777317758,1.516558,1.1665066666666666,2827784000000.0,0.2709120283792509,0.22884322635683815
United States,1973-1977,694753.307128654,0.8129703430677941,1.544674,1.584226,1722152000000.0,0.27520515347294855,0.22901721117518653
United States,1978-1982,871948.5361767752,0.8108038492388556,1.485558,1.573076,2877414000000.0,0.2891861082862083,0.22422940460866872
United States,1983-1987,1003838.7394012253,0.8142575651364767,1.605396,1.42153,4289096000000.0,0.26408051080252964,0.21552684594487367
United States,1988-1992,1097083.8715096267,0.816124903493598,1.5768600000000002,1.364854,5903924000000.0,0.2608418555255483,0.2757009991570048
United States,1993-1997,1184052.1884676323,0.8082025821043446,1.799746,1.352716,7687244000000.0,0.24557021014643515,0.27107123843861186
United States,1998-2002,1184927.475699097,0.7934627704136614,1.853442,1.345772,10092796000000.0,0.27282079664694203,0.2625174188578835
United States,2003-2007,1306133.805286103,0.7963285320634923,1.729722,1.2708400000000002,12995000000000.0,0.2596958358994229,0.23727412551345609
United States,2008-2012,1482711.6891278673,0.8054050791955927,1.512168,1.192802,15178680000000.0,0.28717402025853084,0.2308756681103245
United States,2013-2017,1598332.98766858,0.7888395850084652,1.618476,1.1497866666666667,18143680000000.0,0.2709120283792509,0.22884322635683815
Uruguay,1973-1977,162.24999999999997,0.4312533059473519,0.38284799999999997,0.4492242,3874923396.2,0.27520515347294855,0.22901721117518653
Uruguay,1978-1982,189.0238095238095,0.49025415180893883,0.3205806,0.44988339999999993,8496320076.2,0.2891861082862083,0.22422940460866872
Uruguay,1983-1987,206.54999999999978,0.46215647463477527,0.3753184,0.4454212,5586429487.8,0.26408051080252964,0.21552684594487367
Uruguay,1988-1992,386.242857142857,0.7125388848716709,0.1575148,0.372479,10007095525.2,0.2608418555255483,0.2757009991570048
Uruguay,1993-1997,651.2405103668257,0.6259311916629078,0.24217,0.528526,19251956691.2,0.24557021014643515,0.27107123843861186
Uruguay,1998-2002,993.3618109437251,0.6727192994062162,0.127123,0.4488538,21339682441.4,0.27282079664694203,0.2625174188578835
Uruguay,2003-2007,1325.6866897621412,0.6869914432504791,0.028705599999999998,0.3153438,17216969853.4,0.2596958358994229,0.23727412551345609
Uruguay,2008-2012,1957.3709094711667,0.645219552802804,0.0775026,0.2369278,40307687093.6,0.28717402025853084,0.2308756681103245
Uruguay,2013-2017,2676.83133594011,0.6880807336534898,-0.0149702,-0.23255166666666668,56051850291.4,0.2709120283792509,0.22884322635683815
Uzbekistan,1973-1977,2.0,0.0714285714285714,,,,0.27520515347294855,0.22901721117518653
Uzbekistan,1988-1992,301.1719298245613,0.2557896483568126,-0.349566,-2.54663,13326509172.0,0.2608418555255483,0.2757009991570048
Uzbekistan,1993-1997,1638.3683849217987,0.2750754920974131,-0.4450564,-1.025488,13608427146.8,0.24557021014643515,0.27107123843861186
Uzbekistan,1998-2002,1299.0356202116734,0.3116899882943761,-0.5548843999999999,-0.5626418,13383432200.8,0.27282079664694203,0.2625174188578835
Uzbekistan,2003-2007,1027.8683444376265,0.3808810784848641,-0.45494399999999996,-0.6650324,15222842920.6,0.2596958358994229,0.23727412551345609
Uzbekistan,2008-2012,1073.753223987352,0.3472762300798864,-0.4747064,-0.5744908,46012734719.6,0.28717402025853084,0.2308756681103245
Uzbekistan,2013-2017,965.3647476462853,0.37919354390281357,-0.8723426666666666,,73688415789.8,0.2709120283792509,0.22884322635683815
Vanuatu,1973-1977,2.333333333333333,0.11195229572224152,,,,0.27520515347294855,0.22901721117518653
Vanuatu,1978-1982,8.5,0.25773678283446366,,,107393266.4725,0.2891861082862083,0.22422940460866872
Vanuatu,1983-1987,13.116666666666656,0.11402847257641291,,,123780318.35999998,0.26408051080252964,0.21552684594487367
Vanuatu,1988-1992,13.541666666666664,0.2446043945033295,,,167287505.06,0.2608418555255483,0.2757009991570048
Vanuatu,1993-1997,13.611111111111102,0.22628355926789845,,,228462137.08,0.24557021014643515,0.27107123843861186
Vanuatu,1998-2002,23.19642857142857,0.21201042472148146,,,264569166.94,0.27282079664694203,0.2625174188578835
Vanuatu,2003-2007,25.51263736263733,0.21797045712485752,,,408045533.88,0.2596958358994229,0.23727412551345609
Vanuatu,2008-2012,29.271933621933588,0.27781498574423347,,,698536421.1600001,0.28717402025853084,0.2308756681103245
Vanuatu,2013-2017,41.865265477780554,0.2679258357487395,,,812161632.62,0.2709120283792509,0.22884322635683815
Vatican,1973-1977,2.0,0.08763449551831293,,,,0.27520515347294855,0.22901721117518653
Vatican,1978-1982,1.0,0.13765148677806693,,,,0.2891861082862083,0.22422940460866872
Vatican,1983-1987,17.61666666666665,0.12717820919562894,,,,0.26408051080252964,0.21552684594487367
Vatican,1988-1992,7.98333333333332,0.18833750498002566,,,,0.2608418555255483,0.2757009991570048
Vatican,1993-1997,13.19999999999999,0.17936320774671233,,,,0.24557021014643515,0.27107123843861186
Vatican,1998-2002,6.85,0.21723323217058865,,,,0.27282079664694203,0.2625174188578835
Vatican,2003-2007,13.042857142857137,0.23145386717148086,,,,0.2596958358994229,0.23727412551345609
Vatican,2008-2012,19.71045458805499,0.14866032640785665,,,,0.28717402025853084,0.2308756681103245
Vatican,2013-2017,22.482015586752393,0.12670163996406458,,,,0.2709120283792509,0.22884322635683815
Venezuela,1973-1977,1086.9083333333326,0.6447094739770735,-1.0457998,-0.0810886,,0.27520515347294855,0.22901721117518653
Venezuela,1978-1982,1810.9865079365068,0.6156288634302647,-1.1796520000000001,0.0365772,,0.2891861082862083,0.22422940460866872
Venezuela,1983-1987,2069.171428571426,0.6957057999915075,-0.45214859999999996,0.2222706,,0.26408051080252964,0.21552684594487367
Venezuela,1988-1992,2108.7103896103863,0.7260889708922755,-0.1596506,0.3296966,,0.2608418555255483,0.2757009991570048
Venezuela,1993-1997,2689.2804815067925,0.6636942157816651,-0.162774,0.2735476,,0.24557021014643515,0.27107123843861186
Venezuela,1998-2002,3793.719589642925,0.6784879562216768,-0.0106914,0.18366860000000002,,0.27282079664694203,0.2625174188578835
Venezuela,2003-2007,3969.5442858824745,0.7052320855070229,-0.1701938,0.0027422,,0.2596958358994229,0.23727412551345609
Venezuela,2008-2012,4282.209906929751,0.7372709763131362,-0.7612859999999999,-0.3499018,,0.28717402025853084,0.2308756681103245
Venezuela,2013-2017,2818.021522674441,0.6385112152044428,-0.755115,-0.921538,,0.2709120283792509,0.22884322635683815
Vietnam,1973-1977,113.83495295554117,0.5241516663147388,-0.1996618,0.19277060000000001,,0.27520515347294855,0.22901721117518653
Vietnam,1978-1982,165.66666666666666,0.2417312180291703,-0.38512240000000003,-0.20892119999999997,,0.2891861082862083,0.22422940460866872
Vietnam,1983-1987,297.4166666666666,0.34580987053729473,-0.8019364,-0.7086578,25696470973.666668,0.26408051080252964,0.21552684594487367
Vietnam,1988-1992,426.54339826839777,0.24006022389645687,-0.982929,-0.5317216,11533843637.2,0.2608418555255483,0.2757009991570048
Vietnam,1993-1997,602.0469608893513,0.3471933632377304,-0.9480546000000001,-0.16550740000000003,20340944521.4,0.24557021014643515,0.27107123843861186
Vietnam,1998-2002,877.2042072693372,0.4217728341339215,-0.701157,0.2299718,30963016739.2,0.27282079664694203,0.2625174188578835
Vietnam,2003-2007,1516.4238953548393,0.5227667421623745,-0.5628084,0.3317468,57279942795.2,0.2596958358994229,0.23727412551345609
Vietnam,2008-2012,3403.2349269033753,0.5317322401971617,-0.2683006,0.49738999999999994,122487260819.8,0.28717402025853084,0.2308756681103245
Vietnam,2013-2017,8070.329816195897,0.5302315754475637,-0.47226280000000004,0.5726703333333334,195944800000.0,0.2709120283792509,0.22884322635683815
Western Sahara,1978-1982,0.333333333333333,0.0714285714285714,,,,0.2891861082862083,0.22422940460866872
Western Sahara,2013-2017,0.25,0.0714285714285714,,,,0.2709120283792509,0.22884322635683815
Yemen,1973-1977,5.6666666666666625,0.11771350542737635,,,,0.27520515347294855,0.22901721117518653
Yemen,1978-1982,21.0,0.2989452125979357,,,,0.2891861082862083,0.22422940460866872
Yemen,1983-1987,45.066666666666656,0.46145798862667475,0.19344175,-0.4858345,,0.26408051080252964,0.21552684594487367
Yemen,1988-1992,86.96590909090908,0.3878887809047412,-0.913905,-0.5067022,,0.2608418555255483,0.2757009991570048
Yemen,1993-1997,72.5964803312629,0.5146182954822245,-0.9641145999999999,-0.6905530000000001,,0.24557021014643515,0.27107123843861186
Yemen,1998-2002,112.74999999999997,0.5912965106185575,-1.53691,-1.0861202,,0.27282079664694203,0.2625174188578835
Yemen,2003-2007,134.45092309651125,0.5280863381267257,-1.4938179999999999,-1.051264,,0.2596958358994229,0.23727412551345609
Yemen,2008-2012,318.5905759445229,0.7076530416267764,-1.354532,-0.8388888,,0.28717402025853084,0.2308756681103245
Yemen,2013-2017,440.44894152424246,0.6104324296821124,-0.99648375,-0.824211,,0.2709120283792509,0.22884322635683815
Yugoslavia,1973-1977,3997.620670995666,0.6052323980505407,,,,0.27520515347294855,0.22901721117518653
Yugoslavia,1978-1982,5679.778827024409,0.6495907702223284,,,,0.2891861082862083,0.22422940460866872
Yugoslavia,1983-1987,6874.486185056764,0.6570299627132876,,,,0.26408051080252964,0.21552684594487367
Yugoslavia,1988-1992,8967.967222759802,0.6387904423217703,,,,0.2608418555255483,0.2757009991570048
Yugoslavia,1993-1997,3868.276011502775,0.5543664892831495,,,,0.24557021014643515,0.27107123843861186
Yugoslavia,1998-2002,4476.399744676653,0.4903721522507688,,,,0.27282079664694203,0.2625174188578835
Yugoslavia,2003-2007,1908.9603164692412,0.4978211485812385,,,,0.2596958358994229,0.23727412551345609
Zambia,1973-1977,337.5333333333333,0.536580579120727,-0.9631494,-0.8190114,2647785714.4,0.27520515347294855,0.22901721117518653
Zambia,1978-1982,301.38674242424236,0.5491017884718713,-0.7189852,-1.0883829999999999,3567163889.0,0.2891861082862083,0.22422940460866872
Zambia,1983-1987,276.59166666666647,0.5082706403998981,-0.6284816,-1.393192,2433770731.2,0.26408051080252964,0.21552684594487367
Zambia,1988-1992,277.1234126984126,0.3986305134078003,-0.7588858,-1.341336,3511654734.2,0.2608418555255483,0.2757009991570048
Zambia,1993-1997,212.25666472319375,0.43015485300399514,-0.9560104,-1.165114,3727491122.6,0.24557021014643515,0.27107123843861186
Zambia,1998-2002,195.84818139376938,0.41051959543955363,-0.9801654,-1.0102482,3766200945.8,0.27282079664694203,0.2625174188578835
Zambia,2003-2007,236.4843179180638,0.5067164439540742,-1.0102012,-1.09205,9253720890.0,0.2596958358994229,0.23727412551345609
Zambia,2008-2012,376.42267172179766,0.4056943378774662,-0.888028,-0.8641446,20493467224.4,0.28717402025853084,0.2308756681103245
Zambia,2013-2017,607.3145894828849,0.44224790508105816,-0.475488,-0.713835,24652482200.2,0.2709120283792509,0.22884322635683815
Zimbabwe,1973-1977,468.6666666666665,0.3957751760817102,0.866985,0.4783176,4069113960.0,0.27520515347294855,0.22901721117518653
Zimbabwe,1978-1982,703.4999999999999,0.42567796992593154,-0.20494060000000003,-0.3707414,6551800520.0,0.2891861082862083,0.22422940460866872
Zimbabwe,1983-1987,600.1666666666664,0.4865026681824519,-0.6979496000000001,-0.6900836,6542438200.0,0.26408051080252964,0.21552684594487367
Zimbabwe,1988-1992,901.4071789321783,0.5365422949708963,-0.6096586,-0.5831936,8055575480.0,0.2608418555255483,0.2757009991570048
Zimbabwe,1993-1997,788.6861049148089,0.4901674334284587,-0.3981198,-0.4718318,7529695440.0,0.24557021014643515,0.27107123843861186
Zimbabwe,1998-2002,719.3119814242307,0.5213459001821709,-0.5040802,-0.5425636,6613888000.0,0.27282079664694203,0.2625174188578835
Zimbabwe,2003-2007,565.3561636775911,0.4782952561428063,-0.40257139999999997,-0.7282176,5604850400.0,0.2596958358994229,0.23727412551345609
Zimbabwe,2008-2012,596.9946893057538,0.5749678737975419,-0.7688476000000001,-1.01022,11467984300.0,0.28717402025853084,0.2308756681103245
Zimbabwe,2013-2017,1009.9370071639784,0.5532881581989819,-0.8217040000000001,-1.8862933333333334,20227848120.0,0.2709120283792509,0.22884322635683815
