Country,Time_Interval,Diversity,Publications,ECI,GDP
Afghanistan,1973-1977,0.419439079000912,29.23333333333333,,2352888872.6
Albania,1973-1977,,,-0.162595,
Algeria,1973-1977,0.6547033640154789,276.7333333333331,-0.7405042,15236600497.8
Andorra,1973-1977,,,,207761444.68
Angola,1973-1977,0.3534704851117867,18.5,-1.291844,
Antarctica,1973-1977,0.0875982279745338,6.0,,
Antigua & Barbuda,1973-1977,,,,
Argentina,1973-1977,0.5953189947485348,4125.544537815123,0.2181498,57073985074.6
Armenia,1973-1977,0.1596962819789643,2.5,,
Australia,1973-1977,0.7514206459657067,33305.58492618486,-0.0323832,92972430352.4
Austria,1973-1977,0.685867189825119,9721.596933621922,1.819032,39853942005.0
Azerbaijan,1973-1977,0.0714285714285714,2.0,,
Bahamas,1973-1977,0.4668880809512596,12.916666666666664,,
Bahrain,1973-1977,0.0714285714285714,1.0,,
Bangladesh,1973-1977,0.4085506358401511,210.09999999999997,-0.5638403999999999,11963159391.4
Barbados,1973-1977,0.3754989127756403,48.08333333333333,,411249219.75
Belgium,1973-1977,0.7567349269845076,13983.532834648988,1.424564,64681771372.4
Belize,1973-1977,0.0714285714285714,1.0,,102836412.096
Benin,1973-1977,0.1613594036848059,10.166666666666666,,636871789.3199999
Bermuda,1973-1977,0.3596411720154552,24.599999999999998,,352080000.0
Bhutan,1973-1977,,,,
Bolivia,1973-1977,0.5173593200409412,43.64285714285713,-0.9639656000000001,2345467266.4
Bosnia & Herzegovina,1973-1977,0.0714285714285714,0.333333333333333,,
Botswana,1973-1977,0.365935541718357,30.333333333333332,,345789759.04
Brazil,1973-1977,0.7022945558451018,4725.480984701568,-0.2993996,127394611546.2
Brunei,1973-1977,0.1416858637545071,5.0,,
Bulgaria,1973-1977,0.4096658435910425,4368.6279968397575,0.7264092,
Burkina Faso,1973-1977,0.3505198936577992,29.499999999999993,,894730603.7
Burma,1973-1977,0.3239541932237484,43.333333333333314,-0.9911823999999999,
Burundi,1973-1977,0.2263801816468067,4.5,,413307661.52000004
Byelarus,1973-1977,0.1371586596310642,2.0,,
Cambodia,1973-1977,0.1106296625844749,3.5,-0.39480600000000005,645671524.85
Cameroon,1973-1977,0.4775160468462902,102.89999999999986,-0.9882394,2641991306.0
Canada,1973-1977,0.8427010042012875,77569.89072675674,0.752923,176750600000.0
Cape Verde,1973-1977,,,,
Central African Republic,1973-1977,0.2348700146392762,11.083333333333332,,377938463.32
Chad,1973-1977,0.1672146056547861,34.083333333333336,,793147961.92
Chile,1973-1977,0.5000155629266758,1816.6321428571391,-0.11057540000000002,12994740276.0
China,1973-1977,0.3930229000559448,353.9380952380952,0.4290142,155007200000.0
Ciskei,1973-1977,,,,
Colombia,1973-1977,0.4356634775161918,403.8166666666664,0.15064119999999998,14119357553.0
Comoros,1973-1977,,,,
Congo,1973-1977,0.5472652441277008,123.99999999999997,,
Cook Islands,1973-1977,0.0714285714285714,1.0,,
Costa Rica,1973-1977,0.29173338096319,258.08333333333314,0.4886602,2128261368.8
Crimea,1973-1977,,,,
Croatia,1973-1977,0.1249210505212276,2.0,,
Cuba,1973-1977,0.4153063891360565,217.45,,12483364157.8
Cyprus,1973-1977,0.240876186767951,68.17424242424242,,600297602.8000001
Czech Republic,1973-1977,,,,
Czechoslovakia,1973-1977,0.6097154097824269,15660.046708683456,,
Denmark,1973-1977,0.6445815516357694,11867.251770859846,1.282502,39945141733.8
Djibouti,1973-1977,,,,
Dominican Republic,1973-1977,0.3046323066331879,14.883333333333326,-0.2242226,3481660000.0
Ecuador,1973-1977,0.3031251770828227,40.19999999999999,-1.0762696,7668192625.0
Egypt,1973-1977,0.4617197171479713,1677.7333333333324,0.07648279999999999,
El Salvador,1973-1977,0.1888153109844864,41.333333333333314,0.518785,2052448060.0
Equatorial Guinea,1973-1977,,,,97459860.604
Eritrea,1973-1977,,,,
Estonia,1973-1977,,,,
Ethiopia,1973-1977,0.5950129260099296,169.5666666666666,-1.0370398,
Fiji,1973-1977,0.4140907554635414,85.99999999999999,,616581411.98
Finland,1973-1977,0.6446118476534637,7705.499531024523,1.351314,27828624324.4
France,1973-1977,0.669846906499999,89811.15861067022,1.57898,338682400000.0
French-Guiana,1973-1977,0.2003582504046959,6.5,,
French-Polynesia,1973-1977,0.2751559502461511,33.199999999999996,,
Gabon,1973-1977,0.2459061263707954,15.5,-1.6552479999999998,2048669737.42
Gambia,1973-1977,0.180774569515086,31.066666666666663,,
Georgia,1973-1977,0.0911153100145515,1.5,,
Germany,1973-1977,0.7342262766349577,121319.10438776884,2.07762,490913200000.0
Gilbert & Ellice Islands,1973-1977,,,,
Greece,1973-1977,0.692839134045133,2248.8447802197793,0.39444160000000006,28710819281.8
Grenada,1973-1977,,,,71494495.19
Guadeloupe,1973-1977,0.0807165791530122,44.49999999999999,,
Guatemala,1973-1977,0.3829077232921102,154.8214285714285,0.184799,3844480080.0
Guinea,1973-1977,0.1952263914758892,6.333333333333333,-1.4987844,
Guinea-Bissau,1973-1977,,,,104898600.528
Guyana,1973-1977,0.2079153051008744,36.0,,428022766.24
Haiti,1973-1977,0.154253403645434,9.66666666666666,,707920000.0
Hong-Kong,1973-1977,0.7552173491336993,980.683333333333,,
Hungary,1973-1977,0.5809681889172074,10000.662463353632,0.9034466,
Iceland,1973-1977,0.3569886963043253,111.11349206349203,,1593291990.2
India,1973-1977,0.5854748981406408,44165.83856045909,0.2087334,101543593031.8
Indonesia,1973-1977,0.4798329223369231,142.89563492063485,-1.6133279999999999,31123518072.6
Iran,1973-1977,0.694416436680044,1426.0345238095233,-1.358092,
Iraq,1973-1977,0.4951529370017982,392.9999999999999,,13540520694.2
Ireland,1973-1977,0.6821582892085908,3051.152777777773,1.0038722,9123700845.2
Israel,1973-1977,0.8240797501199337,17571.72463924961,0.818567,15116668333.4
Italy,1973-1977,0.6080306202955477,31221.487151410627,1.6642199999999998,217013000000.0
Ivory Coast,1973-1977,0.3322458236828993,251.22777777777773,,
Jamaica,1973-1977,0.5048384036251214,422.22692307692296,0.0484102,2671426542.2
Japan,1973-1977,0.5364156278330653,82154.17008726549,1.87046,548165000000.0
Jordan,1973-1977,0.4552185509817082,76.83333333333333,0.7081854,1461899514.76
Kazakhstan,1973-1977,,,,
Kenya,1973-1977,0.4360660534905244,867.3714285714277,-0.42843600000000004,3340743579.8
Kiribati,1973-1977,,,,50457465.206
Kuwait,1973-1977,0.5270874560271728,203.03333333333327,0.04096040000000001,11540921073.4
Kyrgyzstan,1973-1977,,,,
Laos,1973-1977,0.0714285714285714,1.0,-0.6661804,
Latvia,1973-1977,,,,
Lesotho,1973-1977,0.3010966677676968,20.333333333333332,,152509928.4
Libya,1973-1977,0.4857551438809254,82.74999999999999,,
Liechtenstein,1973-1977,0.1462035715295978,24.75,,236458393.34
Lithuania,1973-1977,0.0714285714285714,2.0,,
Luxembourg,1973-1977,0.2822238810806846,39.26666666666665,,3339666242.2
Macau,1973-1977,,,,
Macedonia,1973-1977,,,,
Madagascar,1973-1977,0.2844104704081597,61.33333333333333,-1.1284112,2078878874.0
Malawi,1973-1977,0.2506120123235303,99.83333333333333,,616546369.8399999
Malaysia,1973-1977,0.5684258251633212,829.0531135531132,-0.5454776,10129479092.8
Maldives,1973-1977,0.0754656988646458,2.0,,
Mali,1973-1977,0.2282815344279933,13.75,,784441606.1
Malta,1973-1977,0.4053344064240015,69.29999999999998,,469965381.56000006
Marshall Islands,1973-1977,0.1192712443645366,1.5,,
Mauritania,1973-1977,0.1326839460079369,3.0,-0.8126478,676740640.02
Mauritius,1973-1977,0.1647439373760975,27.75,,763833995.15
Mexico,1973-1977,0.7202957420010823,2697.769047619044,0.5775121999999999,77224026663.6
Monaco,1973-1977,0.2820821393939552,54.5,,669201263.86
Mongolia,1973-1977,0.2314313547895727,19.51358543417364,0.4624825,
Montenegro,1973-1977,,,,
Morocco,1973-1977,0.4311015426194988,132.19999999999996,-0.24282520000000002,8707326103.6
Mozambique,1973-1977,0.4548563975910944,31.66666666666666,-0.8712882000000001,
Namibia,1973-1977,0.2279033218215393,4.33333333333333,,
Nauru,1973-1977,,,,
Nepal,1973-1977,0.4184045605106009,31.666666666666657,,1320207503.0
Netherlands,1973-1977,0.7271086924383584,20785.138263941895,1.1289479999999998,99104064707.0
Netherlands-Antilles,1973-1977,0.277213211286541,14.5,,
New Zealand,1973-1977,0.6053658520964982,7665.736219336211,0.3230216,13731380944.4
New-Caledonia,1973-1977,0.1228861743609953,55.583333333333314,,
Nicaragua,1973-1977,0.3712570975551188,21.33333333333333,-0.0584614,1658525688.6
Niger,1973-1977,0.2179329121498927,7.5,,1075437697.6
Nigeria,1973-1977,0.6042375082601488,2849.5087662337655,-2.171378,28026547640.8
Niue,1973-1977,,,,
North Korea,1973-1977,0.0714285714285714,1.0,,
Norway,1973-1977,0.6756569540250481,8452.887827858409,1.2490999999999999,32001610766.0
Oman,1973-1977,0.0714285714285714,1.5,-0.13701180000000002,1905408176.02
Pakistan,1973-1977,0.5218664043703017,558.8261904761903,-0.05918700000000001,10961473776.8
Palau,1973-1977,0.0714285714285714,1.0,,
Palestine,1973-1977,,,,
Panama,1973-1977,0.3271478918343851,84.19999999999999,0.34630320000000003,2372754600.0
Papua New Guinea,1973-1977,0.4460723906965781,332.36190476190455,,1455132453.2
Paraguay,1973-1977,0.3096009159401787,27.666666666666664,-0.5129471999999999,1526309365.0
People's Republic of Congo,1973-1977,0.3632761179687799,26.416666666666664,,
Peru,1973-1977,0.4981920267069109,272.65564892623706,-0.6395388000000001,14459616590.4
Philippines,1973-1977,0.404901672010355,413.2249999999997,-0.3542948,15100732850.6
Poland,1973-1977,0.5290237823789222,17386.451203045297,0.9000261999999999,
Portugal,1973-1977,0.500973355585234,603.7194805194804,0.8023502,18744584641.8
Qatar,1973-1977,0.0714285714285714,1.0,-0.4964034,2521990626.4
Republic of Kosovo,1973-1977,,,,
Republic of Serbia,1973-1977,0.0842463299212331,2.9999999999999987,,
Reunion,1973-1977,0.0882996634928778,5.0,,
Romania,1973-1977,0.4416751023030115,4430.663524384105,0.6587464,
Russia,1973-1977,0.4224044307691175,134719.49525425528,,
Rwanda,1973-1977,0.1441133150172218,15.916666666666664,,511094519.34
Saint-Vincent-et-les-Grenadines,1973-1977,0.0714285714285714,0.5,,
Samoa,1973-1977,0.0918555554133269,13.5,,
San Marino,1973-1977,0.0714285714285714,0.25,,
Sao Tome & Principe,1973-1977,,,,
Saudi Arabia,1973-1977,0.4256102864034378,180.41666666666666,-1.723524,49065526558.6
Senegal,1973-1977,0.5833007191548927,244.49999999999991,-0.4125298,2520187184.4
Senegambia,1973-1977,,,,
Serbia and Montenegro,1973-1977,,,,
Seychelles,1973-1977,0.0964876060488266,2.333333333333333,,48327860.216
Sierra Leone,1973-1977,0.3379421908785112,87.33333333333333,,637966041.8199999
Singapore,1973-1977,0.5923559082366292,704.9011904761903,0.3202906,5499417053.4
Slovakia,1973-1977,0.0714285714285714,0.5,,
Slovenia,1973-1977,,,,
Solomon Islands,1973-1977,0.1650297621529642,19.5,,78134936.95199999
Somalia,1973-1977,0.1626125566518,4.166666666666666,,598256553.72
South Africa,1973-1977,0.6713644304822574,7777.89572829131,-0.2631928,36294527699.6
South Korea,1973-1977,0.6085205155826576,211.24285714285708,0.7696558,
South Sudan,1973-1977,,,,
Spain,1973-1977,0.5347239826291337,8364.974999999991,0.9166902,108329306463.8
Sri Lanka,1973-1977,0.5589093105255712,368.1249999999999,-0.9346232000000001,3587467810.4
St-Lucia,1973-1977,0.1140672515413286,2.5,,
Sudan,1973-1977,0.4574006970900973,432.5333333333333,-1.1535060000000001,5889600000.0
Suriname,1973-1977,0.160507745383858,17.916666666666654,,472360000.0
Swaziland,1973-1977,0.3275831522774522,12.333333333333332,,
Sweden,1973-1977,0.6615566304053688,24164.9302632008,1.9074380000000002,78426903140.6
Switzerland,1973-1977,0.6946398774473792,21867.947153255205,1.8339279999999998,60929026980.0
Syria,1973-1977,0.3215528069823149,22.98333333333333,0.156632,
Taiwan,1973-1977,0.5935750736251056,1355.1035714285706,,
Tajikistan,1973-1977,,,,
Tanzania,1973-1977,0.3947715997073316,323.44999999999993,-1.208504,
Thailand,1973-1977,0.4634376111238546,804.5333333333331,-0.5093752,15237772431.8
Togo,1973-1977,0.3525366427865533,36.5,-0.7101333999999999,596209894.58
Tonga,1973-1977,0.1140672515413286,2.5,,32227515.52333333
Trinidad and Tobago,1973-1977,0.3190331515116745,217.58333333333331,-0.08461279999999999,2286515236.8
Tunisia,1973-1977,0.5048381719662699,163.26666666666657,-0.1482054,4044516928.2
Turkey,1973-1977,0.6359645355461878,938.8595238095235,-0.1765306,43182990189.0
Turkmenistan,1973-1977,,,,
Tuvalu,1973-1977,,,,
Uganda,1973-1977,0.3810196237136546,376.4444444444441,,2309197961.0
Ukraine,1973-1977,0.0714285714285714,6.0,,
United Arab Emirates,1973-1977,0.2219974826746833,4.75,-0.20032899999999998,19601823454.333332
United Arab Republic,1973-1977,0.404910248295214,2253.307142857142,,
United Kingdom,1973-1977,0.8999889825124383,153528.54247917086,1.839734,227221400000.0
United States,1973-1977,0.8129703430677941,694753.307128654,1.544674,1722152000000.0
Uruguay,1973-1977,0.4312533059473519,162.25,0.38284799999999997,3874923396.2
Uzbekistan,1973-1977,0.0714285714285714,2.0,,
Vanuatu,1973-1977,0.1119522957222415,2.333333333333333,,
Vatican,1973-1977,0.0876344955183129,2.0,,
Venezuela,1973-1977,0.6447094739770735,1086.9083333333326,-1.0457998,
Vietnam,1973-1977,0.5241516663147388,113.83495295554117,-0.1996618,
Western Sahara,1973-1977,,,,
Yemen,1973-1977,0.1177135054273763,5.6666666666666625,,
Yugoslavia,1973-1977,0.6052323980505407,3997.620670995666,,
Zambia,1973-1977,0.536580579120727,337.5333333333333,-0.9631494,2647785714.4
Zimbabwe,1973-1977,0.3957751760817102,468.66666666666646,0.866985,4069113960.0
Afghanistan,1978-1982,0.309318069258957,31.749999999999993,,3529612937.5
Albania,1978-1982,0.2080969308771389,5.333333333333333,0.1926582,
Algeria,1978-1982,0.6051031773484363,339.3261904761904,-0.9488016,38301790439.4
Andorra,1978-1982,,,,386171605.06
Angola,1978-1982,0.1681373174368913,3.75,-1.566572,5677156491.0
Antarctica,1978-1982,0.1905546426233038,5.5,,
Antigua & Barbuda,1978-1982,,,,
Argentina,1978-1982,0.6233733371727829,5241.765079365075,-0.031744400000000006,73456290410.8
Armenia,1978-1982,,,,
Australia,1978-1982,0.7748948861240472,47244.98526057267,-0.0665878,154647600000.0
Austria,1978-1982,0.7478956033916677,13441.617526814416,1.852872,72071596647.8
Azerbaijan,1978-1982,,,,
Bahamas,1978-1982,0.2294175858222106,8.333333333333332,,
Bahrain,1978-1982,0.2459022926910939,11.166666666666666,,3395420719.3333335
Bangladesh,1978-1982,0.4905558486997581,439.1694805194803,-0.5634826000000001,17152077953.0
Barbados,1978-1982,0.3449485869108636,77.58333333333333,,902731069.4399999
Belgium,1978-1982,0.7387022051251635,19186.58428912845,1.4492720000000001,108243385325.8
Belize,1978-1982,0.1115660790619766,9.333333333333332,,172866880.82
Benin,1978-1982,0.3652311065501961,11.0,,1215844914.16
Bermuda,1978-1982,0.2958490067572408,32.08333333333332,,626180006.4
Bhutan,1978-1982,0.0714285714285714,1.0,,143659756.29999998
Bolivia,1978-1982,0.4126044404913689,55.474999999999966,-0.9662668,4833345699.4
Bosnia & Herzegovina,1978-1982,,,,
Botswana,1978-1982,0.2524907094161139,76.58333333333333,,911989340.8399999
Brazil,1978-1982,0.7360466209893508,8592.602353550103,0.0366624,241207600000.0
Brunei,1978-1982,0.0885463102776427,11.5,,
Bulgaria,1978-1982,0.4190486445854794,5140.627137976397,0.6729035999999999,19683743589.666668
Burkina Faso,1978-1982,0.284365446645512,83.33611111111108,,1736615693.6
Burma,1978-1982,0.3122944172911813,51.70238095238094,-0.7763554,
Burundi,1978-1982,0.1968996098465298,15.66666666666666,,858943555.5400001
Byelarus,1978-1982,,,,
Cambodia,1978-1982,,,0.826877,
Cameroon,1978-1982,0.4699806255627118,154.4666666666666,-1.3137560000000001,6384276454.2
Canada,1978-1982,0.8376091036895636,95083.92607655397,0.8766946000000001,271056200000.0
Cape Verde,1978-1982,,,,
Central African Republic,1978-1982,0.2453485497968888,32.00555555555553,,710301446.3399999
Chad,1978-1982,0.1978858570369274,17.5,,972509288.0200001
Chile,1978-1982,0.5653515040341323,2586.310490897987,-0.2263604,25333222363.0
China,1978-1982,0.5601100228736935,5301.299603174595,0.3092656,183985400000.0
Ciskei,1978-1982,,,,
Colombia,1978-1982,0.5382751742883813,501.78928571428537,-0.078641,31992213088.6
Comoros,1978-1982,,,,197525729.9
Congo,1978-1982,0.4811274349950685,163.79999999999993,,
Cook Islands,1978-1982,0.1932276574640711,10.083333333333332,,
Costa Rica,1978-1982,0.2837640333286809,442.52499999999975,0.30432939999999997,3524120692.6
Crimea,1978-1982,,,,
Croatia,1978-1982,0.0714285714285714,1.0,,
Cuba,1978-1982,0.4006546975714562,521.2714646464646,,19689160561.0
Cyprus,1978-1982,0.3177436509300884,65.04444444444444,,1730758358.0400002
Czech Republic,1978-1982,0.1448102622251296,2.833333333333333,,
Czechoslovakia,1978-1982,0.5800370070869514,19824.05692156057,,
Denmark,1978-1982,0.6799680831412538,16327.561921794391,1.349686,64829472233.4
Djibouti,1978-1982,0.1931189918113431,2.833333333333333,,
Dominican Republic,1978-1982,0.3705654576600088,38.77738095238094,-0.1784936,6564640000.0
Ecuador,1978-1982,0.4638534235065344,58.80833333333332,-0.9097652,17143960729.2
Egypt,1978-1982,0.4817777691703753,5625.569642857138,-0.3261804,
El Salvador,1978-1982,0.3801493513057351,41.15833333333332,0.2940628,3400389820.0
Equatorial Guinea,1978-1982,,,,43889650.449999996
Eritrea,1978-1982,,,,
Estonia,1978-1982,,,,
Ethiopia,1978-1982,0.4244407175955551,217.07142857142847,-1.0432599999999999,7516290603.5
Fiji,1978-1982,0.5024917166756319,78.35,,1096293211.16
Finland,1978-1982,0.7071084334809303,12236.399524400822,1.39452,47922506747.2
France,1978-1982,0.7199805136313631,112632.0925345877,1.6492460000000002,604475800000.0
French-Guiana,1978-1982,0.1708771209568131,20.666666666666657,,
French-Polynesia,1978-1982,0.2167962629216548,40.08333333333333,,
Gabon,1978-1982,0.2827794401677183,35.76666666666665,-1.4199519999999999,3435929058.0
Gambia,1978-1982,0.2054203002876748,36.183333333333316,,
Georgia,1978-1982,,,,
Germany,1978-1982,0.7836666775322849,167816.20651461426,2.04206,829830800000.0
Gilbert & Ellice Islands,1978-1982,0.0714285714285714,3.7,,
Greece,1978-1982,0.6027255875733781,3993.578052503048,0.3067274,52509248227.0
Grenada,1978-1982,,,,108510942.88
Guadeloupe,1978-1982,0.2288998129571349,69.89285714285712,,
Guatemala,1978-1982,0.4453201121046617,195.57142857142836,0.12520579999999998,7635280080.0
Guinea,1978-1982,0.1267484024671876,2.5,-1.870888,
Guinea-Bissau,1978-1982,,,,134422833.76
Guyana,1978-1982,0.2961634989893567,39.33333333333333,,538615421.42
Haiti,1978-1982,0.1914124544443191,9.916666666666666,,1278440000.0
Hong-Kong,1978-1982,0.7792819510535364,1679.207081807081,,
Hungary,1978-1982,0.5794163790658227,13031.4599450386,0.9391398000000001,
Iceland,1978-1982,0.4155271339970137,235.04126984126964,,3093904388.8
India,1978-1982,0.5676288098459676,66130.89274891764,0.2704662,174164600000.0
Indonesia,1978-1982,0.4910274828032355,324.8261904761903,-1.570294,70202985121.4
Iran,1978-1982,0.689995867515308,1467.060353535353,-1.249936,
Iraq,1978-1982,0.5081333161604245,930.5345238095235,,39200944807.6
Ireland,1978-1982,0.646542175160979,4163.907393483704,1.199712,19395225605.4
Israel,1978-1982,0.8378883150629653,22722.57811574387,0.9262637999999999,23187700926.6
Italy,1978-1982,0.6535486621037365,44520.840883165874,1.6453400000000002,408793600000.0
Ivory Coast,1978-1982,0.3251461323101805,490.91230158730133,,
Jamaica,1978-1982,0.5346471120739733,615.2559523809522,-0.030888000000000006,2804297476.6
Japan,1978-1982,0.5664254996086946,126808.14152586515,1.864528,1105504000000.0
Jordan,1978-1982,0.7415978436928223,234.33333333333331,0.9186268,3769953298.8
Kazakhstan,1978-1982,,,,
Kenya,1978-1982,0.5303957316329245,1368.9730158730144,-0.3627776,6417902400.2
Kiribati,1978-1982,,,,41697522.496
Kuwait,1978-1982,0.6030090482322088,589.4166666666666,0.2308202,23104025746.4
Kyrgyzstan,1978-1982,,,,
Laos,1978-1982,0.0714285714285714,2.333333333333333,-0.027941,
Latvia,1978-1982,,,,
Lesotho,1978-1982,0.3284941621909804,19.66666666666666,,354239617.74
Libya,1978-1982,0.4470109830153295,239.83333333333331,,
Liechtenstein,1978-1982,0.0930901535452145,33.0,,501709956.88
Lithuania,1978-1982,0.0714285714285714,1.0,,
Luxembourg,1978-1982,0.2671967425716314,81.99444444444443,,5364938142.0
Macau,1978-1982,0.0714285714285714,2.0,,
Macedonia,1978-1982,,,,
Madagascar,1978-1982,0.4358780763169162,48.41666666666665,-1.1694316,4175890133.0
Malawi,1978-1982,0.3686202521178321,124.78333333333333,,1132549690.3600001
Malaysia,1978-1982,0.6190614614053076,1127.3218253968248,-0.31127760000000004,22773808190.4
Maldives,1978-1982,0.0714285714285714,1.0,,45060292.300000004
Mali,1978-1982,0.2450489578468856,42.383333333333326,,1490108529.2
Malta,1978-1982,0.4322958689441709,44.41666666666666,,1104641120.3799999
Marshall Islands,1978-1982,0.0760125477053381,1.25,,32969000.0
Mauritania,1978-1982,0.1671824391263817,5.333333333333333,-1.1870916,1003745369.8
Mauritius,1978-1982,0.1819911191699711,38.166666666666664,,1115819390.6
Mexico,1978-1982,0.7302827822523033,3782.6840007214937,0.4875062,178153600000.0
Monaco,1978-1982,0.2176969994033345,59.16666666666666,,1187392024.4
Mongolia,1978-1982,0.3695957211969009,50.92724301841945,0.2808026,2431250516.5
Montenegro,1978-1982,,,,
Morocco,1978-1982,0.6523448450403846,418.2047619047618,-0.1561,17271654161.8
Mozambique,1978-1982,0.3148577495798914,25.916666666666664,-0.6157488,
Namibia,1978-1982,0.2710423149429407,22.699999999999996,,2261640945.0
Nauru,1978-1982,,,,
Nepal,1978-1982,0.4432743401178285,74.58333333333331,,2014468451.4
Netherlands,1978-1982,0.7715452697884111,31283.643170323947,1.130324,170659000000.0
Netherlands-Antilles,1978-1982,0.1439441555784648,20.333333333333332,,
New Zealand,1978-1982,0.6449063863018747,10661.513138138127,0.34012560000000003,22217705827.2
New-Caledonia,1978-1982,0.2288550414908032,80.63333333333331,,
Nicaragua,1978-1982,0.2470974889847593,11.75,-0.16140380000000001,2154556779.6
Niger,1978-1982,0.4283367662671106,31.5,,2116134505.8
Nigeria,1978-1982,0.6716157001307645,5129.070274170271,-2.2202979999999997,91046712445.2
Niue,1978-1982,,,,
North Korea,1978-1982,0.1107838135633032,2.0,,
Norway,1978-1982,0.7357377167003505,10765.488248168225,1.0371328,58067713765.8
Oman,1978-1982,0.2058615663759536,2.833333333333333,-0.40048580000000006,5453850782.0
Pakistan,1978-1982,0.5243038787392298,856.0940476190472,-0.038012000000000004,23996184211.8
Palau,1978-1982,0.0767771301105639,2.25,,
Palestine,1978-1982,,,,
Panama,1978-1982,0.2879278714914431,76.33333333333331,0.2618522,4511077200.0
Papua New Guinea,1978-1982,0.4906400624646373,433.49999999999994,,2330841159.4
Paraguay,1978-1982,0.195486917927406,27.58333333333333,-0.8224767999999999,4293729972.2
People's Republic of Congo,1978-1982,0.3598003269658475,46.41666666666666,,
Peru,1978-1982,0.5393640722434165,314.3558473389354,-0.33142679999999997,18006980537.6
Philippines,1978-1982,0.4275507558984213,894.4838744588739,-0.1581318,31089089386.4
Poland,1978-1982,0.55083694199452,22756.250255892824,0.9487932000000001,
Portugal,1978-1982,0.55776727093564,928.0129490392641,0.8447354,29102396770.8
Qatar,1978-1982,0.5065110954723783,37.166666666666664,-0.1747544,6754412464.4
Republic of Kosovo,1978-1982,,,,
Republic of Serbia,1978-1982,0.0714285714285714,1.0,,
Reunion,1978-1982,0.2142302363214582,23.58333333333333,,
Romania,1978-1982,0.4220816019660776,4473.237467108048,0.6757516,
Russia,1978-1982,0.45320754776393,161784.53323038106,,
Rwanda,1978-1982,0.1886439093100781,14.166666666666659,,1216825193.26
Saint-Vincent-et-les-Grenadines,1978-1982,,,,
Samoa,1978-1982,0.0881653286615264,8.083333333333332,,121221651.6
San Marino,1978-1982,0.0714285714285714,1.0,,
Sao Tome & Principe,1978-1982,,,,
Saudi Arabia,1978-1982,0.5192315775756028,1056.3666666666663,-2.100818,138839723897.0
Senegal,1978-1982,0.5016802044569446,317.5499999999999,-0.39632860000000003,3951747863.8
Senegambia,1978-1982,0.4725562120363046,64.80555555555553,,
Serbia and Montenegro,1978-1982,,,,
Seychelles,1978-1982,0.1920859080005119,21.249999999999996,,132597126.142
Sierra Leone,1978-1982,0.3171480276321899,91.58333333333333,,1116196252.78
Singapore,1978-1982,0.522510808563492,849.2355519480518,0.2197184,11793967216.8
Slovakia,1978-1982,,,,
Slovenia,1978-1982,,,,
Solomon Islands,1978-1982,0.2259132652124008,23.83333333333333,,161353400.88
Somalia,1978-1982,0.2252397234390114,24.91666666666666,,646506081.62
South Africa,1978-1982,0.6573923644503409,10653.524696969685,-0.125504,70248626932.2
South Korea,1978-1982,0.6230982136841452,764.8874999999996,0.8459724,
South Sudan,1978-1982,,,,
Spain,1978-1982,0.5297406395918564,17161.219375477445,1.0511279999999998,201354800000.0
Sri Lanka,1978-1982,0.5423310771777647,460.98333333333323,-0.6505804,3861405272.4
St-Lucia,1978-1982,,,,
Sudan,1978-1982,0.4874843518685697,528.9357142857139,-1.192858,8683816666.6
Suriname,1978-1982,0.2335023679527338,17.41666666666666,,823400000.0
Swaziland,1978-1982,0.3259866576102477,24.483333333333324,,
Sweden,1978-1982,0.7198390683913996,31067.644553790076,1.9237739999999999,122797600000.0
Switzerland,1978-1982,0.6998492128586438,28891.002144505772,1.906914,110134246868.0
Syria,1978-1982,0.3752902699233427,35.583333333333314,-0.0014250000000000096,
Taiwan,1978-1982,0.5619104105727708,2298.202380952379,,
Tajikistan,1978-1982,,,,
Tanzania,1978-1982,0.5663381044829389,398.05995670995634,-0.979696,
Thailand,1978-1982,0.5416946982232443,1520.2348304473276,-0.1949792,31033523141.4
Togo,1978-1982,0.1970541337055833,34.58333333333333,-1.272062,927289496.36
Tonga,1978-1982,0.1965294234104856,5.25,,52760945.102
Trinidad and Tobago,1978-1982,0.4376324377496838,280.8944444444443,-0.3494376,5906616683.2
Tunisia,1978-1982,0.5473488681135869,350.9999999999999,-0.0905854,7692457012.8
Turkey,1978-1982,0.6267541006242117,1351.1261904761898,-0.002320600000000006,71783350086.2
Turkmenistan,1978-1982,,,,
Tuvalu,1978-1982,0.0714285714285714,0.5,,
Uganda,1978-1982,0.412651005278603,180.2285714285714,,1863739174.0
Ukraine,1978-1982,0.0714285714285714,0.333333333333333,,
United Arab Emirates,1978-1982,0.5052091303433641,41.33333333333333,-0.053861999999999986,38911237238.0
United Arab Republic,1978-1982,,,,
United Kingdom,1978-1982,0.9177026965818936,184374.59633710704,1.8351300000000001,479128000000.0
United States,1978-1982,0.8108038492388556,871948.5361767752,1.485558,2877414000000.0
Uruguay,1978-1982,0.4902541518089388,189.0238095238095,0.3205806,8496320076.2
Uzbekistan,1978-1982,,,,
Vanuatu,1978-1982,0.2577367828344636,8.5,,107393266.4725
Vatican,1978-1982,0.1376514867780669,1.0,,
Venezuela,1978-1982,0.6156288634302647,1810.9865079365068,-1.1796520000000001,
Vietnam,1978-1982,0.2417312180291703,165.66666666666666,-0.38512240000000003,
Western Sahara,1978-1982,0.0714285714285714,0.333333333333333,,
Yemen,1978-1982,0.2989452125979357,21.0,,
Yugoslavia,1978-1982,0.6495907702223284,5679.778827024409,,
Zambia,1978-1982,0.5491017884718713,301.38674242424236,-0.7189852,3567163889.0
Zimbabwe,1978-1982,0.4256779699259315,703.4999999999999,-0.20494060000000003,6551800520.0
Afghanistan,1983-1987,0.1380720821724522,16.333333333333332,,
Albania,1983-1987,0.1816062896788119,11.5,-0.12581,1983127661.25
Algeria,1983-1987,0.6317067847440885,467.7675324675321,-1.0962118,58175217408.4
Andorra,1983-1987,,,,419597496.08000004
Angola,1983-1987,0.1756678537895339,8.666666666666666,-1.766632,6925062495.4
Antarctica,1983-1987,0.0975156693850968,1.5,,
Antigua & Barbuda,1983-1987,,,,
Argentina,1983-1987,0.6470148687910269,7914.241057553547,0.0610496,98705534179.6
Armenia,1983-1987,,,,
Australia,1983-1987,0.773677142640858,55876.60219112661,-0.0694036,184320800000.0
Austria,1983-1987,0.7259250990970174,14724.790948739199,1.83508,86539460294.0
Azerbaijan,1983-1987,0.0714285714285714,1.0,,
Bahamas,1983-1987,0.210705951522106,13.445707070707059,,
Bahrain,1983-1987,0.3528755010750001,120.41666666666666,,3547393563.8
Bangladesh,1983-1987,0.5335271059243838,734.8222222222217,-0.6745076,20976075498.0
Barbados,1983-1987,0.4339249236712019,115.11666666666665,,1448913638.0
Belgium,1983-1987,0.7921087844001922,22106.32632338172,1.4095220000000002,105243006605.4
Belize,1983-1987,0.1951172098461384,1.5,,226369951.35999998
Benin,1983-1987,0.3453746546621722,29.76666666666665,,1218141800.8
Bermuda,1983-1987,0.2284421146027478,34.7095238095238,,1076920000.0
Bhutan,1983-1987,0.0714285714285714,1.0,,192325322.61999997
Bolivia,1983-1987,0.5417254600234069,73.73730158730152,-0.9224322,5050236382.4
Bosnia & Herzegovina,1983-1987,,,,
Botswana,1983-1987,0.4864949578012877,88.73333333333332,,1377145641.6
Brazil,1983-1987,0.6408106206492783,11363.750375033444,0.3110976,239498600000.0
Brunei,1983-1987,0.3339584974145791,14.166666666666666,,
Bulgaria,1983-1987,0.4699807945549094,6082.62487316604,0.6542298,19932865256.4
Burkina Faso,1983-1987,0.249731755372243,100.88452380952377,,1803758268.6
Burma,1983-1987,0.2823317482186857,56.060256410256386,-0.8210919999999999,
Burundi,1983-1987,0.3288386998624206,39.76527777777777,,1110648302.44
Byelarus,1983-1987,0.0714285714285714,0.5,,
Cambodia,1983-1987,0.1226824428598813,2.5,0.6177303999999999,
Cameroon,1983-1987,0.4912366347013496,160.70876623376617,-1.522506,9251113427.6
Canada,1983-1987,0.842321939572811,116508.77650604403,0.7785171999999999,373886400000.0
Cape Verde,1983-1987,0.0714285714285714,1.0,,
Central African Republic,1983-1987,0.2975116602720609,37.91948051948049,,896921326.54
Chad,1983-1987,0.146079765174604,4.0,,1003168869.86
Chile,1983-1987,0.6109798097415768,3581.4564425770254,-0.295533,19765565723.0
China,1983-1987,0.5571917420109398,16748.566149591115,0.2163046,274770600000.0
Ciskei,1983-1987,0.0975156693850968,1.5,,
Colombia,1983-1987,0.5054969915809857,519.6642857142849,0.05594260000000001,36638630328.2
Comoros,1983-1987,,,,237953762.58
Congo,1983-1987,0.3864167772361967,213.53968253968222,,
Cook Islands,1983-1987,0.1115981697257437,9.249999999999998,,
Costa Rica,1983-1987,0.2852432941130095,546.467857142857,-0.0122046,3935677288.2
Crimea,1983-1987,,,,
Croatia,1983-1987,0.0714285714285714,0.5,,
Cuba,1983-1987,0.4734918752808333,682.399542124542,,23721064908.0
Cyprus,1983-1987,0.3012412254781296,82.62619047619047,,2732914654.6
Czech Republic,1983-1987,0.1074255187142273,4.0,,
Czechoslovakia,1983-1987,0.5935319411473864,20080.572380805435,,
Denmark,1983-1987,0.692953190625551,18889.95502637624,1.451252,75980269484.2
Djibouti,1983-1987,0.1616435169101848,3.3666666666666663,,357180633.15
Dominican Republic,1983-1987,0.4214696810824018,42.53452380952379,-0.1904584,7561675632.8
Ecuador,1983-1987,0.3996996865933833,81.2273809523809,-1.0605452,16094733771.4
Egypt,1983-1987,0.4577260062354739,6480.736446886438,-0.4400848,
El Salvador,1983-1987,0.1831913162544211,19.099999999999998,0.14053960000000001,3739621760.0
Equatorial Guinea,1983-1987,,,,65327036.14
Eritrea,1983-1987,,,,
Estonia,1983-1987,0.1367365986891169,2.75,,
Ethiopia,1983-1987,0.4175362707452427,407.79166666666646,-0.8052412,9304194637.6
Fiji,1983-1987,0.4558641306237,141.99999999999997,,1182090324.8
Finland,1983-1987,0.7309905659478658,15836.40912077113,1.554688,64972898717.0
France,1983-1987,0.752226842802376,128530.13487375315,1.692516,669867000000.0
French-Guiana,1983-1987,0.1892362890186347,36.905555555555544,,
French-Polynesia,1983-1987,0.2619869177874191,48.22738095238091,,
Gabon,1983-1987,0.3417297629258685,88.7944444444444,-1.432868,3395615457.0
Gambia,1983-1987,0.1089733219435575,10.916666666666666,,
Georgia,1983-1987,,,,
Germany,1983-1987,0.7978744923281729,188252.79379932504,2.094706,914554000000.0
Gilbert & Ellice Islands,1983-1987,,,,
Greece,1983-1987,0.6032080413258538,6285.363338678222,0.336629,53460418658.6
Grenada,1983-1987,,,,169532882.06
Guadeloupe,1983-1987,0.2039619638153212,104.19999999999997,,
Guatemala,1983-1987,0.3566199594839637,178.98730158730143,-0.060177800000000004,8511603188.6
Guinea,1983-1987,0.2147126422538224,11.499999999999995,-1.850648,1982069478.0
Guinea-Bissau,1983-1987,0.1389085936990159,0.7,,149994814.56
Guyana,1983-1987,0.2818725672979961,43.39999999999998,,447939259.41999996
Haiti,1983-1987,0.3017077133825661,24.816666666666645,,1962880000.0
Hong-Kong,1983-1987,0.7709765740679075,3016.678348040845,,
Hungary,1983-1987,0.6038888352119897,13142.499304187357,0.7583328,
Iceland,1983-1987,0.5046414593291566,300.3388888888886,,3630325729.4
India,1983-1987,0.5717370172873713,66075.92504471772,0.1701934,238190400000.0
Indonesia,1983-1987,0.5069133149586548,442.70862511671294,-1.257558,81415833059.2
Iran,1983-1987,0.4743948452307757,531.9761904761904,-1.2126860000000002,
Iraq,1983-1987,0.4415103180662976,1081.5095238095232,,47884014152.4
Ireland,1983-1987,0.6840164909603048,5263.00959950781,1.3087199999999999,24985446438.8
Israel,1983-1987,0.8457877817130052,27458.141921228016,1.1816939999999998,32563686194.4
Italy,1983-1987,0.6697643412300514,59937.09416079205,1.7122199999999999,555849200000.0
Ivory Coast,1983-1987,0.4193935116179197,395.46587301587283,,
Jamaica,1983-1987,0.5438024673784446,567.2650793650791,-0.1066726,2826927591.2
Japan,1983-1987,0.5478275309176399,168343.12518767166,2.201034,1714470000000.0
Jordan,1983-1987,0.6648816478752062,611.1166666666666,0.6769176,5607585184.4
Kazakhstan,1983-1987,,,,
Kenya,1983-1987,0.4771800373104548,1559.5575507825488,-0.8839096,6703123424.0
Kiribati,1983-1987,0.1090070130352511,1.833333333333333,,35380689.322000004
Kuwait,1983-1987,0.5265544751052661,1281.3234487734483,-0.1493954,20855753606.6
Kyrgyzstan,1983-1987,,,,
Laos,1983-1987,0.1423799362463744,1.5,-0.306135,
Latvia,1983-1987,,,,
Lesotho,1983-1987,0.4048445389689659,45.36666666666667,,342024487.73999995
Libya,1983-1987,0.6157766877824854,276.33333333333326,,
Liechtenstein,1983-1987,0.1010897212508096,45.04444444444445,,677587795.3
Lithuania,1983-1987,,,,
Luxembourg,1983-1987,0.3809721508405044,100.89999999999999,,5910525757.4
Macau,1983-1987,0.1139548527835213,3.0,,
Macedonia,1983-1987,,,,
Madagascar,1983-1987,0.3177205443740868,64.85043290043288,-1.313296,3991168749.8
Malawi,1983-1987,0.3469753273050983,135.25238095238092,,1185858515.8
Malaysia,1983-1987,0.6661314738538311,1116.7234487734481,0.042326600000000006,31081342679.6
Maldives,1983-1987,0.0714285714285714,0.5,,115531868.26599999
Mali,1983-1987,0.2371729826633427,63.56666666666664,,1573137317.6
Malta,1983-1987,0.3288685937285954,23.0,,1314352437.4
Marshall Islands,1983-1987,0.0910041832068441,1.25,,49948800.0
Mauritania,1983-1987,0.232298633479999,9.083333333333332,-1.1479654,1156112347.4
Mauritius,1983-1987,0.2122112490463022,21.5,,1310141659.8
Mexico,1983-1987,0.7268909594864547,5157.395723209532,0.4553348,163546200000.0
Monaco,1983-1987,0.1779989950734293,88.91666666666666,,1313404599.4
Mongolia,1983-1987,0.3686634114309551,65.63243464052283,-0.3130794,2585553435.0
Montenegro,1983-1987,,,,
Morocco,1983-1987,0.5877776955652597,512.4416666666664,-0.19870519999999997,17458981759.4
Mozambique,1983-1987,0.3038549940468638,43.91666666666666,-0.2785248,
Namibia,1983-1987,0.3179954388502437,40.16666666666665,,1990094496.8
Nauru,1983-1987,,,,
Nepal,1983-1987,0.4377633334681462,124.16190476190474,,2691267210.0
Netherlands,1983-1987,0.8216532959385131,43948.67873124044,1.181658,177422400000.0
Netherlands-Antilles,1983-1987,0.1823874484615716,17.83333333333332,,
New Zealand,1983-1987,0.6719017143849537,11563.014575598963,0.4641534,28327214569.6
New-Caledonia,1983-1987,0.34095933738111,100.17738095238086,,
Nicaragua,1983-1987,0.2215607418321958,30.366666666666667,-0.532354,3053919888.2
Niger,1983-1987,0.4017024576836699,57.153968253968216,,1768405464.2
Nigeria,1983-1987,0.6192079087108766,5901.576190476185,-1.9872520000000002,70361397396.0
Niue,1983-1987,0.0714285714285714,0.2,,
North Korea,1983-1987,0.2486762887922873,12.999999999999996,,
Norway,1983-1987,0.7268051675275811,12280.950458618814,0.8947212,72405076942.6
Oman,1983-1987,0.3429209363696905,18.083333333333332,-0.08589179999999999,8378882829.6
Pakistan,1983-1987,0.5081546619176569,1204.1059847015717,-0.230842,31247847081.2
Palau,1983-1987,0.1402516312980963,5.0,,
Palestine,1983-1987,,,,
Panama,1983-1987,0.2722626566691435,177.911111111111,0.1713094,6454831920.0
Papua New Guinea,1983-1987,0.4529952268177023,503.59920634920604,,2666054794.6
Paraguay,1983-1987,0.3426464015168999,30.39999999999999,-0.8013273999999999,4230639887.2
People's Republic of Congo,1983-1987,0.2888421420569713,96.3742424242424,,
Peru,1983-1987,0.4988600590421942,307.9768740031896,-0.378501,17488128576.2
Philippines,1983-1987,0.407137312926773,865.3420958126833,-0.24639860000000002,31683856299.0
Poland,1983-1987,0.5318879784975092,23444.87908804319,0.76495,
Portugal,1983-1987,0.6430096799929852,1764.158300441387,0.8032619999999999,33300450932.6
Qatar,1983-1987,0.4477573168231996,91.66666666666664,0.23337059999999998,5964945044.0
Republic of Kosovo,1983-1987,,,,
Republic of Serbia,1983-1987,0.0714285714285714,0.5,,
Reunion,1983-1987,0.1836496118920383,25.116666666666664,,
Romania,1983-1987,0.3943733521536059,4793.479332187414,0.739425,38413636364.0
Russia,1983-1987,0.475634749510946,185158.75796950102,,
Rwanda,1983-1987,0.2298391257081891,45.599999999999966,,1776974401.6
Saint-Vincent-et-les-Grenadines,1983-1987,,,,
Samoa,1983-1987,0.1822424518299922,9.0,,105859540.316
San Marino,1983-1987,0.0714285714285714,0.499999999999999,,
Sao Tome & Principe,1983-1987,,,,
Saudi Arabia,1983-1987,0.5367250589114334,3217.4873015872977,-0.6787054,105070556782.6
Senegal,1983-1987,0.3810386119714152,26.75,-0.5244823999999999,4474572160.4
Senegambia,1983-1987,0.564361614153086,465.1879329004325,,
Serbia and Montenegro,1983-1987,,,,
Seychelles,1983-1987,0.1656569960078618,9.583333333333334,,184806259.0
Sierra Leone,1983-1987,0.3805021340959923,87.8095238095238,,826191144.96
Singapore,1983-1987,0.6528702684969288,2090.377777777777,0.5651042000000001,19239193525.8
Slovakia,1983-1987,0.0714285714285714,1.0,,
Slovenia,1983-1987,0.0714285714285714,1.0,,
Solomon Islands,1983-1987,0.2514582623405947,17.666666666666664,,222935442.28000003
Somalia,1983-1987,0.3331084130529392,29.492857142857133,,867744925.26
South Africa,1983-1987,0.6777369926432621,13949.925599283104,-0.1702548,75987576572.2
South Korea,1983-1987,0.4966421521505672,2575.0404645191365,0.911227,
South Sudan,1983-1987,,,,
Spain,1983-1987,0.6067849582346518,28698.86261615477,1.148222,218783200000.0
Sri Lanka,1983-1987,0.5953080523738712,477.40757575757556,-0.5676144,6055445360.2
St-Lucia,1983-1987,,,,
Sudan,1983-1987,0.4173097642249271,599.8385281385274,-1.0095152,13251972475.6
Suriname,1983-1987,0.1232070398857938,9.366666666666667,,898300000.0
Swaziland,1983-1987,0.2985234227102076,33.45833333333333,,
Sweden,1983-1987,0.733969889516056,39695.88728161391,1.9783439999999999,132369400000.0
Switzerland,1983-1987,0.7486019400122822,31778.16159870558,1.998776,134662600000.0
Syria,1983-1987,0.3225696191235762,97.16666666666664,-0.3193562,
Taiwan,1983-1987,0.5675877282869298,4798.175490196073,,
Tajikistan,1983-1987,,,,
Tanzania,1983-1987,0.4611091770769687,473.8206349206345,-1.0049586,
Thailand,1983-1987,0.574862997034818,1751.6752747252713,-0.1517918,42874659347.4
Togo,1983-1987,0.3620939722977966,32.65833333333332,-1.500756,911253227.5799999
Tonga,1983-1987,0.1646403480273205,5.06111111111111,,67006794.174
Trinidad and Tobago,1983-1987,0.5028131538523715,361.3166666666665,-0.1033712,6497794784.4
Tunisia,1983-1987,0.553169325912135,568.0409090909088,0.08671,8745932335.0
Turkey,1983-1987,0.6666091166500631,2193.97857142857,0.2187122,70360787465.8
Turkmenistan,1983-1987,,,,2331358820.0
Tuvalu,1983-1987,,,,
Uganda,1983-1987,0.4225167790405314,139.6742424242424,,3913678177.2
Ukraine,1983-1987,0.0714285714285714,2.0,,64087694038.0
United Arab Emirates,1983-1987,0.3332582180206209,119.28333333333332,-0.3552298,39108689730.4
United Arab Republic,1983-1987,,,,
United Kingdom,1983-1987,0.9055907884103754,213712.78133103444,1.8648400000000003,557401200000.0
United States,1983-1987,0.8142575651364767,1003838.7394012253,1.605396,4289096000000.0
Uruguay,1983-1987,0.4621564746347752,206.54999999999978,0.3753184,5586429487.8
Uzbekistan,1983-1987,,,,
Vanuatu,1983-1987,0.1140284725764129,13.116666666666656,,123780318.35999998
Vatican,1983-1987,0.1271782091956289,17.61666666666665,,
Venezuela,1983-1987,0.6957057999915075,2069.171428571426,-0.45214859999999996,
Vietnam,1983-1987,0.3458098705372947,297.4166666666666,-0.8019364,25696470973.666668
Western Sahara,1983-1987,,,,
Yemen,1983-1987,0.4614579886266747,45.06666666666666,0.19344175,
Yugoslavia,1983-1987,0.6570299627132876,6874.486185056764,,
Zambia,1983-1987,0.5082706403998981,276.59166666666647,-0.6284816,2433770731.2
Zimbabwe,1983-1987,0.4865026681824519,600.1666666666664,-0.6979496000000001,6542438200.0
Afghanistan,1988-1992,0.19089215220763,9.666666666666666,,
Albania,1988-1992,0.3440678088181454,50.1095238095238,-0.23946579999999998,1616922803.76
Algeria,1988-1992,0.613840077960977,611.3505050505046,-0.5286126,54096864388.4
Andorra,1988-1992,0.0714285714285714,1.0,,972573197.72
Angola,1988-1992,0.2705777646380168,12.144444444444442,-1.7378900000000002,9822142013.6
Antarctica,1988-1992,0.1146968844383412,0.499999999999999,,
Antigua & Barbuda,1988-1992,0.0714285714285714,0.5,,
Argentina,1988-1992,0.6773333780700077,9092.455681884545,0.04609300000000001,152540979607.2
Armenia,1988-1992,0.3257144186167338,135.93596491228067,,1865980945.3333333
Australia,1988-1992,0.7822973412179803,61798.37713826094,-0.1400326,299178600000.0
Austria,1988-1992,0.7587999986763567,16890.660910662653,1.940026,160356000000.0
Azerbaijan,1988-1992,0.2618100701753434,164.08333333333326,-0.392366,7547240768.333333
Bahamas,1988-1992,0.1809656771410132,10.616666666666664,,
Bahrain,1988-1992,0.4937347539247477,307.7333333333333,,4232606383.0
Bangladesh,1988-1992,0.4758880810852537,878.1249999999992,-0.6776956000000001,29925084060.4
Barbados,1988-1992,0.3634280277159707,118.14285714285711,,1961727648.8
Belgium,1988-1992,0.805011784913402,25023.079237873222,1.477212,195429000000.0
Belize,1988-1992,0.0990390392497664,5.033333333333333,,412854709.3
Benin,1988-1992,0.35053480879123,59.2928571428571,,1752851801.6
Bermuda,1988-1992,0.2410139131960776,37.02619047619046,,1564760012.8
Bhutan,1988-1992,0.1294587363880702,6.666666666666666,,272086639.54
Bolivia,1988-1992,0.436443583131081,89.75119047619043,-0.8878389999999999,5033668942.0
Bosnia & Herzegovina,1988-1992,0.2035383569551089,9.7,,
Botswana,1988-1992,0.3399320281329613,106.31111111111109,,3521642220.0
Brazil,1988-1992,0.6573573472441003,15951.356294957366,0.4028632,444280600000.0
Brunei,1988-1992,0.2791091066148335,34.33333333333333,,
Bulgaria,1988-1992,0.5302350613192905,7017.935615479662,0.5544005999999999,17294108076.0
Burkina Faso,1988-1992,0.3460262681157241,109.4523809523808,,2741648273.8
Burma,1988-1992,0.2680365400340619,66.7619047619047,-1.127156,
Burundi,1988-1992,0.3621411988092162,52.516666666666644,,1115772950.2
Byelarus,1988-1992,0.3232968084528733,480.49999999999983,,
Cambodia,1988-1992,0.1721363132765881,5.333333333333333,-0.2438924,
Cameroon,1988-1992,0.5952859389251526,381.9182539682535,-1.7612619999999999,11723120234.4
Canada,1988-1992,0.8295427131162891,134173.4855395184,0.6725228,573811200000.0
Cape Verde,1988-1992,0.0944713571871345,2.75,,
Central African Republic,1988-1992,0.2962324023305446,66.69999999999996,,1345766726.0
Chad,1988-1992,0.1790075330444234,4.166666666666666,,1682774977.2
Chile,1988-1992,0.639647399192983,4567.189519630689,-0.4502376,34567784808.6
China,1988-1992,0.4776164322742137,32668.627686475793,0.25796260000000004,366253800000.0
Ciskei,1988-1992,0.3998364010120063,19.416666666666664,,
Colombia,1988-1992,0.5408861276696968,649.641702741702,-0.1193698,46838254462.8
Comoros,1988-1992,0.1084524425378301,2.33333333333333,,401819262.78000003
Congo,1988-1992,0.4654418544898148,203.318903318903,,
Cook Islands,1988-1992,0.2139933668436502,5.333333333333332,,
Costa Rica,1988-1992,0.3172471090716176,524.1702380952377,-0.0201728,6254987308.6
Crimea,1988-1992,,,,
Croatia,1988-1992,0.3337417842400325,164.6666666666666,1.00807,
Cuba,1988-1992,0.5365396554725643,966.5834267040143,,25906063795.2
Cyprus,1988-1992,0.3544180254285584,95.96481413702138,,5423150644.6
Czech Republic,1988-1992,0.2109654057267614,432.1314009661823,,34914319434.0
Czechoslovakia,1988-1992,0.6538515967398932,20149.229922671,,
Denmark,1988-1992,0.7211728172689171,21027.723440130725,1.6549420000000001,131670000000.0
Djibouti,1988-1992,0.2212329823388655,8.516666666666662,,439564603.28000003
Dominican Republic,1988-1992,0.4962170826141692,46.06507936507933,-0.2524578,8045035344.6
Ecuador,1988-1992,0.5119244883191731,121.12600732600725,-0.981119,15452953349.4
Egypt,1988-1992,0.4224287181502072,8050.464431298822,-0.430076,
El Salvador,1988-1992,0.2684982873668462,23.45,0.3235232,4889075840.8
Equatorial Guinea,1988-1992,0.1068679214150901,4.33333333333333,,109306652.176
Eritrea,1988-1992,,,,477101651.6
Estonia,1988-1992,0.5099884852914833,59.64999999999998,0.154759,
Ethiopia,1988-1992,0.4332295450642205,580.0916666666664,-0.9943984,11703509765.2
Fiji,1988-1992,0.3886850597181157,90.63205683205678,,1309067041.6
Finland,1988-1992,0.7745849643236113,18216.892812847367,1.7744,121963200000.0
France,1988-1992,0.7662443692867815,147005.7745191873,1.636702,1196798000000.0
French-Guiana,1988-1992,0.2083273219860154,42.01666666666665,,
French-Polynesia,1988-1992,0.3071139685136261,79.07222222222215,,
Gabon,1988-1992,0.4450982312569428,119.09999999999988,-1.310036,4993703881.4
Gambia,1988-1992,0.0714285714285714,1.5,,
Georgia,1988-1992,0.3384708949215669,109.33333333333331,-0.21613,5933815575.333333
Germany,1988-1992,0.8082385859633616,203631.7700070201,2.224448,1714478000000.0
Gilbert & Ellice Islands,1988-1992,,,,
Greece,1988-1992,0.627940400264195,9193.413731197988,0.1382684,94937882595.2
Grenada,1988-1992,0.0714285714285714,0.333333333333333,,278540452.43999994
Guadeloupe,1988-1992,0.2805920528039477,77.79999999999997,,
Guatemala,1988-1992,0.4018169934255502,195.51111111111086,-0.14014100000000002,8749878460.4
Guinea,1988-1992,0.2936808700458042,23.33333333333333,-1.51536,2756491433.4
Guinea-Bissau,1988-1992,0.1310213654520012,8.416666666666652,,221005390.0
Guyana,1988-1992,0.3040575521954777,34.199999999999996,,382453575.86
Haiti,1988-1992,0.3511447429672601,26.761904761904738,,2835424534.0
Hong-Kong,1988-1992,0.7512749591447171,4751.939285714279,,
Hungary,1988-1992,0.6352129309488288,11945.94940378356,0.8309262000000001,36742077805.5
Iceland,1988-1992,0.6091051769552556,485.1945007907464,,6457422552.0
India,1988-1992,0.573190297542398,69644.5106456132,0.178942,294384600000.0
Indonesia,1988-1992,0.496899958431966,515.0202380952376,-0.6068578,105908320475.0
Iran,1988-1992,0.5701923069004388,716.5999999999998,-1.272232,
Iraq,1988-1992,0.4186028003675794,1073.1999999999996,,102676806476.0
Ireland,1988-1992,0.774720090434953,5913.892699563706,1.438574,46460165876.2
Israel,1988-1992,0.8421875791734896,28917.86790283879,1.133006,60435527228.6
Italy,1988-1992,0.6838570529907051,79084.87315801834,1.722426,1113574000000.0
Ivory Coast,1988-1992,0.3546431233003331,301.2103174603171,,
Jamaica,1988-1992,0.5814432885848317,515.1138888888885,-0.2821004,4085523361.6
Japan,1988-1992,0.5352118555466471,218387.23378597677,2.416712,3350528000000.0
Jordan,1988-1992,0.6813851491942446,1011.5789682539677,0.3458342,4878617010.4
Kazakhstan,1988-1992,0.3197633582299216,209.9526315789473,-0.420723,25573601348.333332
Kenya,1988-1992,0.4519340289391822,1752.1395724158856,-0.9584998,8314292573.2
Kiribati,1988-1992,0.0714285714285714,0.5,,43830902.432
Kuwait,1988-1992,0.5967340803110605,1648.0837301587292,-0.1719798,18859943339.2
Kyrgyzstan,1988-1992,0.3052247739451975,17.333333333333332,,
Laos,1988-1992,0.1935158708157194,4.366666666666663,-0.5581156,
Latvia,1988-1992,0.2602934274529254,203.4499999999998,-0.092093,
Lesotho,1988-1992,0.3812607644986021,37.77777777777778,,619514461.24
Libya,1988-1992,0.5182790174820062,251.11666666666662,,31592746890.666668
Liechtenstein,1988-1992,0.2512935125003495,47.759523809523785,,1363714951.8
Lithuania,1988-1992,0.423332673357275,74.91025641025641,0.117757,
Luxembourg,1988-1992,0.4211521969626657,122.01918498168496,,12751706656.6
Macau,1988-1992,0.3229663022524544,12.199999999999996,,
Macedonia,1988-1992,0.1088094077311815,6.333333333333333,,
Madagascar,1988-1992,0.3628813508803278,87.58257575757568,-0.5296626,3453222045.6
Malawi,1988-1992,0.4054630308466295,152.30152625152616,,1770794867.0
Malaysia,1988-1992,0.6852992068571093,1433.6520202020185,0.079666,45291064896.2
Maldives,1988-1992,0.0876408095642643,1.5,,220511306.61999997
Mali,1988-1992,0.3440242690258753,70.70952380952379,,2517515921.6
Malta,1988-1992,0.3626226164709802,64.88809523809523,,2491432849.8
Marshall Islands,1988-1992,0.1455424602261732,4.333333333333333,,79106400.0
Mauritania,1988-1992,0.2825445852297722,9.483333333333329,-1.3297139999999998,1734099793.4
Mauritius,1988-1992,0.139507990915198,33.79166666666665,,2610217110.6
Mexico,1988-1992,0.7218207517502555,6800.466171322629,0.7385494,268113600000.0
Monaco,1988-1992,0.1718458588003828,75.35833333333329,,2341934422.6
Mongolia,1988-1992,0.4516834079985449,77.59761904761899,-0.3475738,2607768843.4
Montenegro,1988-1992,0.0714285714285714,0.5,,
Morocco,1988-1992,0.5121192992053127,919.7718903802376,-0.3657644,29639216506.0
Mozambique,1988-1992,0.3296556844280304,43.99999999999997,-0.2533556,3174650188.5
Namibia,1988-1992,0.2110823325822212,91.93174603174599,,2845216155.8
Nauru,1988-1992,0.0714285714285714,0.5,,
Nepal,1988-1992,0.4235440845727647,151.68690476190469,,3592497594.0
Netherlands,1988-1992,0.8403437452266345,56592.724830980034,1.266982,305808400000.0
Netherlands-Antilles,1988-1992,0.245703163416796,10.249999999999996,,
New Zealand,1988-1992,0.6899010103557703,12329.43681062641,0.33799260000000003,43797464619.2
New-Caledonia,1988-1992,0.2558920475139015,106.86078643578632,,
Nicaragua,1988-1992,0.2898890949303523,44.76666666666666,-0.47552700000000003,1587029723.2
Niger,1988-1992,0.3413890061864734,123.2499999999999,,2943316040.6
Nigeria,1988-1992,0.5944896265913541,5245.545393495386,-1.8795679999999997,48920137159.8
Niue,1988-1992,,,,
North Korea,1988-1992,0.4369918562783716,23.083333333333332,,
Norway,1988-1992,0.7474483674048809,13483.108096904143,0.9662414,115407200000.0
Oman,1988-1992,0.4774289528430769,174.61666666666662,-0.1424634,10647438231.6
Pakistan,1988-1992,0.4571544581817562,1791.630097680096,-0.5706488000000001,42632805310.6
Palau,1988-1992,0.0802222637906526,2.5,,
Palestine,1988-1992,,,,
Panama,1988-1992,0.2752247903541739,224.88333333333318,0.1288166,6674446680.0
Papua New Guinea,1988-1992,0.6210848175735393,446.7619047619044,,3717509142.4
Paraguay,1988-1992,0.3219372905981537,47.77777777777776,-0.9292204,5793464409.0
People's Republic of Congo,1988-1992,0.4480206691817505,114.30158730158719,,
Peru,1988-1992,0.5325100636336317,462.2325396825391,-0.27159560000000005,26931424500.6
Philippines,1988-1992,0.4330632839490799,890.0490351753497,-0.1446952,44633224862.4
Poland,1988-1992,0.5195428760268153,24832.301977382795,0.7024383999999999,81938578555.0
Portugal,1988-1992,0.6919128336583478,3436.5467620403806,0.6811429999999999,78496160635.8
Qatar,1988-1992,0.4306561778671381,220.86666666666665,-0.014295400000000003,6883241802.4
Republic of Kosovo,1988-1992,,,,
Republic of Serbia,1988-1992,0.238495173932373,21.166666666666664,,
Reunion,1988-1992,0.4484385861034673,40.51285714285713,,
Romania,1988-1992,0.3844896310929097,3525.905036630033,0.7419604,35206118478.2
Russia,1988-1992,0.5097740354733873,182604.9466840807,-0.09975,
Rwanda,1988-1992,0.2381217066326568,61.62987012987006,,2258265820.6
Saint-Vincent-et-les-Grenadines,1988-1992,,,,
Samoa,1988-1992,0.1657601084946636,13.416666666666664,,127914238.34
San Marino,1988-1992,0.14002915946337,3.75,,
Sao Tome & Principe,1988-1992,,,,
Saudi Arabia,1988-1992,0.5273940990383412,5065.530445431756,-0.0563674,114108306809.0
Senegal,1988-1992,0.2535515555796548,8.499999999999998,-0.7493124,6896241459.6
Senegambia,1988-1992,0.4635589845137765,520.5452380952372,,
Serbia and Montenegro,1988-1992,0.0714285714285714,1.0,,
Seychelles,1988-1992,0.2148410457482155,6.5,,353054629.04
Sierra Leone,1988-1992,0.4196027680593637,67.87397504456327,,819536528.04
Singapore,1988-1992,0.6548188191302959,3784.19393749525,0.749071,37915518588.0
Slovakia,1988-1992,0.2822321526876937,141.69999999999985,,
Slovenia,1988-1992,0.2792843001560543,105.5537037037036,1.43562,14854316936.0
Solomon Islands,1988-1992,0.2607748985689754,18.785714285714285,,328923839.86
Somalia,1988-1992,0.2263514464722943,46.95757575757572,,1015909491.6666666
South Africa,1988-1992,0.673932958105707,15834.68093506175,-0.2193044,113649499558.6
South Korea,1988-1992,0.4518015744943577,7253.120983425971,0.8993990000000001,
South Sudan,1988-1992,,,,
Spain,1988-1992,0.6877358235474523,44244.68853784548,1.177284,507111600000.0
Sri Lanka,1988-1992,0.5673909221969701,589.542099567099,-0.47380380000000005,8140312931.2
St-Lucia,1988-1992,0.2303019394571206,6.333333333333326,,
Sudan,1988-1992,0.4716491086487779,481.1191409897286,-0.9963458,12302552816.0
Suriname,1988-1992,0.1583463882810895,13.993589743589725,,588940000.0
Swaziland,1988-1992,0.2922193178223021,38.15555555555555,,
Sweden,1988-1992,0.7355992483025096,44648.32191195766,2.164732,249066200000.0
Switzerland,1988-1992,0.7810051342641334,34782.547174618165,2.195658,240474400000.0
Syria,1988-1992,0.3310994279494081,207.03333333333325,-0.5365757999999999,
Taiwan,1988-1992,0.4904397126917638,13403.334627074473,,
Tajikistan,1988-1992,0.3347173154460326,40.83333333333333,,2357787395.6666665
Tanzania,1988-1992,0.4754454673765623,495.2769591519586,-1.159146,4667463736.0
Thailand,1988-1992,0.5785866320872066,1743.613875013872,0.0304346,85789767386.6
Togo,1988-1992,0.2555733450205381,60.97777777777777,-1.161627,1531096727.6
Tonga,1988-1992,0.1763671383823924,2.730158730158728,,119166675.2
Trinidad and Tobago,1988-1992,0.5153202238088406,351.3999999999998,0.1436294,4927073944.0
Tunisia,1988-1992,0.4495268475151786,1015.2526394240668,-0.0023578000000000036,12212201028.4
Turkey,1988-1992,0.6625719780835728,4830.569931776613,0.1798382,131431762801.0
Turkmenistan,1988-1992,0.2182060714026228,11.583333333333332,-0.53812,3123229801.4
Tuvalu,1988-1992,0.0714285714285714,3.0,,9310854.375
Uganda,1988-1992,0.3201166166406235,153.99015151515144,,4453799684.2
Ukraine,1988-1992,0.3318960745459292,2267.4166666666624,0.056669,78055278832.2
United Arab Emirates,1988-1992,0.5399363464643709,316.9928571428571,-0.17960199999999998,46846690275.0
United Arab Republic,1988-1992,,,,
United Kingdom,1988-1992,0.8788967289074218,228144.6168378351,1.886764,1050527600000.0
United States,1988-1992,0.816124903493598,1097083.8715096267,1.5768600000000002,5903924000000.0
Uruguay,1988-1992,0.7125388848716709,386.242857142857,0.1575148,10007095525.2
Uzbekistan,1988-1992,0.2557896483568126,301.1719298245613,-0.349566,13326509172.0
Vanuatu,1988-1992,0.2446043945033295,13.541666666666664,,167287505.06
Vatican,1988-1992,0.1883375049800256,7.98333333333332,,
Venezuela,1988-1992,0.7260889708922755,2108.7103896103863,-0.1596506,
Vietnam,1988-1992,0.2400602238964568,426.54339826839777,-0.982929,11533843637.2
Western Sahara,1988-1992,,,,
Yemen,1988-1992,0.3878887809047412,86.96590909090908,-0.913905,
Yugoslavia,1988-1992,0.6387904423217703,8967.967222759802,,
Zambia,1988-1992,0.3986305134078003,277.1234126984126,-0.7588858,3511654734.2
Zimbabwe,1988-1992,0.5365422949708963,901.4071789321783,-0.6096586,8055575480.0
Afghanistan,1993-1997,0.0714285714285714,1.0,,
Albania,1993-1997,0.3504808558906135,113.6502228163992,-0.28848219999999997,2183438006.2
Algeria,1993-1997,0.4797058494868891,860.743964182408,-0.7466928,45874487651.4
Andorra,1993-1997,0.1050403964769091,0.833333333333333,,1121571300.0
Angola,1993-1997,0.2283378316420784,12.716666666666665,-1.597358,6184122943.6
Antarctica,1993-1997,,,,
Antigua & Barbuda,1993-1997,0.0841160847200936,2.0,,
Argentina,1993-1997,0.6186924026167602,11910.887442622861,-0.0065065999999999995,263444600000.0
Armenia,1993-1997,0.362762181420892,1010.3470406864562,,1444250111.6
Australia,1993-1997,0.7866332523891362,78697.09882359486,0.002762200000000001,367168600000.0
Austria,1993-1997,0.7674306838926817,21349.872808263637,2.044616,216998800000.0
Azerbaijan,1993-1997,0.3014545260006446,878.3214285714278,0.03923079999999999,3495359764.2
Bahamas,1993-1997,0.2554951989709602,7.784523809523808,,
Bahrain,1993-1997,0.5219574432377873,293.91666666666663,,5813670212.6
Bangladesh,1993-1997,0.4865026225185874,1246.2124209124197,-0.9626428,39911544462.2
Barbados,1993-1997,0.4523000541302903,119.16091269841264,,2258738129.4
Belgium,1993-1997,0.8057227583335744,31692.49364615393,1.487806,257908200000.0
Belize,1993-1997,0.1691399909818512,10.594444444444441,,611312100.0
Benin,1993-1997,0.3098837019386806,121.26666666666655,,2134335844.6
Bermuda,1993-1997,0.2477046637029231,38.28333333333329,,2269297390.4
Bhutan,1993-1997,0.2209206821941567,7.833333333333333,,298295991.88
Bolivia,1993-1997,0.4487003100770939,156.77128237259797,-0.8036996000000001,6750756412.0
Bosnia & Herzegovina,1993-1997,0.4536201875722127,74.39999999999998,,
Botswana,1993-1997,0.4256778762886969,242.51507936507932,,4603599181.8
Brazil,1993-1997,0.6671993775177059,23731.210806208517,0.5363758,699768400000.0
Brunei,1993-1997,0.505827826323162,66.29999999999998,,
Bulgaria,1993-1997,0.5739885548228303,5998.341933516212,0.3898492,12624127650.0
Burkina Faso,1993-1997,0.4759566901185244,148.7246753246751,,2328209445.2
Burma,1993-1997,0.2796209190288685,55.97916666666664,-1.248044,
Burundi,1993-1997,0.2809358452850901,60.824603174603126,,941204344.0799999
Byelarus,1993-1997,0.3804043259677238,4965.971573631039,,
Cambodia,1993-1997,0.1786236978810306,13.603846153846145,-1.002122,3143295533.2
Cameroon,1993-1997,0.5587599463983319,529.8894536019532,-1.775082,11417835014.4
Canada,1993-1997,0.8288690487137017,145733.1274111866,0.8123766,608142400000.0
Cape Verde,1993-1997,0.1521335052214295,1.033333333333333,,
Central African Republic,1993-1997,0.349453340097748,25.91865079365078,,1038175580.72
Chad,1993-1997,0.2436380349139357,12.999999999999993,,1448208786.6
Chile,1993-1997,0.6313030119284304,5426.435473819186,-0.26409380000000005,68549038977.8
China,1993-1997,0.4375514965447822,55809.053113580274,0.2088692,713791000000.0
Ciskei,1993-1997,0.4127557730976585,41.71666666666666,,
Colombia,1993-1997,0.6342791816722977,1025.4315943210581,-0.0673518,88895538862.0
Comoros,1993-1997,0.2149168308014444,2.999999999999999,,386206364.08000004
Congo,1993-1997,0.4882848188612912,194.37246505567384,,
Cook Islands,1993-1997,0.2352877554877773,7.916666666666666,,
Costa Rica,1993-1997,0.3516003789990238,684.635156510156,-0.1553576,11130749594.8
Crimea,1993-1997,,,,
Croatia,1993-1997,0.5975412942862377,3839.1892738229776,0.80124,23327479107.0
Cuba,1993-1997,0.5600458617432242,1277.6687647518213,,26325732414.6
Cyprus,1993-1997,0.5273383625510344,311.76825113366147,,8701773073.6
Czech Republic,1993-1997,0.6857066547880319,11838.890400857164,1.402264,55344529691.2
Czechoslovakia,1993-1997,0.588769115978562,3649.0880697951525,,
Denmark,1993-1997,0.7491134354589328,25023.123090362616,1.6273,169107000000.0
Djibouti,1993-1997,0.1342904947425819,3.64285714285714,,490428368.03999996
Dominican Republic,1993-1997,0.452070212496272,52.412802883391066,-0.505026,16520712006.4
Ecuador,1993-1997,0.3551571577967447,207.36579913397404,-1.0057184,23893744272.4
Egypt,1993-1997,0.4516963659662004,8887.423886477976,-0.44565540000000003,
El Salvador,1993-1997,0.3892002545688164,28.949999999999996,0.013711200000000003,8617926800.0
Equatorial Guinea,1993-1997,0.2364513034944952,6.027777777777776,,210701830.44
Eritrea,1993-1997,0.2712344223604866,5.399999999999999,,591520539.1600001
Estonia,1993-1997,0.6242124865588714,1464.6898018647996,0.3984626,4509884547.8
Ethiopia,1993-1997,0.3743648643952758,720.9821428571416,-1.0428878000000001,8111959793.6
Fiji,1993-1997,0.4244807965144043,97.53390747670406,,1930864065.8
Finland,1993-1997,0.7721092322417928,24239.896239144524,1.907518,117149022941.6
France,1993-1997,0.7456153744981301,178463.3253714406,1.6660899999999998,1475290000000.0
French-Guiana,1993-1997,0.3013651326131086,74.53333333333326,,
French-Polynesia,1993-1997,0.2444300063862921,132.01779609279595,,
Gabon,1993-1997,0.4063269959769849,108.75714285714274,-1.452542,4909833499.4
Gambia,1993-1997,0.2786250714816967,122.4900183150182,,
Georgia,1993-1997,0.4121001448331741,801.4199855699846,0.197252,2902847840.4
Germany,1993-1997,0.8020113477512454,234150.5968819013,2.295194,2314282000000.0
Gilbert & Ellice Islands,1993-1997,,,,
Greece,1993-1997,0.6740593507634738,13857.733647275347,0.0560934,130261800000.0
Grenada,1993-1997,0.1269306080604973,4.0,,347239711.1
Guadeloupe,1993-1997,0.3242466324410721,184.41382783882773,,
Guatemala,1993-1997,0.3852383779752452,133.23809523809507,-0.0859644,14500688858.2
Guinea,1993-1997,0.2259707604960156,14.217460317460311,-1.354322,3601771288.4
Guinea-Bissau,1993-1997,0.292469165994083,18.469047619047593,,253087713.01999998
Guyana,1993-1997,0.2618812150136914,35.39999999999999,,614229422.72
Haiti,1993-1997,0.2242038107358499,16.938461538461524,,2621115913.6
Hong-Kong,1993-1997,0.7325318878545375,10337.242763828035,,
Hungary,1993-1997,0.6478570756591542,12041.830162704808,0.9259988,44734596298.2
Iceland,1993-1997,0.7097400877390098,832.4954810864747,,6956101384.0
India,1993-1997,0.5576783133968024,72663.58279065722,0.040888,355123800000.0
Indonesia,1993-1997,0.480201051075426,796.9677392624641,-0.4023788,196030000000.0
Iran,1993-1997,0.5179565178621843,1953.0823315573296,-1.0070424,
Iraq,1993-1997,0.5188669498286995,416.5833333333332,,
Ireland,1993-1997,0.8173625674950101,8114.233181643315,1.376838,67515136694.8
Israel,1993-1997,0.8357115232709709,34484.45294855595,1.15278,97480511576.0
Italy,1993-1997,0.7160666771608161,108536.02799654426,1.6713720000000003,1178630000000.0
Ivory Coast,1993-1997,0.516452231182668,322.3807539682536,,
Jamaica,1993-1997,0.6071333601653447,512.8537348028723,-0.6054348,6621230011.8
Japan,1993-1997,0.5401669400193843,280598.1217395506,2.5355060000000003,4811748000000.0
Jordan,1993-1997,0.6507753975716372,1182.064657564657,-0.0008457999999999993,6641194237.0
Kazakhstan,1993-1997,0.4081220219399467,940.4390239432566,0.0460014,21647092735.4
Kenya,1993-1997,0.3882030796243774,1841.1912768360003,-0.71933,9421578705.0
Kiribati,1993-1997,0.0714285714285714,0.333333333333333,,58428617.410000004
Kuwait,1993-1997,0.5901286816621483,1488.208563175953,-0.5831784,27565928611.0
Kyrgyzstan,1993-1997,0.5668516879668761,117.16785714285712,,
Laos,1993-1997,0.2294922176216461,6.049999999999999,-0.6999292,
Latvia,1993-1997,0.4713679384111484,1079.1628507556456,0.068492,6076998571.333333
Lesotho,1993-1997,0.500408253744613,30.18333333333333,,931970482.8799999
Libya,1993-1997,0.604279578526535,167.14285714285708,,28678465769.0
Liechtenstein,1993-1997,0.3334537918637507,63.86666666666664,,2170425552.0
Lithuania,1993-1997,0.4446483140231941,1085.0063115628313,0.16766960000000003,8792055258.0
Luxembourg,1993-1997,0.5185233173657973,179.01991634211845,,19581876873.2
Macau,1993-1997,0.2877256457972972,19.515079365079362,,
Macedonia,1993-1997,0.4278256496196518,245.19999999999982,0.2382458,
Madagascar,1993-1997,0.4186488851271542,128.34999999999988,-1.106802,4123690679.0
Malawi,1993-1997,0.4172635028641684,250.51667221667196,,1918833305.8
Malaysia,1993-1997,0.6344406653093375,2265.669615993649,0.23737380000000002,86187707378.2
Maldives,1993-1997,0.1196745331733636,4.0,,407161182.15999997
Mali,1993-1997,0.3118398082680832,96.27083333333324,,2616816112.6
Malta,1993-1997,0.4135062079396686,132.13354256854254,,3284664795.6
Marshall Islands,1993-1997,0.2130213665084432,7.875,,109865120.0
Mauritania,1993-1997,0.3839714182904569,22.14999999999999,-1.203602,2017608347.4
Mauritius,1993-1997,0.4461677521962169,58.425,,3894232579.0
Mexico,1993-1997,0.6902145985793873,12091.806769331715,0.774856,460002400000.0
Monaco,1993-1997,0.2247044407460722,91.16349206349197,,2880607946.6
Mongolia,1993-1997,0.4515146649438979,75.79448051948043,-0.5186628,1134607481.28
Montenegro,1993-1997,0.0714285714285714,1.0,,
Morocco,1993-1997,0.4695576098022717,1741.187311372398,-0.6561884,37719838751.8
Mozambique,1993-1997,0.2791660582416612,68.45119047619043,-0.4556808,3514496111.8
Namibia,1993-1997,0.3425874328858699,100.94999999999992,,3769117919.4
Nauru,1993-1997,,,,
Nepal,1993-1997,0.421782324759979,202.77424242424223,,4313638778.6
Netherlands,1993-1997,0.8583847131898097,70097.99596329498,1.334046,410457000000.0
Netherlands-Antilles,1993-1997,0.345638093436878,39.90800865800863,,
New Zealand,1993-1997,0.696023310748543,15120.645148561081,0.3820488,60445007063.4
New-Caledonia,1993-1997,0.3065877721190625,149.60209235209214,,
Nicaragua,1993-1997,0.3793938641932348,54.563369963369944,-0.5492962,3691685372.2
Niger,1993-1997,0.3700446706326682,173.17084859584847,,2240091584.6
Nigeria,1993-1997,0.5710698104399516,3526.117433443744,-2.0875879999999998,42236272678.8
Niue,1993-1997,,,,
North Korea,1993-1997,0.0814681415712613,3.0,,
Norway,1993-1997,0.7523071333979163,16918.900583293787,0.8080046,144923400000.0
Oman,1993-1997,0.4464977506850569,376.6932539682538,-0.598882,14065955786.6
Pakistan,1993-1997,0.5486450398532401,2280.904026039318,-0.7933852,58098570361.6
Palau,1993-1997,0.0810373884214739,3.099999999999996,,
Palestine,1993-1997,,,,
Panama,1993-1997,0.2417193893999576,226.00082972582953,0.06091220000000001,9653893800.0
Papua New Guinea,1993-1997,0.5701702609192703,287.8021936396934,,5041064041.6
Paraguay,1993-1997,0.2844899433957766,40.01493316624893,-0.7416282,8787252911.8
People's Republic of Congo,1993-1997,0.2563104024158862,17.89047619047618,,
Peru,1993-1997,0.5283236085727094,424.264591615907,-0.44993879999999997,49285377465.6
Philippines,1993-1997,0.4234736144667054,938.6735975107136,-0.1667038,71552986502.2
Poland,1993-1997,0.524911432287369,28152.13493502705,0.672763,133609329005.2
Portugal,1993-1997,0.7122199389045257,6394.2215673621895,0.41531440000000003,110493478568.6
Qatar,1993-1997,0.4748820687144816,199.37063492063487,-0.5753045999999999,8605219780.2
Republic of Kosovo,1993-1997,,,,
Republic of Serbia,1993-1997,0.182191323770044,8.5,,
Reunion,1993-1997,0.3385703732689762,82.18484848484847,,
Romania,1993-1997,0.3870322057543325,5233.076059770126,0.4802014,33276928611.6
Russia,1993-1997,0.5203083460928424,116731.18958423393,0.2068308,
Rwanda,1993-1997,0.2411146131440288,57.308881417090326,,1450518112.3
Saint-Vincent-et-les-Grenadines,1993-1997,0.1295824142827886,2.333333333333333,,
Samoa,1993-1997,0.2184944281006161,20.0,,222894259.53999996
San Marino,1993-1997,0.0893577424494308,3.25,,
Sao Tome & Principe,1993-1997,0.0714285714285714,0.25,,
Saudi Arabia,1993-1997,0.560879101684021,6265.178013653004,-0.03811,147222400000.0
Senegal,1993-1997,0.5365082915801704,411.6231411361202,-0.959928,6120478894.2
Senegambia,1993-1997,0.5138422258495015,102.08565323565314,,
Serbia and Montenegro,1993-1997,,,,
Seychelles,1993-1997,0.1732820791450801,21.1047619047619,,506923368.2
Sierra Leone,1993-1997,0.3336118314693891,52.017857142857125,,868689446.24
Singapore,1993-1997,0.5743017268733339,8032.011461326672,0.98643,83705040765.2
Slovakia,1993-1997,0.6097834052975286,6854.539222069358,1.2309860000000001,
Slovenia,1993-1997,0.6462452647938322,3308.958328541234,1.378892,18386220045.8
Solomon Islands,1993-1997,0.1527815635687914,18.349999999999998,,505619444.96000004
Somalia,1993-1997,0.1899954156123507,9.083333333333323,,
South Africa,1993-1997,0.6982600953834583,15699.378905335754,0.13425020000000001,145943000000.0
South Korea,1993-1997,0.484094181893157,25144.442431761156,0.9598053999999999,
South Sudan,1993-1997,,,,
Spain,1993-1997,0.7086753294324217,69905.63884706386,1.221972,580582800000.0
Sri Lanka,1993-1997,0.5846312683681677,473.7877917833796,-0.6824142,12815126733.0
St-Lucia,1993-1997,0.3026061132709713,12.199999999999998,,
Sudan,1993-1997,0.4235291820190602,329.49206349206304,-0.9552166,11241092166.4
Suriname,1993-1997,0.1112124052902204,11.37619047619047,,702736342.4399999
Swaziland,1993-1997,0.4858940620618229,38.5,,
Sweden,1993-1997,0.7595731455973458,52734.25627943113,2.167962,253836600000.0
Switzerland,1993-1997,0.7883054038447697,43111.804671688835,2.260222,303245600000.0
Syria,1993-1997,0.3023864290703748,313.96868686868623,-0.9431955999999999,
Taiwan,1993-1997,0.5466381327318408,30654.984963762152,,
Tajikistan,1993-1997,0.3831585287516551,244.64999999999984,,1273101231.9
Tanzania,1993-1997,0.4202992275600314,627.7213956794826,-1.229442,5640763707.6
Thailand,1993-1997,0.6114597884153128,2351.318117142063,0.1290756,155613400000.0
Togo,1993-1997,0.2260707575558151,68.79583333333332,-1.170042,1297980648.9
Tonga,1993-1997,0.1624286296723015,4.677777777777777,,193310307.22
Trinidad and Tobago,1993-1997,0.5338877433178575,357.4626845376844,0.1091704,5288639519.4
Tunisia,1993-1997,0.5347016421591504,1241.4556417433807,-0.262347,17721194027.0
Turkey,1993-1997,0.6229661815523675,12147.514078501697,0.0668294,170331400000.0
Turkmenistan,1993-1997,0.315754858194052,61.72619047619047,-0.7811432,2610336521.2
Tuvalu,1993-1997,0.0714285714285714,1.0,,11315857.0668
Uganda,1993-1997,0.3645143142854853,290.97304780625626,,5056121415.6
Ukraine,1993-1997,0.3837746770496483,16731.32562572991,0.29481640000000003,52224092169.8
United Arab Emirates,1993-1997,0.641882129742017,873.7251031535508,-0.3771628,66616834650.0
United Arab Republic,1993-1997,,,,
United Kingdom,1993-1997,0.8380216937680847,274099.3357133114,1.848366,1303580000000.0
United States,1993-1997,0.8082025821043446,1184052.1884676323,1.799746,7687244000000.0
Uruguay,1993-1997,0.6259311916629078,651.2405103668257,0.24217,19251956691.2
Uzbekistan,1993-1997,0.2750754920974131,1638.3683849217987,-0.4450564,13608427146.8
Vanuatu,1993-1997,0.2262835592678984,13.611111111111102,,228462137.08
Vatican,1993-1997,0.1793632077467123,13.19999999999999,,
Venezuela,1993-1997,0.6636942157816651,2689.2804815067925,-0.162774,
Vietnam,1993-1997,0.3471933632377304,602.0469608893513,-0.9480546000000001,20340944521.4
Western Sahara,1993-1997,,,,
Yemen,1993-1997,0.5146182954822245,72.5964803312629,-0.9641145999999999,
Yugoslavia,1993-1997,0.5543664892831495,3868.276011502775,,
Zambia,1993-1997,0.4301548530039951,212.25666472319378,-0.9560104,3727491122.6
Zimbabwe,1993-1997,0.4901674334284587,788.6861049148089,-0.3981198,7529695440.0
Afghanistan,1998-2002,0.0863001918692843,1.8333333333333321,,4055179566.0
Albania,1998-2002,0.432896402000497,99.4261904761904,-0.24025219999999997,3501722224.4
Algeria,1998-2002,0.4069093943392994,1363.6669300255955,-0.8204288,52624710677.8
Andorra,1998-2002,0.2577031316479991,3.783333333333333,,1436738821.4
Angola,1998-2002,0.4078310278233209,25.588095238095224,-1.73012,9202081184.0
Antarctica,1998-2002,0.0714285714285714,1.0,,
Antigua & Barbuda,1998-2002,0.0714285714285714,5.0,,
Argentina,1998-2002,0.6211205726272855,17544.16164632273,0.0419954,246619200850.4
Armenia,1998-2002,0.3589284257548445,1039.4869879836415,,2029115048.8
Australia,1998-2002,0.7834873208367779,89836.47511363961,-0.0304452,395151000000.0
Austria,1998-2002,0.7939248490825558,26933.982956344906,1.7805440000000001,208592400000.0
Azerbaijan,1998-2002,0.3253730644247541,663.3783730158723,-0.1320044,5248762298.2
Bahamas,1998-2002,0.4580475675973068,20.508874458874455,,
Bahrain,1998-2002,0.5874667357279812,246.0694444444444,,8087478670.2
Bangladesh,1998-2002,0.5430934934092906,1339.5013040690378,-1.0379332,52668057601.8
Barbados,1998-2002,0.6039976126848565,139.75584415584413,,2997881136.6
Belgium,1998-2002,0.8490612248157887,36620.276980140436,1.4314779999999998,249318200000.0
Belize,1998-2002,0.2080587570349238,8.958333333333327,,809434960.0
Benin,1998-2002,0.3315791494757063,157.8488455988455,,3496007871.0
Bermuda,1998-2002,0.2130517656311933,60.260137085137025,,3510622200.0
Bhutan,1998-2002,0.2138392710804793,9.2,,440549810.58000004
Bolivia,1998-2002,0.4650456116169461,198.37946719946694,-0.7862698,8245511426.6
Bosnia & Herzegovina,1998-2002,0.5001616601735681,99.67182539682534,,
Botswana,1998-2002,0.4649507222518925,404.7635148765478,-0.6414973333333333,5398302254.0
Brazil,1998-2002,0.6839522964695943,44700.2369589026,0.5659536000000001,637173400000.0
Brunei,1998-2002,0.4755525911078189,115.69999999999995,,
Bulgaria,1998-2002,0.5771886514813791,5589.278000948159,0.4209364,14498039360.4
Burkina Faso,1998-2002,0.4400736695692492,214.5416056166054,,3183876003.4
Burma,1998-2002,0.4439639159131519,47.28492063492062,-1.2402339999999998,
Burundi,1998-2002,0.2787011446379936,15.399999999999988,,854904661.74
Byelarus,1998-2002,0.4024028408294142,4258.988706598767,,
Cambodia,1998-2002,0.2332110749976166,45.300793650793615,-1.1696259999999998,3716718943.8
Cameroon,1998-2002,0.5683742161880304,585.8032365581266,-1.744412,10769166952.4
Canada,1998-2002,0.8171161896633511,138501.45956431987,0.8852648000000001,708904600000.0
Cape Verde,1998-2002,0.1011851886326588,1.0,,
Central African Republic,1998-2002,0.315160250062891,25.737085137085117,,960907466.28
Chad,1998-2002,0.2935945900415971,15.109313725490168,,1672299254.8
Chile,1998-2002,0.6380019227634505,7066.957449233913,-0.1107766,75065778445.0
China,1998-2002,0.5082119912609884,129460.59027593839,0.3184168,1228868000000.0
Ciskei,1998-2002,,,,
Colombia,1998-2002,0.7526129494441425,1898.1734431491177,0.0965564,96138246007.6
Comoros,1998-2002,0.1329512478683959,3.416666666666666,,380993988.73999995
Congo,1998-2002,0.4183375585133829,140.8634540897698,,
Cook Islands,1998-2002,0.1220609986884618,1.083333333333333,,
Costa Rica,1998-2002,0.4218057842397318,733.0639777081146,-0.0512618,15036140433.4
Crimea,1998-2002,,,,
Croatia,1998-2002,0.5868483650366794,5212.956290554906,0.6487890000000001,24106411250.0
Cuba,1998-2002,0.5035378885385997,2146.762855445204,,29987849280.0
Cyprus,1998-2002,0.5491521419055911,513.045046708376,,10510099082.0
Czech Republic,1998-2002,0.7180801317832739,16580.1708245976,1.50943,68488352474.2
Czechoslovakia,1998-2002,,,,
Denmark,1998-2002,0.7576707237639153,28135.247161719722,1.556884,172508400000.0
Djibouti,1998-2002,0.0971941395878437,2.066666666666666,,553023671.9399999
Dominican Republic,1998-2002,0.3862327165620708,45.809643134643096,-0.5766704,24215486066.0
Ecuador,1998-2002,0.4363788741174019,278.2159861849361,-0.8906758,23794440693.2
Egypt,1998-2002,0.5015994721086042,9941.726918174416,-0.42692440000000004,
El Salvador,1998-2002,0.3442375275579924,26.827777777777772,-0.0694224,11790503700.0
Equatorial Guinea,1998-2002,0.1536429815785235,4.152380952380944,,1061137152.8799999
Eritrea,1998-2002,0.4175596793166706,49.320329670329635,,724501631.6800001
Estonia,1998-2002,0.6950575139172841,2007.3474369317803,0.5215858,6150750129.8
Ethiopia,1998-2002,0.4148125443129754,765.673930441374,-1.0902927999999998,7968717201.2
Fiji,1998-2002,0.3987888725682539,116.0333333333333,,1757171869.8
Finland,1998-2002,0.797920793262501,28683.75385033013,1.8731560000000003,132824600000.0
France,1998-2002,0.7460911581533001,195975.82865526745,1.576244,1445754000000.0
French-Guiana,1998-2002,0.3102896117561402,88.99206349206342,,
French-Polynesia,1998-2002,0.3158132694361047,102.90079365079356,,
Gabon,1998-2002,0.3591594058847469,127.28374125874114,-1.2149025999999998,4908705961.4
Gambia,1998-2002,0.3164181863566664,128.5607864357863,,
Georgia,1998-2002,0.4106960335735188,826.4849562902998,0.1955314,3217243296.2
Germany,1998-2002,0.8380279880357716,271585.7068541482,2.241396,2077814000000.0
Gilbert & Ellice Islands,1998-2002,,,,
Greece,1998-2002,0.714292318386502,20070.046163395997,0.176313,141425000000.0
Grenada,1998-2002,0.1851295699314329,5.4833333333333325,,501747688.9
Guadeloupe,1998-2002,0.3986015540941666,176.82835497835487,,
Guatemala,1998-2002,0.3550114290462246,107.034429867518,-0.2798318,19296387539.8
Guinea,1998-2002,0.3757155279968541,25.84999999999999,-1.7524039999999999,3165619821.8
Guinea-Bissau,1998-2002,0.2063253208827696,25.12067099567096,,321839939.44
Guyana,1998-2002,0.3763899549997289,38.53333333333332,,712650515.7
Haiti,1998-2002,0.2263039034219203,18.268398268398254,,3780025370.4
Hong-Kong,1998-2002,0.725211972474405,5633.827323085401,,
Hungary,1998-2002,0.6279689420794384,14770.989036937388,0.9167259999999999,53271496321.6
Iceland,1998-2002,0.6729312900741908,998.0194705665782,,8793870528.2
India,1998-2002,0.5518259776108917,80331.33210474257,0.2055262,469789000000.0
Indonesia,1998-2002,0.5666753024974622,1136.9307264164931,-0.1105914,151315109574.6
Iran,1998-2002,0.4531014106828881,6101.621739784434,-0.8467676000000001,
Iraq,1998-2002,0.366265961508094,266.24559386973175,,
Ireland,1998-2002,0.8009696018661652,10353.818312124828,1.471858,105142417909.2
Israel,1998-2002,0.85129248894224,38377.502400327394,1.165664,123453600000.0
Italy,1998-2002,0.7282682418063142,130486.2588199309,1.49482,1220724000000.0
Ivory Coast,1998-2002,0.4547270098217557,375.7857683982677,,
Jamaica,1998-2002,0.5871085206768852,506.77806986919836,-0.6537436,9094468072.0
Japan,1998-2002,0.5506161480210433,329684.37199217157,2.5339959999999997,4380154000000.0
Jordan,1998-2002,0.652324720565698,1951.941810320964,0.1422504,8736976022.6
Kazakhstan,1998-2002,0.434814522515177,739.1896767108478,-0.1579934,20817468110.4
Kenya,1998-2002,0.4428589797268594,1602.816339207648,-0.6073692,13165824172.2
Kiribati,1998-2002,,,,67383800.71400002
Kuwait,1998-2002,0.6206787649190231,2175.58674242424,-0.431743,33360342108.4
Kyrgyzstan,1998-2002,0.3185955564344701,130.41269841269823,,
Laos,1998-2002,0.2138819198658043,27.38174603174601,-0.8315395999999999,
Latvia,1998-2002,0.4988670485881604,1183.952016206298,0.22320259999999997,8092566042.4
Lesotho,1998-2002,0.300036939889077,22.56858974358974,,866002484.68
Libya,1998-2002,0.3724563707437548,169.54285714285712,,31217732281.8
Liechtenstein,1998-2002,0.3694327182671902,59.249999999999986,,2561630813.8
Lithuania,1998-2002,0.5473113931939821,1748.7056018549054,0.2529964,12056661443.8
Luxembourg,1998-2002,0.6295759466529702,262.8094032246141,,21719462702.2
Macau,1998-2002,0.3770818184409796,44.249999999999986,,
Macedonia,1998-2002,0.4065045182816929,381.4708828788429,-0.0062866000000000016,
Madagascar,1998-2002,0.4249188336999113,199.64776334776306,-1.1337959999999998,4819830528.4
Malawi,1998-2002,0.3701318232705617,277.60240909611576,,2096452754.8
Malaysia,1998-2002,0.6269277972277325,3275.3201236487466,0.5814676000000001,87747120848.8
Maldives,1998-2002,0.3223035335208921,7.666666666666666,,704176857.02
Mali,1998-2002,0.2557602212814951,99.78214285714274,,3333803062.0
Malta,1998-2002,0.5073922511751128,198.0295287014327,,4127562902.4
Marshall Islands,1998-2002,0.1861359205516455,2.4499999999999993,,119303080.0
Mauritania,1998-2002,0.4279486444969806,28.999999999999982,-0.8746094,1864182928.2
Mauritius,1998-2002,0.4077736642575179,138.83690476190472,,4526325820.2
Mexico,1998-2002,0.70955616036949,18888.66240203189,0.859521,672690800000.0
Monaco,1998-2002,0.2337200429524532,114.14045121545104,,2835265454.0
Mongolia,1998-2002,0.4245926721304199,98.17440476190467,-0.7499622,1196659723.2
Montenegro,1998-2002,,,,1142950628.8
Morocco,1998-2002,0.4729203037298893,3485.555586691616,-0.707989,40798383270.6
Mozambique,1998-2002,0.3677117461215792,92.50357142857136,-0.5578762,5598011899.8
Namibia,1998-2002,0.3160724671502117,147.17499999999987,-0.7425769999999999,3646319623.4
Nauru,1998-2002,,,,
Nepal,1998-2002,0.52312899321096,319.2050083973994,,5488416097.0
Netherlands,1998-2002,0.8422075450672486,73638.37867407133,1.253454,440835400000.0
Netherlands-Antilles,1998-2002,0.2469502543199764,37.80930735930732,,
New Zealand,1998-2002,0.7000577077244169,17499.947254426384,0.2751308,57622573532.4
New-Caledonia,1998-2002,0.2398366766713147,161.10952380952352,,
Nicaragua,1998-2002,0.3056720234959188,49.79599567099564,-0.7817152,5029134738.2
Niger,1998-2002,0.3179868574094701,146.14444444444436,,2519608887.4
Nigeria,1998-2002,0.56873366036558,3224.745050505047,-2.021982,70568320876.0
Niue,1998-2002,,,,
North Korea,1998-2002,0.1371357144682164,6.342857142857141,,
Norway,1998-2002,0.7442023505228501,18666.57874638492,0.784206,171438000000.0
Oman,1998-2002,0.5106636494792398,766.4067821067816,-0.7270912,17779546424.0
Pakistan,1998-2002,0.4978066812515344,2479.082442830679,-0.791929,73314588863.8
Palau,1998-2002,0.2743501683913997,9.126190476190473,,155292466.66666666
Palestine,1998-2002,0.0714285714285714,0.5,,
Panama,1998-2002,0.2669351686538164,272.79525944643547,0.0752702,12301235480.0
Papua New Guinea,1998-2002,0.4428236011893257,219.88525641025626,,3373671234.0
Paraguay,1998-2002,0.3187801618326971,49.37777777777775,-0.577871,8529064807.4
People's Republic of Congo,1998-2002,,,,
Peru,1998-2002,0.4929251819186139,516.0824377325455,-0.49377580000000004,52848250773.6
Philippines,1998-2002,0.5008049217450878,1154.979770775004,-0.1440218,80420175527.0
Poland,1998-2002,0.5387978079390054,39164.67517856643,0.885844,181038800000.0
Portugal,1998-2002,0.6778563707937244,11805.05655133717,0.5098307999999999,125067800000.0
Qatar,1998-2002,0.434140907413502,183.9833333333333,-0.574431,15462142961.4
Republic of Kosovo,1998-2002,,,,
Republic of Serbia,1998-2002,0.0714285714285714,1.0,,
Reunion,1998-2002,0.4634533437720342,171.66679611238425,,
Romania,1998-2002,0.372581203396083,6726.592587423903,0.466204,40272217240.4
Russia,1998-2002,0.4946743765898821,110767.07491606032,0.5692358000000001,
Rwanda,1998-2002,0.3019037599915256,22.12976190476189,,1778834847.0
Saint-Vincent-et-les-Grenadines,1998-2002,0.1281102399542958,0.3166666666666666,,
Samoa,1998-2002,0.1708690672980731,15.542857142857141,,271700447.74
San Marino,1998-2002,0.1017362782047927,5.055555555555555,,1089985189.0
Sao Tome & Principe,1998-2002,0.1533317382234599,2.116666666666665,,
Saudi Arabia,1998-2002,0.5249462883934812,5967.411253144321,0.034643,174350000000.0
Senegal,1998-2002,0.4303875259705484,507.582540632189,-0.892624,6346424234.0
Senegambia,1998-2002,,,,
Serbia and Montenegro,1998-2002,0.1814692737422516,3.5,,
Seychelles,1998-2002,0.2005422579759567,18.21067323481115,,633202969.22
Sierra Leone,1998-2002,0.2550625720220998,18.44358974358974,,864288586.0799999
Singapore,1998-2002,0.5913543498342373,14931.96625870479,1.423614,90084029002.6
Slovakia,1998-2002,0.6456812228913713,7518.950357708834,1.232526,
Slovenia,1998-2002,0.6688562425248821,5729.292662271678,1.385898,21902688590.4
Solomon Islands,1998-2002,0.1596992570493492,26.570238095238075,,426124009.92
Somalia,1998-2002,0.1087714587809364,1.8,,
South Africa,1998-2002,0.7226277322865541,15598.301725616995,0.1708272,129553000000.0
South Korea,1998-2002,0.5107111605322514,61138.850113525565,1.174422,
South Sudan,1998-2002,,,,
Spain,1998-2002,0.7506018781265824,93938.86096738458,1.10953,636693400000.0
Sri Lanka,1998-2002,0.5798230233032032,582.9788113695084,-0.6110599999999999,16013680867.8
St-Lucia,1998-2002,0.1446960293625453,5.166666666666665,,
Sudan,1998-2002,0.4086519797054926,304.4619047619044,-1.35052,12435192089.8
Suriname,1998-2002,0.1719939172264183,16.44761904761904,,974533298.64
Swaziland,1998-2002,0.4745245397344733,44.15589133089132,,
Sweden,1998-2002,0.786640302101594,57837.08377546839,1.9865560000000002,263392200000.0
Switzerland,1998-2002,0.8231516221570248,48221.618671472126,2.206492,287412000000.0
Syria,1998-2002,0.4358761870478084,375.1634920634916,-1.0566939999999998,
Taiwan,1998-2002,0.607909288557222,45775.7956856222,,
Tajikistan,1998-2002,0.3273715878633952,143.86190476190464,,1113851634.66
Tanzania,1998-2002,0.5222027820558997,627.0986148805212,-1.2478159999999998,13216263566.2
Thailand,1998-2002,0.599065697860361,4443.67698227077,0.3188322,124266800000.0
Togo,1998-2002,0.4024072556972241,100.45540935672511,-0.8477520000000001,1566289365.0
Tonga,1998-2002,0.1554309201202894,3.908333333333333,,190343798.56
Trinidad and Tobago,1998-2002,0.5954761434642502,407.5184343434338,0.0664454,7768032412.8
Tunisia,1998-2002,0.4944514136117061,2203.968850660921,-0.309892,22285728529.0
Turkey,1998-2002,0.6663063446442608,27375.66088123943,0.0820546,248662400000.0
Turkmenistan,1998-2002,0.4266835529788981,20.260317460317456,-0.9323066000000001,3191539511.8
Tuvalu,1998-2002,0.1260825478490392,2.0,,13766874.044
Uganda,1998-2002,0.3419038057924443,472.39349793559137,,6159138680.4
Ukraine,1998-2002,0.3501144461519956,16133.55222804782,0.5257761999999999,37009860620.4
United Arab Emirates,1998-2002,0.7066450964942329,1105.354437229436,-0.35306540000000003,95516961878.8
United Arab Republic,1998-2002,,,,
United Kingdom,1998-2002,0.7920646946742906,291135.5024132352,1.946624,1683022000000.0
United States,1998-2002,0.7934627704136614,1184927.475699097,1.853442,10092796000000.0
Uruguay,1998-2002,0.6727192994062162,993.3618109437251,0.127123,21339682441.4
Uzbekistan,1998-2002,0.3116899882943761,1299.0356202116734,-0.5548843999999999,13383432200.8
Vanuatu,1998-2002,0.2120104247214814,23.19642857142857,,264569166.94
Vatican,1998-2002,0.2172332321705886,6.85,,
Venezuela,1998-2002,0.6784879562216768,3793.719589642925,-0.0106914,
Vietnam,1998-2002,0.4217728341339215,877.2042072693372,-0.701157,30963016739.2
Western Sahara,1998-2002,,,,
Yemen,1998-2002,0.5912965106185575,112.74999999999997,-1.53691,
Yugoslavia,1998-2002,0.4903721522507688,4476.3997446766525,,
Zambia,1998-2002,0.4105195954395536,195.84818139376938,-0.9801654,3766200945.8
Zimbabwe,1998-2002,0.5213459001821709,719.3119814242307,-0.5040802,6613888000.0
Afghanistan,2003-2007,0.2749452439892758,23.111904761904736,,6534128073.8
Albania,2003-2007,0.469814956150747,85.45825417123365,-0.2568854,8084328950.4
Algeria,2003-2007,0.370495560034616,2970.213530991703,-0.9143508,101677923276.0
Andorra,2003-2007,0.1817237832741709,8.709523809523807,,3165119365.8
Angola,2003-2007,0.2709685966869095,19.209523809523795,-1.2548392,39196627074.8
Antarctica,2003-2007,0.0714285714285714,0.333333333333333,,
Antigua & Barbuda,2003-2007,0.2049386674960873,7.277777777777756,,
Argentina,2003-2007,0.6217496541997305,20013.483795783985,0.028639199999999997,202214000000.0
Armenia,2003-2007,0.3834880500490731,1206.505181262253,,5374979901.0
Australia,2003-2007,0.7696280459203106,108151.86731097139,-0.1594258,674308000000.0
Austria,2003-2007,0.7992947033827748,30609.398422955805,1.7555520000000002,320652800000.0
Azerbaijan,2003-2007,0.3557495017483839,883.0549975644002,-0.7601812,16647085933.2
Bahamas,2003-2007,0.4277656880710206,26.07821067821067,,
Bahrain,2003-2007,0.5988849600637995,371.6739380502535,,16085691489.2
Bangladesh,2003-2007,0.6327883852917449,1700.42160115213,-1.148298,69228277684.8
Barbados,2003-2007,0.5751562648519877,177.79197330447323,,3873000000.0
Belgium,2003-2007,0.8819391212991683,44506.50045083223,1.296902,389946400000.0
Belize,2003-2007,0.2049584166643735,18.31783216783216,,1123730000.0
Benin,2003-2007,0.4136713712912971,239.4298701298698,,6653521440.8
Bermuda,2003-2007,0.2026370692648962,45.45717893217887,,4969742200.0
Bhutan,2003-2007,0.2770694445284738,28.401190476190468,,825360469.54
Bolivia,2003-2007,0.3384403908773262,292.5627289498203,-0.8593301999999999,10195389359.6
Bosnia & Herzegovina,2003-2007,0.6144719744892084,368.56698579198513,,
Botswana,2003-2007,0.5246546247227148,515.7168932718599,-0.8239836,9493235739.8
Brazil,2003-2007,0.6439840245599263,76658.74017168225,0.45960840000000003,924797400000.0
Brunei,2003-2007,0.4899003448084514,105.58382352941172,,
Bulgaria,2003-2007,0.547574301924489,5907.424107684771,0.36044160000000003,31191414409.6
Burkina Faso,2003-2007,0.4216184665382371,289.7741775133075,,6094644684.0
Burma,2003-2007,0.4020148820814658,74.69859307359296,-1.24686,
Burundi,2003-2007,0.4490512626908172,17.883333333333322,,1089319835.6
Byelarus,2003-2007,0.384636281456036,3436.4737376794787,,
Cambodia,2003-2007,0.3179537235665811,126.08311688311673,-1.1497579999999998,6440591575.4
Cameroon,2003-2007,0.5201755968454453,992.4571121066807,-1.651138,18329034967.4
Canada,2003-2007,0.8231355231941322,166670.28112299734,0.8462343999999999,1173068400000.0
Cape Verde,2003-2007,0.2398682363713954,4.602380952380951,,
Central African Republic,2003-2007,0.3898661653620898,39.62077922077916,,1381064921.2
Chad,2003-2007,0.3126899032830348,31.14801587301584,,5971814679.2
Chile,2003-2007,0.6235815083708217,10440.184630590637,-0.1476434,125242570539.6
China,2003-2007,0.5163477896694283,318988.287144073,0.518019,2440816000000.0
Ciskei,2003-2007,,,,
Colombia,2003-2007,0.7317755528324441,3058.2784768148167,0.08729640000000001,145028676012.8
Comoros,2003-2007,0.2578269603868642,8.646825396825388,,664849298.9
Congo,2003-2007,0.4663904693500261,182.7777763902762,,
Cook Islands,2003-2007,0.1342080112902188,1.0647759103641439,,
Costa Rica,2003-2007,0.3947185707084897,830.2940752782064,-0.016831000000000002,21003984149.8
Crimea,2003-2007,,,,
Croatia,2003-2007,0.6175264704646788,7558.90645569962,0.7383708,46461103233.0
Cuba,2003-2007,0.553329171341357,2303.8611507249625,,45618947220.0
Cyprus,2003-2007,0.5590430544586481,888.3567529197032,,18868567835.2
Czech Republic,2003-2007,0.7395150256862946,22866.328645435126,1.543528,139952228054.8
Czechoslovakia,2003-2007,,,,
Denmark,2003-2007,0.8106977857745032,31128.003341383108,1.4699659999999999,267248800000.0
Djibouti,2003-2007,0.2408029135150933,3.6999999999999993,,722708515.02
Dominican Republic,2003-2007,0.284434568725778,41.222547773316094,-0.3073612,32507255235.8
Ecuador,2003-2007,0.4153896667897461,442.56109579478095,-0.8324640000000001,41668285000.0
Egypt,2003-2007,0.514587573970547,12587.231335106657,-0.2957738,
El Salvador,2003-2007,0.349737500713762,33.400346875346855,-0.1168062,14935668360.0
Equatorial Guinea,2003-2007,0.1640262517914338,5.816666666666664,,7654225365.0
Eritrea,2003-2007,0.4549479004059689,60.33896103896097,,1121372796.04
Estonia,2003-2007,0.7209022631758071,2792.3797430820873,0.632078,15115653019.8
Ethiopia,2003-2007,0.4227914052354974,904.3003086747751,-1.0486172,13228899324.6
Fiji,2003-2007,0.4588682650727044,197.1071991617158,,2911592008.8
Finland,2003-2007,0.8417439256065089,31541.681802554485,1.794852,209232200000.0
France,2003-2007,0.7605661233084553,202059.6332091377,1.536294,2225630000000.0
French-Guiana,2003-2007,0.4251267687912702,114.26450568401778,,
French-Polynesia,2003-2007,0.3778141057099777,95.65039682539671,,
Gabon,2003-2007,0.5268550640904865,125.88696858696841,-1.225796,9317990809.6
Gambia,2003-2007,0.2645453217021567,143.5404859029856,,
Georgia,2003-2007,0.3867938252636299,981.4070768029179,-0.1487454,6689150076.8
Germany,2003-2007,0.8674188534210008,284074.5585807664,2.137176,2912910000000.0
Gilbert & Ellice Islands,2003-2007,,,,
Greece,2003-2007,0.7710208852168636,31594.55547545097,0.2083938,256408800000.0
Grenada,2003-2007,0.2838657291270292,27.913095238095217,,668578311.12
Guadeloupe,2003-2007,0.3940612861420212,227.35219682278483,,
Guatemala,2003-2007,0.3195254716714366,126.34839882339867,-0.3091608,27487688118.4
Guinea,2003-2007,0.3035003985044989,31.4309579309579,-1.383022,4110359986.8
Guinea-Bissau,2003-2007,0.2030708449613633,37.73860028860021,,576424594.26
Guyana,2003-2007,0.3473333033256877,46.06359649122804,,1110878633.06
Haiti,2003-2007,0.2045663914393659,32.912554112554055,,4289982830.8
Hong-Kong,2003-2007,,,,
Hungary,2003-2007,0.7086555633912386,17016.499691494733,1.196916,111557200781.6
Iceland,2003-2007,0.6500249706101298,1323.7391316235696,,16158543907.0
India,2003-2007,0.551891635854118,117033.71953296117,0.16472,858846000000.0
Indonesia,2003-2007,0.6192080450535253,1384.2508856361753,-0.0669488,314853200000.0
Iran,2003-2007,0.5250607185411684,23521.641952795908,-0.8358308000000001,
Iraq,2003-2007,0.6053391141200561,428.6990601503757,,60140784075.0
Ireland,2003-2007,0.8395451915128933,14633.334489044477,1.432544,214361200000.0
Israel,2003-2007,0.8408864899704129,42556.22163561753,1.075936,147593000000.0
Italy,2003-2007,0.761259205886383,163105.49625108574,1.361276,1878622000000.0
Ivory Coast,2003-2007,0.5983227251224377,345.12954406704364,,
Jamaica,2003-2007,0.6383091968296193,528.1764854426615,-0.3698158,11096912743.4
Japan,2003-2007,0.5849492977512118,341045.9118237002,2.4295359999999997,4612372000000.0
Jordan,2003-2007,0.6370737237568971,2646.6170654745233,-0.003980800000000001,13458789845.0
Kazakhstan,2003-2007,0.400279170037976,743.1627787002948,-0.23451839999999996,63392580597.0
Kenya,2003-2007,0.4519626540066519,1662.543999047835,-0.6560712,21504294498.4
Kiribati,2003-2007,0.1349186617987222,0.9459706959706958,,109527904.64000002
Kuwait,2003-2007,0.6830859770862662,2153.1873169452524,-0.21175740000000004,80860646161.0
Kyrgyzstan,2003-2007,0.4110094969730981,129.23882783882777,,
Laos,2003-2007,0.2904941077463407,76.49833777333768,-0.8917046,
Latvia,2003-2007,0.5450794584064254,1036.0936325972032,0.4261521999999999,19066234160.8
Lesotho,2003-2007,0.341829817604283,24.205952380952372,,1573557773.8
Libya,2003-2007,0.4776150487433742,247.815476190476,,45840050854.2
Liechtenstein,2003-2007,0.3470541251081034,86.18730158730152,,3757168874.4
Lithuania,2003-2007,0.6505021898627654,4305.706626321464,0.3281142,27506464763.2
Luxembourg,2003-2007,0.6969987330359275,464.789578292867,,38978488806.8
Macau,2003-2007,0.3188385674200388,19.44523809523807,,
Macedonia,2003-2007,0.5898994370165918,423.73265199563104,-0.1408102,
Madagascar,2003-2007,0.4602408288834575,287.2956856151975,-1.158072,6443366883.2
Malawi,2003-2007,0.3662367144220889,347.481504606504,,3754359692.6
Malaysia,2003-2007,0.6499175501530994,6075.5821876234095,0.7801598000000001,146944800000.0
Maldives,2003-2007,0.2183885553998656,7.876190476190474,,1377179381.6
Mali,2003-2007,0.3154925503780308,154.71823454323433,,6289409248.6
Malta,2003-2007,0.5799609348948389,221.3850587087287,,6500341290.6
Marshall Islands,2003-2007,0.2344298300314874,4.8126373626373615,,141297220.0
Mauritania,2003-2007,0.2797125207954762,43.09722222222217,-1.4604462,3137263127.0
Mauritius,2003-2007,0.5166461072904962,152.1824872591176,,6812618177.8
Mexico,2003-2007,0.699069128386661,27065.217758385388,1.0307886,883428000000.0
Monaco,2003-2007,0.2785022366543017,138.92678467678456,,4478644774.6
Mongolia,2003-2007,0.5531899657538335,144.07304534867544,-0.8962465999999999,2751978217.0
Montenegro,2003-2007,0.3989528887867973,37.65555617118639,,2488146769.0
Morocco,2003-2007,0.4811861107068065,3444.7031704588107,-0.5866572,64343044400.4
Mozambique,2003-2007,0.5013156573527326,129.6833694083693,-1.246254,8385622325.0
Namibia,2003-2007,0.3116615987192629,148.79725620552836,-0.7598524,6997947389.8
Nauru,2003-2007,,,,
Nepal,2003-2007,0.45484586275464,503.04446898654,,8220800565.2
Netherlands,2003-2007,0.781339399364477,84906.97065010619,1.154426,700376000000.0
Netherlands-Antilles,2003-2007,0.3619553693781157,50.44135309135304,,
New Zealand,2003-2007,0.7170599251208336,19640.708899749035,0.3129972,111160977110.0
New-Caledonia,2003-2007,0.280634857165815,222.89536696963143,,
Nicaragua,2003-2007,0.3948149317951278,82.2378219003218,-0.8369014,6325229028.4
Niger,2003-2007,0.5036786512828727,148.8830086580085,,4388478575.0
Nigeria,2003-2007,0.5833156734395524,4732.665455703559,-2.207886,185832400000.0
Niue,2003-2007,0.0714285714285714,0.125,,
North Korea,2003-2007,0.4190534925724728,32.93730158730156,,
Norway,2003-2007,0.7527688875076699,22904.82897898762,0.7334568,309754600000.0
Oman,2003-2007,0.5157915141026309,1008.6174469888173,-0.5731422,31356098829.6
Pakistan,2003-2007,0.4894737586919198,5654.32443352167,-0.7002164000000001,121845108588.0
Palau,2003-2007,0.2708624901852625,14.343589743589735,,177355200.0
Palestine,2003-2007,0.0714285714285714,0.333333333333333,,
Panama,2003-2007,0.2769655427250741,373.3366732369871,0.0958816,16903881460.0
Papua New Guinea,2003-2007,0.5104573576486424,145.98840922149725,,6045929276.8
Paraguay,2003-2007,0.3498105927222844,71.09994091157877,-0.5744994,11867801803.6
People's Republic of Congo,2003-2007,,,,
Peru,2003-2007,0.6243289134034138,877.7049432085925,-0.5822362,78474906548.6
Philippines,2003-2007,0.5559453415983542,1488.004134409714,-0.007011799999999999,114618828113.0
Poland,2003-2007,0.5882041776928231,56350.84161300847,0.9421408,310509200000.0
Portugal,2003-2007,0.6981499778756158,20146.347341020093,0.5901234000000001,199970000000.0
Qatar,2003-2007,0.5581854062192503,392.1765354528509,-0.1014246,48078516483.4
Republic of Kosovo,2003-2007,,,,
Republic of Serbia,2003-2007,0.6193156610722034,2128.104715712045,,
Reunion,2003-2007,0.4000583483955682,184.44485791985772,,
Romania,2003-2007,0.4648112547316995,10069.395072279644,0.4569272,105567993412.8
Russia,2003-2007,0.5005126633472523,100628.4234432788,0.5792062,
Rwanda,2003-2007,0.3640693129855059,40.81884825700611,,2786037632.2
Saint-Vincent-et-les-Grenadines,2003-2007,0.0880888759125141,0.809523809523808,,
Samoa,2003-2007,0.2623480987145264,15.778381642512077,,460205694.12
San Marino,2003-2007,0.1870521796667675,4.777777777777777,,1813593084.4
Sao Tome & Principe,2003-2007,0.1798601708673975,2.583333333333333,,
Saudi Arabia,2003-2007,0.5138616835502661,5617.607948516507,-0.0219414,319175000000.0
Senegal,2003-2007,0.5857625402746809,534.4576923076913,-0.8731452000000001,11201462212.8
Senegambia,2003-2007,,,,
Serbia and Montenegro,2003-2007,0.5496584523464503,2727.7745435395746,,
Seychelles,2003-2007,0.1850670783233724,33.759523809523785,,902821576.1600001
Sierra Leone,2003-2007,0.2652576355622568,17.141774891774887,,1705690029.0
Singapore,2003-2007,0.623302417073021,24145.729275244594,1.553412,134012089656.8
Slovakia,2003-2007,0.6546481696990335,7908.637882493413,1.2371240000000001,
Slovenia,2003-2007,0.7536213592608441,8108.967881592496,1.4924579999999998,37548662388.4
Solomon Islands,2003-2007,0.3511663882195925,15.770833333333325,,418907936.62
Somalia,2003-2007,0.1096860764123957,1.783333333333333,,
South Africa,2003-2007,0.690319833831611,18756.917350452404,0.1585688,246534800000.0
South Korea,2003-2007,0.5707168598924602,111920.59748315682,1.413062,
South Sudan,2003-2007,,,,
Spain,2003-2007,0.8378616096981488,123140.41718743189,1.03419,1171468400000.0
Sri Lanka,2003-2007,0.6123198594905359,900.1662761009934,-0.5386698,24916029151.8
St-Lucia,2003-2007,0.1314653137406962,2.535714285714283,,
Sudan,2003-2007,0.3750349821109964,357.6876068376065,-1.8017139999999998,29469973894.0
Suriname,2003-2007,0.2485468488303812,21.560714285714273,,2022932807.6
Swaziland,2003-2007,0.3564828667095613,45.1010006901311,,
Sweden,2003-2007,0.7989473014853323,60419.039335420486,2.015166,405203800000.0
Switzerland,2003-2007,0.863179821030039,54779.41679160743,2.0604880000000003,413320400000.0
Syria,2003-2007,0.4299563877642425,512.153977380772,-0.786583,
Taiwan,2003-2007,0.6596514186934784,72986.4537954212,,
Tajikistan,2003-2007,0.2255560036421501,118.28888888888885,,2498707675.8
Tanzania,2003-2007,0.4593970431024231,845.712467174539,-1.17683,18158474282.2
Thailand,2003-2007,0.6398458560882697,9451.178083412333,0.4504766,199839200000.0
Togo,2003-2007,0.3604539379177546,90.24167221667213,-0.8235526,2331240399.8
Tonga,2003-2007,0.1926783884403086,4.788034188034187,,257671668.9
Trinidad and Tobago,2003-2007,0.5249071192605332,492.1381940523241,-0.012125800000000003,16115799706.2
Tunisia,2003-2007,0.5211516916335761,4747.068540921212,-0.1777832,32839147680.4
Turkey,2003-2007,0.7212132118004377,65413.12953439445,0.27736,489256600000.0
Turkmenistan,2003-2007,0.2387869509484733,13.966666666666661,-0.8967166000000001,8772130685.8
Tuvalu,2003-2007,0.0950220103376107,0.583333333333333,,22307668.904
Uganda,2003-2007,0.3584061334971736,731.2568939265244,,9105260968.8
Ukraine,2003-2007,0.3679396334267643,14503.945893368966,0.5579354000000001,90237963207.0
United Arab Emirates,2003-2007,0.6623402996192769,1801.3189793379975,-0.0656534,186564000000.0
United Arab Republic,2003-2007,,,,
United Kingdom,2003-2007,0.7573567514948452,303164.5475739382,1.8102620000000003,2564652000000.0
United States,2003-2007,0.7963285320634923,1306133.805286103,1.729722,12995000000000.0
Uruguay,2003-2007,0.6869914432504791,1325.6866897621412,0.028705599999999998,17216969853.4
Uzbekistan,2003-2007,0.3808810784848641,1027.8683444376265,-0.45494399999999996,15222842920.6
Vanuatu,2003-2007,0.2179704571248575,25.51263736263733,,408045533.88
Vatican,2003-2007,0.2314538671714808,13.042857142857137,,
Venezuela,2003-2007,0.7052320855070229,3969.5442858824745,-0.1701938,
Vietnam,2003-2007,0.5227667421623745,1516.4238953548393,-0.5628084,57279942795.2
Western Sahara,2003-2007,,,,
Yemen,2003-2007,0.5280863381267257,134.45092309651125,-1.4938179999999999,
Yugoslavia,2003-2007,0.4978211485812385,1908.9603164692412,,
Zambia,2003-2007,0.5067164439540742,236.48431791806377,-1.0102012,9253720890.0
Zimbabwe,2003-2007,0.4782952561428063,565.3561636775911,-0.40257139999999997,5604850400.0
Afghanistan,2008-2012,0.3734388059908653,81.37003968253961,,15242155818.4
Albania,2008-2012,0.495281837909758,335.876507054107,0.21346879999999996,12412620307.8
Algeria,2008-2012,0.415165726680558,5745.139887522527,-1.223476,175699800000.0
Andorra,2008-2012,0.2955708736577463,5.333333333333332,,3605603945.6
Angola,2008-2012,0.5336694020858906,52.41743534243526,-2.161968,96497654298.8
Antarctica,2008-2012,0.1687610574768802,2.161111111111111,,
Antigua & Barbuda,2008-2012,0.1754904891804232,8.776190476190468,,
Argentina,2008-2012,0.6776354297350786,28463.005063062017,-0.005942200000000003,438861200000.0
Armenia,2008-2012,0.3996017782717774,1825.4282093140635,,10066338756.6
Australia,2008-2012,0.7324148567708891,153753.46099332068,-0.3969264,1214149000000.0
Austria,2008-2012,0.8276765011253284,36281.06413585666,1.7134819999999997,412580800000.0
Azerbaijan,2008-2012,0.3476598737354605,1554.5876795233237,-1.226792,56336447960.4
Bahamas,2008-2012,0.3798814842880168,30.675250626566395,,
Bahrain,2008-2012,0.663755753429479,398.67633704015253,,26777659574.6
Bangladesh,2008-2012,0.6429677446327419,3154.430905853126,-0.9841431999999999,114276455647.8
Barbados,2008-2012,0.6091990600017267,167.72673293439345,,4609600000.0
Belgium,2008-2012,0.8450174184027577,55544.83841106664,1.1511140000000002,499269800000.0
Belize,2008-2012,0.2667380694199092,22.63880286380285,,1405910000.0
Benin,2008-2012,0.3884204736065559,472.4547609052394,,10163577747.6
Bermuda,2008-2012,0.195548718730954,63.746059649414825,,5749805600.0
Bhutan,2008-2012,0.3601311931315977,46.24136321195141,,1513639400.0
Bolivia,2008-2012,0.4428558666438605,387.9882548149347,-0.8475227999999999,20942295875.6
Bosnia & Herzegovina,2008-2012,0.5698401709763347,1418.5756869813665,,
Botswana,2008-2012,0.5794101674306456,555.231137254934,-0.22435940000000004,12754244756.0
Brazil,2008-2012,0.6449466670115114,144897.62629561822,0.252527,2130620000000.0
Brunei,2008-2012,0.5263971809462927,169.1640286377708,,
Bulgaria,2008-2012,0.533651582191172,7621.898944999869,0.4511244,53635770413.6
Burkina Faso,2008-2012,0.4659511033538301,521.799637392457,,10715416129.6
Burma,2008-2012,0.4607071683130092,95.25492234373802,-1.2304975,
Burundi,2008-2012,0.4520578553474886,34.180988455988434,,1998911041.6
Byelarus,2008-2012,0.3986848536217168,3478.8939042331754,,
Cambodia,2008-2012,0.4478843630124209,268.121216932362,-1.0510248,11776005099.4
Cameroon,2008-2012,0.6095833774898174,1534.0238145203666,-1.1705048,27415050280.2
Canada,2008-2012,0.823056567540918,207665.61318103483,0.6436694000000001,1630216000000.0
Cape Verde,2008-2012,0.3274993118187596,11.538636363636353,,
Central African Republic,2008-2012,0.5350053317727346,45.16161046226445,,2227007189.8
Chad,2008-2012,0.3815894607455519,28.70838050838047,,10962638529.6
Chile,2008-2012,0.6028606233921832,17695.637184490923,-0.27017220000000003,217987800000.0
China,2008-2012,0.5525387875831949,637453.9053778314,0.8323948,6373380000000.0
Ciskei,2008-2012,,,,
Colombia,2008-2012,0.7615045598490018,8854.09464346502,0.1334616,293402600000.0
Comoros,2008-2012,0.2463137634113922,4.366269841269838,,952117429.5
Congo,2008-2012,0.4505538271153738,331.1362755543799,,
Cook Islands,2008-2012,0.1913111102983213,1.6055555555555543,,
Costa Rica,2008-2012,0.518316828049135,1062.878530804346,0.11139220000000001,37435945666.4
Crimea,2008-2012,,,,
Croatia,2008-2012,0.5491067201497558,13887.991269710195,0.8860868,62322328255.2
Cuba,2008-2012,0.6512272425960188,2412.3090530225695,,65869060000.0
Cyprus,2008-2012,0.6137006392780497,1990.6373858853926,,26413301201.6
Czech Republic,2008-2012,0.7377411831618267,33447.888543867004,1.6154700000000002,216940200000.0
Czechoslovakia,2008-2012,,,,
Denmark,2008-2012,0.8170163720523544,39458.75666856871,1.26065,333549800000.0
Djibouti,2008-2012,0.2941484713659287,12.059523809523805,,1153921033.66
Dominican Republic,2008-2012,0.3884269605975966,72.84075664832234,-0.23035,53791008794.6
Ecuador,2008-2012,0.4998890017221972,646.622387336729,-0.7716094,72207779200.0
Egypt,2008-2012,0.5968922929368212,21510.830646379996,-0.2566882,
El Salvador,2008-2012,0.4301990314214891,57.83598350297515,-0.0636082,19141302000.0
Equatorial Guinea,2008-2012,0.1784880400116455,6.475829725829715,,18967564309.8
Eritrea,2008-2012,0.5459905149029673,30.17424242424241,,1722850356.0
Estonia,2008-2012,0.6739823544672592,4386.174273071435,0.7276588,22078651533.8
Ethiopia,2008-2012,0.418671172102479,1732.440548919928,-1.26175,32940315317.6
Fiji,2008-2012,0.4687592150200578,231.7124094277434,,3456172515.8
Finland,2008-2012,0.8579181462753647,35129.48005993677,1.695312,263956200000.0
France,2008-2012,0.8012239233153429,232271.66190687066,1.438102,2759290000000.0
French-Guiana,2008-2012,0.3029721487095348,137.915659991305,,
French-Polynesia,2008-2012,0.3826942718311397,137.91974048265055,,
Gabon,2008-2012,0.4853326563993829,170.00935643702343,-0.9449466,15465415810.2
Gambia,2008-2012,0.3130369287707191,147.41984137616808,,
Georgia,2008-2012,0.4094444606263389,1142.209259074581,-0.284158,13480252570.4
Germany,2008-2012,0.8848357058250051,326635.3044161775,1.914104,3559184000000.0
Gilbert & Ellice Islands,2008-2012,,,,
Greece,2008-2012,0.8137267496126068,39732.73675070265,0.1395154,303458400000.0
Grenada,2008-2012,0.2769065489931867,89.17460317460304,,789360607.42
Guadeloupe,2008-2012,0.3382835758926733,311.53465969581237,,
Guatemala,2008-2012,0.3920103649939934,194.69092374804384,-0.237246,43250259959.8
Guinea,2008-2012,0.5659149782019592,40.34414795730581,-1.7043019999999998,6991546809.6
Guinea-Bissau,2008-2012,0.3010152544513119,34.08502506265658,,925642157.28
Guyana,2008-2012,0.5318451087401184,50.76601128340257,,2337826038.0
Haiti,2008-2012,0.2746992200687066,57.09954621252569,,7032640540.4
Hong-Kong,2008-2012,,,,
Hungary,2008-2012,0.7477788185047423,19372.189998779228,1.428884,137859200000.0
Iceland,2008-2012,0.7051175785002918,2076.4580983924257,,14927244057.6
India,2008-2012,0.5622856662178222,192506.85291820235,0.13999820000000002,1573420000000.0
Indonesia,2008-2012,0.6816544026550146,2501.811664719796,-0.0899784,723148400000.0
Iran,2008-2012,0.5801189871120097,81182.18733190815,-1.0041305999999999,
Iraq,2008-2012,0.5965152988234883,1150.9592570830423,,157108600000.0
Ireland,2008-2012,0.8309278255474934,22473.53043031423,1.296986,239195000000.0
Israel,2008-2012,0.7997321632522743,45062.06339576811,1.196704,235243600000.0
Italy,2008-2012,0.8356430068133791,201019.89938942672,1.33412,2220638000000.0
Ivory Coast,2008-2012,0.5280279367656204,624.3843369542532,,
Jamaica,2008-2012,0.5761818922467744,705.542907629876,-0.2101022,13644052067.4
Japan,2008-2012,0.6321533534400967,330016.5872436889,2.2347580000000002,5666012000000.0
Jordan,2008-2012,0.7427832115478767,3911.0753384599943,0.1876816,26769102527.2
Kazakhstan,2008-2012,0.4838162344103409,962.6327610490237,-0.583913,159484800000.0
Kenya,2008-2012,0.4706829254641199,2637.850824759146,-0.5353872,41056588435.2
Kiribati,2008-2012,0.0714285714285714,0.0833333333333333,,160306377.8
Kuwait,2008-2012,0.7454630106222855,2454.2599333884514,-0.42904359999999997,139383000000.0
Kyrgyzstan,2008-2012,0.6249310580268591,166.77930078851918,,
Laos,2008-2012,0.4225649422597836,177.83251178159048,-0.9843202,
Latvia,2008-2012,0.6234313866571819,1702.516707813501,0.604462,28476026451.0
Lesotho,2008-2012,0.5379768533982309,53.43888888888885,,2189956350.2
Libya,2008-2012,0.5806496278828704,376.1711811135719,,68303045801.4
Liechtenstein,2008-2012,0.430325199333694,99.1450126262625,,5172867095.6
Lithuania,2008-2012,0.5311413202544255,8088.922907943849,0.6006038,41726871321.4
Luxembourg,2008-2012,0.730903080571919,1280.9284563724555,,55423059715.6
Macau,2008-2012,,,,
Macedonia,2008-2012,0.7294261450986963,765.9278835056404,-0.1256524,
Madagascar,2008-2012,0.4211780012178293,348.43549100806416,-0.9147104,10691105508.8
Malawi,2008-2012,0.3016157648573454,614.8026686770245,,6500856818.8
Malaysia,2008-2012,0.6851120519748638,23278.363127745997,0.7229922,260096800000.0
Maldives,2008-2012,0.3068101047384722,10.36691729323308,,2573127890.0
Mali,2008-2012,0.4068529967818283,245.15557552702288,,11223174835.0
Malta,2008-2012,0.6281252541876996,438.97154985812125,,8995065538.2
Marshall Islands,2008-2012,0.2842144506155798,6.910714285714283,,164856000.0
Mauritania,2008-2012,0.4654596119142212,33.47074405063531,-1.7847560000000002,5797079751.4
Mauritius,2008-2012,0.5303377717508065,224.6627850907261,,10461992541.2
Mexico,2008-2012,0.7470211632139157,37208.044304293915,1.0086518,1089883000000.0
Monaco,2008-2012,0.3870801834150891,142.00457519285888,,5825521479.8
Mongolia,2008-2012,0.5048968466606408,293.0585396631352,-1.1051614,8019823384.2
Montenegro,2008-2012,0.4174478649718713,359.4035881029792,,4294024530.6
Morocco,2008-2012,0.5232025963013153,4511.3689949055215,-0.5012492,95651526287.4
Mozambique,2008-2012,0.4434215109146925,253.1195141209507,-1.278942,13258889815.4
Namibia,2008-2012,0.4935725643937566,167.97664870776896,-0.49534079999999997,10803321782.8
Nauru,2008-2012,0.0714285714285714,0.5,,70182376.51333334
Nepal,2008-2012,0.4502164089718998,911.4730988233881,,15833633753.0
Netherlands,2008-2012,0.7337391651054415,107245.31343845648,1.0173384,881137400000.0
Netherlands-Antilles,2008-2012,0.4341069084064022,41.44682539682534,,
New Zealand,2008-2012,0.7117254355607987,25835.846755750368,0.1827372,149205000000.0
New-Caledonia,2008-2012,0.3087622769921546,294.1459539428575,,
Nicaragua,2008-2012,0.3482647623018017,131.72109123097462,-0.7479348,9172098498.8
Niger,2008-2012,0.424181116074014,156.98128119867226,,8071748924.0
Nigeria,2008-2012,0.6544194335213785,9373.501506295555,-2.195984,372397400000.0
Niue,2008-2012,,,,
North Korea,2008-2012,0.4799194175076871,74.69896166635291,,
Norway,2008-2012,0.7446031136838548,32816.061648028706,0.5790236,456997200000.0
Oman,2008-2012,0.6788794745595335,1200.5396697047915,-0.438523,62194902470.6
Pakistan,2008-2012,0.5256149086369928,18456.845662981763,-0.6448894000000001,190673600000.0
Palau,2008-2012,0.2439921549582645,10.353571428571422,,193827940.0
Palestine,2008-2012,0.0714285714285714,3.33333333333333,,
Panama,2008-2012,0.2982370809271367,549.0742222696905,0.5124874,31365744840.0
Papua New Guinea,2008-2012,0.505782336493263,190.07464793977917,,15364360741.6
Paraguay,2008-2012,0.4178443051559942,100.8364540649351,-0.5892666,28226908917.2
People's Republic of Congo,2008-2012,,,,
Peru,2008-2012,0.6323739674561137,1440.8770155624554,-0.6864544,150662800000.0
Philippines,2008-2012,0.5927955762789705,2485.4560805894475,0.2629038,212329200000.0
Poland,2008-2012,0.6647585434294738,81236.30782770044,1.0248336,496424200000.0
Portugal,2008-2012,0.8219549322880861,34172.080249777886,0.6686859999999999,240992400000.0
Qatar,2008-2012,0.760759440049865,887.7188912136334,-0.3233688,138559870329.6
Republic of Kosovo,2008-2012,0.1577697791008387,2.566666666666666,,
Republic of Serbia,2008-2012,0.7046065459838604,16513.540010548797,,
Reunion,2008-2012,0.4890151384928256,335.3063659056203,,
Romania,2008-2012,0.5743968801748205,26408.541861160396,0.7113278000000001,181856400000.0
Russia,2008-2012,0.4835641141248759,115695.4597916196,0.1478284,
Rwanda,2008-2012,0.4630015853981116,153.92723067460628,,6327863354.0
Saint-Vincent-et-les-Grenadines,2008-2012,0.1933774359631881,3.9602564102564095,,
Samoa,2008-2012,0.1584435415670858,2.033333333333333,,673015907.8
San Marino,2008-2012,0.3641507833753786,10.777380952380948,,1949862265.0
Sao Tome & Principe,2008-2012,0.147084512466349,3.3852564102564098,,
Saudi Arabia,2008-2012,0.5421889605994572,12832.212360047783,-0.19993640000000001,576863200000.0
Senegal,2008-2012,0.6144400489164046,707.534991852015,-0.8889166,17031099277.2
Senegambia,2008-2012,,,,
Serbia and Montenegro,2008-2012,,,,
Seychelles,2008-2012,0.312660779398815,38.16319444444439,,982117353.0799999
Sierra Leone,2008-2012,0.4191856637740775,52.00107323232317,,2856358848.2
Singapore,2008-2012,0.6815555023661483,31789.21054734946,1.610998,240402200000.0
Slovakia,2008-2012,0.7114744118674564,10014.652253338241,1.319008,
Slovenia,2008-2012,0.6923487059387201,12900.83998884886,1.417894,50435728202.6
Solomon Islands,2008-2012,0.363114095690343,21.685353535353514,,776750182.52
Somalia,2008-2012,0.2029423574986463,4.876623376623374,,
South Africa,2008-2012,0.692081833225362,30342.39060964612,0.0657454,354161400000.0
South Korea,2008-2012,0.6680335882245578,178176.97182898145,1.59047,
South Sudan,2008-2012,,,,13651674284.2
Spain,2008-2012,0.8693290160820575,176625.2416052214,0.9754234,1467022000000.0
Sri Lanka,2008-2012,0.6430053953490642,1474.3861260035249,-0.42610960000000003,54646588344.8
St-Lucia,2008-2012,0.2011025014408717,3.1809523809523794,,
Sudan,2008-2012,0.5613157733098052,729.4658343350334,-1.87302,55376460676.8
Suriname,2008-2012,0.3700036742301991,21.91491702741701,,4235810708.2
Swaziland,2008-2012,0.4488396589678046,92.39922854922845,,
Sweden,2008-2012,0.8087938496006077,66359.17788567462,1.8014379999999999,515326800000.0
Switzerland,2008-2012,0.8822797943221383,67120.7632847864,1.944884,609455400000.0
Syria,2008-2012,0.4667660360029997,862.2773605432966,-0.5514435,
Taiwan,2008-2012,0.6857039289078046,110835.6330586841,,
Tajikistan,2008-2012,0.4173628878852067,152.20180375180365,,5987755978.2
Tanzania,2008-2012,0.481289624095176,1275.7314645652639,-0.9886315999999999,32668904453.4
Thailand,2008-2012,0.6463813655247349,19597.30297644955,0.7377705999999999,336515000000.0
Togo,2008-2012,0.4079684208463684,130.89397729886844,-0.8226696,3570243771.4
Tonga,2008-2012,0.2374437963869911,5.83571428571428,,386501256.94
Trinidad and Tobago,2008-2012,0.6366292279608654,592.5727722454153,-0.6273251999999999,24079586496.8
Tunisia,2008-2012,0.5531136269425796,9644.534184565735,0.12815320000000002,44643438172.8
Turkey,2008-2012,0.767560637687057,103408.48778656403,0.4309112,777476800000.0
Turkmenistan,2008-2012,0.1551441682892694,25.119047619047613,-0.9171676,25293322179.6
Tuvalu,2008-2012,0.0714285714285714,0.0666666666666666,,33119679.912
Uganda,2008-2012,0.4578769254775136,1435.4643195143346,,24070331980.6
Ukraine,2008-2012,0.4059912359135289,18783.92408008983,0.5092852000000001,154376800000.0
United Arab Emirates,2008-2012,0.6870229416615101,3071.0328782582715,-0.026841200000000003,316813200000.0
United Arab Republic,2008-2012,,,,
United Kingdom,2008-2012,0.7169172495901986,341471.24660044344,1.579354,2634604000000.0
United States,2008-2012,0.8054050791955927,1482711.6891278673,1.512168,15178680000000.0
Uruguay,2008-2012,0.645219552802804,1957.3709094711667,0.0775026,40307687093.6
Uzbekistan,2008-2012,0.3472762300798864,1073.753223987352,-0.4747064,46012734719.6
Vanuatu,2008-2012,0.2778149857442334,29.271933621933588,,698536421.1600001
Vatican,2008-2012,0.1486603264078566,19.71045458805499,,
Venezuela,2008-2012,0.7372709763131362,4282.209906929751,-0.7612859999999999,
Vietnam,2008-2012,0.5317322401971617,3403.2349269033757,-0.2683006,122487260819.8
Western Sahara,2008-2012,,,,
Yemen,2008-2012,0.7076530416267764,318.590575944523,-1.354532,
Yugoslavia,2008-2012,,,,
Zambia,2008-2012,0.4056943378774662,376.42267172179766,-0.888028,20493467224.4
Zimbabwe,2008-2012,0.5749678737975419,596.9946893057538,-0.7688476000000001,11467984300.0
Afghanistan,2013-2017,0.3018844260728731,109.06328056290386,,20101493672.8
Albania,2013-2017,0.5439561917252896,456.757571456362,-0.7625567999999999,12454420354.0
Algeria,2013-2017,0.4207752571363006,9903.69879461798,-1.3228624,183393200000.0
Andorra,2013-2017,0.3950514967096902,16.981902537690004,,3030448530.0
Angola,2013-2017,0.4480152398145143,110.96427610471483,-1.24797,124372800000.0
Antarctica,2013-2017,0.0935538902362063,0.9761904761904749,,
Antigua & Barbuda,2013-2017,0.2667718267018107,6.440339732731034,,
Argentina,2013-2017,0.6610077988165224,32349.354560356038,0.01127140000000001,574664200000.0
Armenia,2013-2017,0.4001406410401904,1773.0451613540185,,11071582021.2
Australia,2013-2017,0.7162551128641321,206094.39572370946,-0.26668656,1386868000000.0
Austria,2013-2017,0.8410220341937777,42392.68498688392,1.6658339999999998,413485400000.0
Azerbaijan,2013-2017,0.3733316081816461,1439.080972968031,-1.0409644,56243235715.2
Bahamas,2013-2017,0.4763446574576726,69.9501899908876,,
Bahrain,2013-2017,0.684476419435935,437.52534019598335,,32945361702.2
Bangladesh,2013-2017,0.6291143060730587,4807.545987071722,-1.60732,197816000000.0
Barbados,2013-2017,0.5648714871953071,192.4880291287559,,4779300000.0
Belgium,2013-2017,0.8064524854794665,62678.387529838576,0.928436,499632200000.0
Belize,2013-2017,0.2903786829032856,31.834362317389317,,1715540000.0
Benin,2013-2017,0.4392506690120022,637.5599253091682,,12342651685.6
Bermuda,2013-2017,0.2535646227165971,66.67513779537532,,5573710000.0
Bhutan,2013-2017,0.5126219322546697,105.73403078122013,,2055248349.6
Bolivia,2013-2017,0.496252225831277,397.66595318556944,-1.109664,33621098697.4
Bosnia & Herzegovina,2013-2017,0.7152098773593303,1160.7928268995138,,
Botswana,2013-2017,0.6429709836458876,613.354119883177,-0.6825749999999999,15724992133.2
Brazil,2013-2017,0.6667699424218707,176705.29180087213,0.3667282,2117908000000.0
Brunei,2013-2017,0.7071729409180789,391.13265271006287,,
Bulgaria,2013-2017,0.5104518871713388,7142.8483128863445,0.3205112,55168077745.4
Burkina Faso,2013-2017,0.4253781181926305,630.2461075086741,,13242388192.6
Burma,2013-2017,0.5201273685721015,244.14451655072764,,
Burundi,2013-2017,0.4737874992470717,49.02515828088257,,2878747365.8
Byelarus,2013-2017,0.3851356436269795,2762.94993934952,,
Cambodia,2013-2017,0.4331716801287378,449.8537096991373,-1.1854098,18434900958.4
Cameroon,2013-2017,0.6324629808323685,2229.8592545019314,-0.8750902,33185690705.0
Canada,2013-2017,0.8046398585350931,228293.90490117643,0.8207416000000001,1676998000000.0
Cape Verde,2013-2017,0.4086895047079873,46.61354948972589,,
Central African Republic,2013-2017,0.4090054714743137,44.20778179699206,,1835910349.4
Chad,2013-2017,0.4967836811898978,43.17934599479969,,11588573875.6
Chile,2013-2017,0.6350668573419362,24481.31437598973,-0.17890093999999998,262066000000.0
China,2013-2017,0.5910205842843422,1242048.206693615,0.8294485999999999,10930282000000.0
Ciskei,2013-2017,,,,
Colombia,2013-2017,0.8150003292873944,11794.606901677698,-0.014996239999999994,330283800000.0
Comoros,2013-2017,0.3443429380939953,10.702813852813849,,1064423307.2
Congo,2013-2017,0.4716043740745942,605.3372265796781,,
Cook Islands,2013-2017,0.2174993064505048,5.788572055963355,,
Costa Rica,2013-2017,0.5711872382168863,1289.8245478350984,0.17145459999999998,54147740581.2
Crimea,2013-2017,0.084312763125703,0.2458133971291861,,
Croatia,2013-2017,0.6347578107744059,12225.94229532283,0.7214318,54429413568.2
Cuba,2013-2017,0.7137955317846845,1977.7235634118292,-0.32728650000000004,86631600000.0
Cyprus,2013-2017,0.648639149566054,3064.8700476979607,,22067536443.0
Czech Republic,2013-2017,0.7433884547476773,41628.67007455546,1.605756,203010800000.0
Czechoslovakia,2013-2017,,,,
Denmark,2013-2017,0.8017079109669445,52891.99873133152,1.1114852,328356800000.0
Djibouti,2013-2017,0.2996050281369403,20.734723127114417,,2408560533.4
Dominican Republic,2013-2017,0.512789634711039,136.4712562215782,-0.39597479999999996,71345919786.6
Ecuador,2013-2017,0.6402869846642255,1808.6781509406794,-1.0055656000000002,100075947200.0
Egypt,2013-2017,0.622776634463344,32771.24580012639,-0.374553,
El Salvador,2013-2017,0.4350796658596146,90.43113078202099,-0.3124044,23438666000.0
Equatorial Guinea,2013-2017,0.3272903919431547,9.009313725490191,,16068302130.4
Eritrea,2013-2017,0.4669997525551712,43.739842818471814,,
Estonia,2013-2017,0.592134954775381,5175.456919671595,0.8088434,25189859399.2
Ethiopia,2013-2017,0.4292086249222966,3497.9690136709282,-1.38461,64783436959.6
Fiji,2013-2017,0.4808899348148219,334.55135120744944,,4802652390.2
Finland,2013-2017,0.8341833150967763,39735.54785824595,1.6551259999999999,255190600000.0
France,2013-2017,0.8187338184473719,242570.71671609193,1.32227,2633580000000.0
French-Guiana,2013-2017,0.3739680183652959,189.70318706478378,,
French-Polynesia,2013-2017,0.3573014500287507,194.6186618551002,,
Gabon,2013-2017,0.5087664622110739,231.59082303899206,-1.2159366666666667,15827240152.0
Gambia,2013-2017,0.2959003861285735,165.6491562768206,,
Georgia,2013-2017,0.5188117480441667,1163.3029654863888,-0.23533042,16231036203.2
Germany,2013-2017,0.8910310465535114,359499.9599929973,1.98356,3621960000000.0
Gilbert & Ellice Islands,2013-2017,,,,
Greece,2013-2017,0.8476200653865074,35208.41844165781,-0.006590800000000008,214458600000.0
Grenada,2013-2017,0.3838826495103701,178.71882714461069,,987688370.28
Guadeloupe,2013-2017,0.585196465433953,335.64045058432276,,
Guatemala,2013-2017,0.3432222511834916,259.15658734596127,-0.5320998,62140240963.2
Guinea,2013-2017,0.2932588744203622,107.26305025921833,-1.591415,8977961909.2
Guinea-Bissau,2013-2017,0.2488382622494841,48.54752289993878,,1134431408.0
Guyana,2013-2017,0.4800583839784601,52.42167438342211,,3264355569.4
Haiti,2013-2017,0.3491223389663442,128.17807417403554,,8473064961.2
Hong-Kong,2013-2017,,,,
Hungary,2013-2017,0.8093972370878963,22169.97012382819,1.386622,133903200000.0
Iceland,2013-2017,0.6974469062681088,2511.1143548723403,,19257441772.4
India,2013-2017,0.5562683712303216,265389.4949745866,0.1557632,2189398000000.0
Indonesia,2013-2017,0.7018374427620618,4814.328407707536,-0.2620212,922338000000.0
Iran,2013-2017,0.5735013855919269,134908.93875214714,-0.4168253333333333,
Iraq,2013-2017,0.5321615714745658,3075.267177164182,,203427400000.0
Ireland,2013-2017,0.7840965043415072,24862.033374963634,1.334338,284940400000.0
Israel,2013-2017,0.7649916799394698,48908.995494777206,1.239762,314842200000.0
Italy,2013-2017,0.8616848879568686,236647.60162580686,1.159528,1994790000000.0
Ivory Coast,2013-2017,0.5601771052342799,575.8762022355694,,
Jamaica,2013-2017,0.5961778777590718,539.8300635049479,-0.44431260000000006,14246065034.0
Japan,2013-2017,0.6433629668082731,324398.77331201243,2.314578,4837002000000.0
Jordan,2013-2017,0.7284653095566458,4484.755111562831,-0.09121742,37668642253.4
Kazakhstan,2013-2017,0.5938071515176184,2351.293558489356,-0.34005477999999995,189304600000.0
Kenya,2013-2017,0.4969981589660872,3422.1741217015865,-0.6559868,65741257007.8
Kiribati,2013-2017,0.35632588159858,6.122385464776762,,180308064.24
Kuwait,2013-2017,0.7399856014348903,2398.922635061756,-0.343866,136297200000.0
Kyrgyzstan,2013-2017,0.5690573029911904,229.2176197628777,-0.3494443333333333,
Laos,2013-2017,0.4160349558648405,266.2378422626064,-1.2220833333333332,
Latvia,2013-2017,0.7121869844560202,2090.9121224198157,0.5683233999999999,29350504437.2
Lesotho,2013-2017,0.3865780670264034,67.95047920620205,,2372850369.0
Libya,2013-2017,0.650093574120649,417.968288536244,-1.116604,39713622197.2
Liechtenstein,2013-2017,0.2688020299961732,147.93247257805126,,6421484226.4
Lithuania,2013-2017,0.5854694518162282,7990.2442412703585,0.6563896,45426666764.0
Luxembourg,2013-2017,0.660890876326513,2394.8240091261027,,62092218314.0
Macau,2013-2017,0.1241230428362006,2.199999999999999,,
Macedonia,2013-2017,0.7259425599469803,1129.025858737824,-0.32142499999999996,
Madagascar,2013-2017,0.3922918297887069,409.562358008818,-1.214077,12258893820.4
Malawi,2013-2017,0.2997389379225976,822.1861004156326,-0.5584406666666667,5935247854.2
Malaysia,2013-2017,0.724993473718807,39057.81212582047,0.9088566,316581400000.0
Maldives,2013-2017,0.2414628608058329,24.504834054834035,,4043382842.6
Mali,2013-2017,0.4613300029537186,258.12348908715677,-1.0211856666666665,14021700953.6
Malta,2013-2017,0.6499128652201436,821.0477335819858,,11266194901.0
Marshall Islands,2013-2017,0.3953751910841939,3.8851300731096106,,194087180.0
Mauritania,2013-2017,0.5360995026193092,52.40150813948763,-0.8982680000000001,6627918763.0
Mauritius,2013-2017,0.6240909195901834,332.9465209336981,-0.6280406666666667,12423438074.0
Mexico,2013-2017,0.7287335544131509,49885.97342707782,1.0427094000000001,1199040000000.0
Monaco,2013-2017,0.4429789529438354,161.03514890127394,,6558305512.0
Mongolia,2013-2017,0.516131463804922,419.23256829375373,-1.1283448,11834149580.0
Montenegro,2013-2017,0.4949781148955219,701.1146797288801,,4469688281.2
Morocco,2013-2017,0.5454736239423016,5776.751696151342,-0.7930862000000001,106222600000.0
Mozambique,2013-2017,0.4951525027557372,421.7529205168477,-1.210134,15159491444.4
Namibia,2013-2017,0.5576368224760067,308.2692839233196,-0.355371,11809443057.0
Nauru,2013-2017,0.1832731409345249,2.104192546583849,,99919753.12
Nepal,2013-2017,0.4774453887847022,1496.2542116342654,,21410296788.6
Netherlands,2013-2017,0.7169851026595067,120974.13444673069,1.0965137999999999,830113600000.0
Netherlands-Antilles,2013-2017,0.5553326838001437,33.6999671644905,,
New Zealand,2013-2017,0.7010428740255292,29338.8300623245,0.26971,192575200000.0
New-Caledonia,2013-2017,0.3536079153167321,321.4332014696736,,
Nicaragua,2013-2017,0.381252792370379,132.17878560074274,-1.1904702,12538430067.6
Niger,2013-2017,0.4341324021621811,198.05994846082658,,10418089652.4
Nigeria,2013-2017,0.6876221554876302,8478.841946510018,-1.7386119999999998,471688600000.0
Niue,2013-2017,0.1503036623605022,0.5613354037267072,,
North Korea,2013-2017,0.334167062188183,165.11640720390702,,
Norway,2013-2017,0.7361206433299997,38788.8504640828,0.9574770000000001,434837600000.0
Oman,2013-2017,0.747632030175176,1780.9450134223405,-0.40964105999999995,72868452535.8
Pakistan,2013-2017,0.5664426294589873,30106.307075985293,-0.9238504000000001,265871600000.0
Palau,2013-2017,0.3333995773778023,25.572757315148607,,266671780.0
Palestine,2013-2017,0.689269082518877,213.18641371191575,,
Panama,2013-2017,0.3503988933036461,727.2938200400239,0.09487368,53947980000.0
Papua New Guinea,2013-2017,0.4688000143945942,208.9150463202362,-1.8831,21939465831.8
Paraguay,2013-2017,0.4783643036069794,196.80784954836517,-0.833604,38017820197.0
People's Republic of Congo,2013-2017,,,,
Peru,2013-2017,0.6632058505285692,2182.0122295707715,-0.7562306000000001,198934400000.0
Philippines,2013-2017,0.5819924039135039,3347.517180500986,0.3065382,306988200000.0
Poland,2013-2017,0.71459289372857,104368.95836305904,0.9911958000000001,509124400000.0
Portugal,2013-2017,0.8445352280649723,46695.82578429465,0.3410132,216584800000.0
Qatar,2013-2017,0.7646292120782919,3443.839767187291,0.10742099999999999,177070800000.0
Republic of Kosovo,2013-2017,0.5806007085989422,152.10164633162628,,
Republic of Serbia,2013-2017,0.7923213396565415,19704.675690988635,,
Reunion,2013-2017,0.4326109615816874,353.80285575803623,,
Romania,2013-2017,0.6479511738819603,29008.72018359298,0.686829,193731600000.0
Russia,2013-2017,0.4884333228631595,135491.33367080244,0.5236484,
Rwanda,2013-2017,0.4992378946817452,349.0254863362542,,8540091734.4
Saint-Vincent-et-les-Grenadines,2013-2017,0.3909576016836572,7.746825396825392,,
Samoa,2013-2017,0.3272791608226034,17.683707628763937,,789305832.22
San Marino,2013-2017,0.1968153833848405,25.81683654509739,,1553848058.0
Sao Tome & Principe,2013-2017,0.1811858628637642,4.372320411843183,,
Saudi Arabia,2013-2017,0.5901117798766893,31835.03673009649,0.3211112,698157800000.0
Senegal,2013-2017,0.5587666539933293,899.889626294222,-0.6133482,19314894199.2
Senegambia,2013-2017,,,,
Serbia and Montenegro,2013-2017,,,,
Seychelles,2013-2017,0.2568154793993107,64.3868682588203,,1399959813.8
Sierra Leone,2013-2017,0.3073805747174842,133.2875766036709,,4313719477.8
Singapore,2013-2017,0.7436343222101802,39621.096501780616,1.76799,318189200000.0
Slovakia,2013-2017,0.7366681818659088,11535.238412907445,1.285438,
Slovenia,2013-2017,0.6926812700338822,13187.7215427565,1.4302119999999998,46927192829.2
Solomon Islands,2013-2017,0.3805207856646946,34.86571008861256,,1199359283.0
Somalia,2013-2017,0.2161225180354506,18.167851120772905,,
South Africa,2013-2017,0.697798909663319,41630.64950571408,0.0920142,336253200000.0
South Korea,2013-2017,0.7467850765285671,237388.31410431303,1.7712499999999998,
South Sudan,2013-2017,0.2312123624395479,10.706959706959694,,14795494208.0
Spain,2013-2017,0.8378905189917055,203650.74964049523,0.7599962,1292782000000.0
Sri Lanka,2013-2017,0.6038582445164338,2088.336927728891,-0.7657993999999999,80821500267.2
St-Lucia,2013-2017,0.3832919037787718,12.879348798472767,,
Sudan,2013-2017,0.5658130395841956,830.0018173837651,-1.6695360000000001,58823606106.0
Suriname,2013-2017,0.516849841837725,57.18014751874169,,4302549921.6
Swaziland,2013-2017,0.5351765311572512,95.95245842800979,,
Sweden,2013-2017,0.7985485462433828,78520.09943190863,1.7985659999999999,546116800000.0
Switzerland,2013-2017,0.8917339069544014,79294.71958616356,2.13389,685755600000.0
Syria,2013-2017,0.5747361989052557,812.810991568312,-0.6892585,
Taiwan,2013-2017,0.7449132236034841,111272.347148062,,
Tajikistan,2013-2017,0.4195125409270387,168.92186499137705,-1.10517,7905232020.2
Tanzania,2013-2017,0.5000164875724247,1868.066523117475,-0.9655280000000002,49223713483.0
Thailand,2013-2017,0.6653187515986558,26025.716675429958,0.757057,419738600000.0
Togo,2013-2017,0.4815042172173556,143.786253777498,-0.567096,4476887508.6
Tonga,2013-2017,0.2619430772237665,7.858660611433481,,432263819.88
Trinidad and Tobago,2013-2017,0.6446532142485939,559.5033477499368,-0.1483736,24941364897.2
Tunisia,2013-2017,0.5583954862042018,13026.333340673258,-0.1112136,43732101887.4
Turkey,2013-2017,0.7920549049233506,123751.17112803672,0.22530160000000002,892192200000.0
Turkmenistan,2013-2017,0.1899076614049759,29.31071428571426,-1.3170866666666667,38525550877.2
Tuvalu,2013-2017,0.1438095513045919,1.893478260869565,,37491761.688
Uganda,2013-2017,0.4246921695999702,2095.5077527001436,-0.4252036666666667,30575648480.0
Ukraine,2013-2017,0.4040827282988848,15221.21230486021,0.478568,122677990616.8
United Arab Emirates,2013-2017,0.7415950295408982,5436.462607151243,-0.021802160000000004,378806200000.0
United Arab Republic,2013-2017,,,,
United Kingdom,2013-2017,0.6867167777317758,372297.67349102016,1.516558,2827784000000.0
United States,2013-2017,0.7888395850084652,1598332.98766858,1.618476,18143680000000.0
Uruguay,2013-2017,0.6880807336534898,2676.83133594011,-0.0149702,56051850291.4
Uzbekistan,2013-2017,0.3791935439028135,965.3647476462853,-0.8723426666666666,73688415789.8
Vanuatu,2013-2017,0.2679258357487395,41.86526547778055,,812161632.62
Vatican,2013-2017,0.1267016399640645,22.482015586752393,,
Venezuela,2013-2017,0.6385112152044428,2818.021522674441,-0.755115,
Vietnam,2013-2017,0.5302315754475637,8070.329816195897,-0.47226280000000004,195944800000.0
Western Sahara,2013-2017,0.0714285714285714,0.25,,
Yemen,2013-2017,0.6104324296821124,440.44894152424246,-0.99648375,
Yugoslavia,2013-2017,,,,
Zambia,2013-2017,0.4422479050810581,607.3145894828848,-0.475488,24652482200.2
Zimbabwe,2013-2017,0.5532881581989819,1009.9370071639783,-0.8217040000000001,20227848120.0
